ride_id,user_id,pickup_city,pickup_latitude,pickup_longitude,dropoff_latitude,dropoff_longitude,pickup_datetime,dropoff_datetime,ride_status,vehicle_type,distance_miles,duration_minutes,fare_amount_usd,tip_amount_usd,surge_multiplier,payment_method,ride_purpose,user_rating,wait_time_minutes
1858652,4445151,Denver,39.69068,-104.95743,39.74515,-104.99402,2023-05-16 00:00:14,2023-05-16 00:13:14,Completed,Sedan,4.24,13,10.13,8.55,1.0,App Wallet,Business Meeting,5,10
7109203,5373434,Miami,25.84306,-80.12099,25.68889,-80.09891,2022-08-01 14:24:47,2022-08-01 14:45:47,Completed,Sedan,10.74,21,21.83,0.58,1.0,Credit Card,Daily Commute,5,12
8252822,4433729,Chicago,41.89486,-87.61603,41.9559,-87.69962,2024-07-01 06:46:23,2024-07-01 07:01:23,Cancelled,Sedan,6.02,15,0.0,0.0,1.5,Promo Credit,Event,,15
9681062,2546671,New York,40.78561,-74.04873,40.78384,-73.94552,2024-12-24 02:50:37,2024-12-24 03:01:37,Completed,Electric Sedan,5.4,11,13.3,1.59,1.0,Debit Card,Daily Commute,3,1
8581227,1026404,Austin,30.33604,-97.69145,30.30006,-97.79089,2023-06-22 09:02:49,2023-06-22 09:19:49,Disputed,SUV,6.43,17,0.0,0.0,1.2,Corporate,Night Out,,10
4733060,2848143,Chicago,41.89584,-87.57865,41.78815,-87.61705,2022-10-29 09:40:52,2022-10-29 09:55:52,Completed,Sedan,7.7,15,29.45,0.4,1.8,Debit Card,Tourist,5,3
6514857,4416199,New York,40.69075,-73.98876,40.75575,-73.97382,2022-12-21 11:45:09,2022-12-21 12:11:09,Completed,Compact,4.56,26,14.01,0.81,1.5,Debit Card,Food Delivery,3,4
1666949,5956844,Austin,30.30561,-97.65356,30.30971,-97.74661,2022-02-22 16:08:08,2022-02-22 16:28:08,Cancelled,Luxury,5.56,20,0.0,0.0,1.2,App Wallet,Business Meeting,,20
6783918,7635895,Boston,42.30923,-71.14547,42.33093,-71.09152,2024-11-18 05:59:10,2024-11-18 06:11:10,Completed,Sedan,3.14,12,8.15,0.83,1.0,App Wallet,Airport Transfer,1,5
7106256,5961842,Nashville,36.2565,-86.78702,36.08019,-86.80495,2024-11-16 01:10:31,2024-11-16 02:03:31,Cancelled,Compact,12.22,53,0.0,0.0,1.5,Credit Card,Medical Appointment,,3
8562490,4806029,New York,40.71097,-74.00587,40.80675,-74.05956,2024-12-17 21:15:49,2024-12-17 21:57:49,Completed,Sedan,7.19,42,15.44,3.23,1.0,Credit Card,School Run,5,4
9569688,8325429,Los Angeles,34.03474,-118.20817,34.08184,-118.30935,2024-10-10 13:11:04,2024-10-10 13:33:04,Cancelled,Minivan,6.64,22,0.0,0.0,1.0,App Wallet,Business Meeting,,4
6061655,6989795,Los Angeles,34.03532,-118.17348,34.06687,-118.19284,2022-05-26 10:33:36,2022-05-26 10:46:36,Completed,Minivan,2.45,13,11.1,3.14,1.5,Debit Card,Shopping,5,4
2920325,5428220,Austin,30.29674,-97.77154,30.23168,-97.83875,2024-12-20 23:07:31,2024-12-20 23:31:31,Completed,Sedan,6.02,24,13.34,1.48,1.0,Credit Card,Daily Commute,4,1
4061240,3883645,New York,40.65063,-73.98413,40.78071,-73.93222,2022-04-06 14:42:44,2022-04-06 15:04:44,No-show,Electric Sedan,9.39,22,0.0,0.0,1.0,Credit Card,Airport Transfer,,4
9038436,4382990,San Francisco,37.74881,-122.48322,37.74831,-122.4306,2022-09-08 03:25:48,2022-09-08 03:37:48,Completed,Sedan,2.87,12,11.5,0.57,1.5,Debit Card,Daily Commute,5,20
5228420,7749867,Austin,30.20347,-97.76103,30.24568,-97.75061,2024-10-28 13:31:20,2024-10-28 13:42:20,Completed,Sedan,2.98,11,9.44,0.12,1.2,Debit Card,Medical Appointment,3,3
5741342,4131085,Phoenix,33.50675,-112.10997,33.48405,-112.09687,2023-03-27 03:39:05,2023-03-27 03:47:05,Completed,Compact,1.74,8,5.11,0.96,1.0,Debit Card,Shopping,3,6
3422633,5003324,Miami,25.84846,-80.12658,25.79696,-80.22811,2024-11-10 15:14:45,2024-11-10 15:29:45,Completed,Sedan,7.25,15,18.66,5.21,1.2,Corporate,Airport Transfer,5,6
4405437,7265477,Las Vegas,36.26558,-115.14865,36.22951,-115.15414,2023-01-03 13:05:31,2023-01-03 13:12:31,Completed,Minivan,2.51,7,15.04,0.01,2.0,Debit Card,Business Meeting,3,10
4323977,4682515,Phoenix,33.46922,-112.16586,33.42655,-112.07568,2022-03-11 06:56:01,2022-03-11 07:08:01,Completed,Sedan,5.98,12,15.92,0.31,1.2,Credit Card,Food Delivery,5,3
4604205,7983518,Las Vegas,36.23426,-115.09227,36.25655,-115.15012,2023-04-28 13:53:06,2023-04-28 14:04:06,Completed,Luxury,3.57,11,14.99,0.44,1.0,Debit Card,Airport Transfer,5,20
2532713,7124171,Chicago,41.8656,-87.70499,41.93296,-87.66686,2023-09-15 04:33:35,2023-09-15 04:59:35,Completed,SUV,5.05,26,13.61,1.58,1.0,Credit Card,Airport Transfer,4,3
8644799,7928646,Seattle,47.5589,-122.32344,47.62863,-122.36816,2022-07-24 14:21:41,2022-07-24 14:31:41,Completed,Sedan,5.25,10,11.95,0.29,1.0,Credit Card,Daily Commute,3,5
5079853,4635860,Los Angeles,33.97971,-118.24203,34.00766,-118.27966,2024-05-24 12:22:50,2024-05-24 12:37:50,Cancelled,Electric SUV,2.89,15,0.0,0.0,1.0,App Wallet,Medical Appointment,,2
7139749,9701824,Minneapolis,45.03959,-93.19518,44.98817,-93.21947,2024-10-28 13:00:39,2024-10-28 13:20:39,Completed,Electric Sedan,3.75,20,18.0,5.31,1.8,Debit Card,Daily Commute,1,4
4190926,9325363,New York,40.76678,-73.91547,40.7975,-73.98776,2022-07-24 20:12:44,2022-07-24 20:28:44,Completed,Sedan,4.34,16,10.31,0.72,1.0,Corporate,Airport Transfer,5,5
2050680,8243757,Los Angeles,34.12651,-118.31304,34.12907,-118.33546,2022-12-10 02:26:08,2022-12-10 02:33:08,Completed,Compact,1.29,7,5.32,0.01,1.2,Corporate,Medical Appointment,4,2
5176743,3659905,Boston,42.42733,-71.01588,42.40199,-71.03669,2024-05-21 20:14:29,2024-05-21 20:19:29,Completed,Electric SUV,2.05,5,7.42,3.05,1.0,App Wallet,Airport Transfer,5,3
8919623,7265477,Las Vegas,36.19526,-115.10683,36.14808,-115.18844,2024-04-16 16:15:58,2024-04-16 16:36:58,Completed,Compact,5.6,21,10.9,0.96,1.0,Credit Card,Shopping,3,5
5020380,5310686,San Francisco,37.85374,-122.42174,37.83243,-122.48851,2024-11-06 13:27:04,2024-11-06 13:34:04,Completed,Sedan,3.93,7,9.57,0.18,1.0,App Wallet,Medical Appointment,2,10
7498306,9930977,Portland,45.54168,-122.66767,45.48613,-122.63791,2024-07-26 03:58:07,2024-07-26 04:16:07,Completed,Sedan,4.1,18,17.78,5.7,1.8,Credit Card,Daily Commute,4,4
6372208,1974038,Houston,29.81474,-95.44513,29.731,-95.33064,2024-08-05 01:42:03,2024-08-05 02:18:03,No-show,Luxury,8.98,36,0.0,0.0,1.2,Credit Card,Airport Transfer,,6
4785622,4445151,Phoenix,33.4249,-112.16919,33.5142,-112.04392,2024-10-16 13:59:31,2024-10-16 14:53:31,Completed,SUV,9.5,54,23.4,8.48,1.0,Credit Card,Airport Transfer,2,5
2848551,4853456,Detroit,42.23563,-83.12171,42.42741,-82.95332,2023-02-24 18:51:15,2023-02-24 20:17:15,Completed,SUV,15.8,86,37.26,10.28,1.0,App Wallet,Shopping,4,5
5348583,4443876,Minneapolis,44.9651,-93.31978,44.98017,-93.3245,2023-10-12 19:50:21,2023-10-12 19:54:21,Completed,Sedan,1.07,4,4.43,0.34,1.0,Credit Card,Daily Commute,5,4
8091765,5072373,Nashville,36.22321,-86.77936,36.23075,-86.80734,2023-07-23 08:44:50,2023-07-23 08:49:50,Completed,Compact,1.64,5,7.44,5.19,1.5,App Wallet,Daily Commute,1,8
3774358,2375010,Seattle,47.54124,-122.29269,47.56055,-122.2679,2023-09-20 10:37:05,2023-09-20 10:44:05,In Progress,SUV,1.77,7,0.0,0.0,1.2,App Wallet,Medical Appointment,,3
8052084,8583295,San Francisco,37.71411,-122.45999,37.78732,-122.4574,2024-04-09 21:53:49,2024-04-09 22:21:49,Completed,Electric Sedan,5.06,28,12.62,0.39,1.0,App Wallet,Night Out,5,4
9593170,3095147,San Francisco,37.85743,-122.41852,37.74008,-122.38083,2022-10-18 23:13:57,2022-10-18 23:42:57,No-show,Compact,8.37,29,0.0,0.0,1.0,App Wallet,Medical Appointment,,5
1990270,3893521,Orlando,28.51763,-81.33396,28.52656,-81.36349,2024-09-14 13:50:45,2024-09-14 13:57:45,Completed,Sedan,1.9,7,8.88,8.5,1.5,Debit Card,Airport Transfer,5,8
8004367,4108332,Las Vegas,36.18397,-115.0856,36.15073,-115.19958,2023-06-10 07:41:11,2023-06-10 08:02:11,Completed,Compact,6.76,21,12.64,3.55,1.0,App Wallet,Night Out,5,5
3500473,3487906,Austin,30.24021,-97.71212,30.28373,-97.82836,2022-04-25 05:01:51,2022-04-25 05:41:51,Completed,Sedan,7.56,40,24.16,3.76,1.5,App Wallet,Airport Transfer,4,8
3983294,6913136,San Francisco,37.73181,-122.33795,37.81299,-122.4604,2024-09-04 23:40:29,2024-09-04 23:58:29,Disputed,Sedan,8.73,18,0.0,0.0,1.2,App Wallet,Business Meeting,,3
6762455,8096749,San Francisco,37.67795,-122.50176,37.77445,-122.50906,2024-09-29 21:34:52,2024-09-29 22:06:52,Cancelled,Minivan,6.68,32,0.0,0.0,1.2,App Wallet,Event,,10
6016866,9069468,New York,40.68489,-73.97184,40.77165,-74.02684,2022-01-16 05:27:49,2022-01-16 05:45:49,Completed,Sedan,6.65,18,28.94,1.3,2.0,App Wallet,Daily Commute,5,8
1697547,9728231,Los Angeles,34.02575,-118.23394,34.14205,-118.28957,2024-05-28 21:27:59,2024-05-28 22:12:59,Disputed,Luxury,8.64,45,0.0,0.0,1.0,Credit Card,Daily Commute,,3
9607373,7391744,San Diego,32.76155,-117.22951,32.67252,-117.24193,2022-01-18 02:28:46,2022-01-18 03:01:46,Completed,Sedan,6.19,33,16.37,10.4,1.2,Debit Card,Night Out,5,4
1179786,8702130,Los Angeles,34.14599,-118.26769,33.99942,-118.17423,2023-08-21 02:22:54,2023-08-21 03:10:54,No-show,Sedan,11.45,48,0.0,0.0,1.2,App Wallet,Medical Appointment,,2
1990828,7955686,San Francisco,37.69078,-122.35764,37.69354,-122.49517,2022-11-13 17:43:47,2022-11-13 18:09:47,Cancelled,Electric Sedan,7.52,26,0.0,0.0,1.5,Corporate,Airport Transfer,,4
5949217,9010779,New York,40.72407,-74.09366,40.68668,-73.94967,2023-10-02 23:34:56,2023-10-03 00:10:56,Completed,Electric Sedan,7.97,36,18.44,10.35,1.0,Crypto,Airport Transfer,4,5
9986652,5713546,San Diego,32.68028,-117.10218,32.66679,-117.2493,2024-10-24 17:08:29,2024-10-24 17:48:29,Completed,Sedan,8.61,40,18.0,1.63,1.0,App Wallet,Daily Commute,5,4
9594816,9757424,Minneapolis,44.8981,-93.17158,44.91925,-93.36348,2023-05-18 03:54:37,2023-05-18 04:43:37,Completed,SUV,9.5,49,23.4,0.88,1.0,Crypto,Shopping,5,5
6923664,1334204,San Francisco,37.73991,-122.4964,37.81453,-122.50975,2024-02-20 20:07:02,2024-02-20 20:23:02,Cancelled,Compact,5.21,16,0.0,0.0,1.0,App Wallet,Event,,2
8581762,1908213,Los Angeles,34.05761,-118.14489,34.11285,-118.18221,2024-02-28 19:24:08,2024-02-28 19:40:08,Completed,SUV,4.37,16,14.54,0.58,1.2,Debit Card,Medical Appointment,5,4
7484147,1763831,Los Angeles,34.1317,-118.27504,33.96938,-118.33833,2024-11-23 15:49:07,2024-11-23 16:38:07,Completed,SUV,11.79,49,56.88,2.32,2.0,Debit Card,Airport Transfer,5,8
1676942,7449765,Los Angeles,34.14564,-118.23842,33.96446,-118.23928,2022-01-31 12:18:42,2022-01-31 13:25:42,Completed,Electric Sedan,12.52,67,27.54,0.04,1.0,Debit Card,School Run,4,4
9698433,1416408,Atlanta,33.74193,-84.43401,33.76505,-84.41158,2024-02-06 05:49:55,2024-02-06 06:00:55,Completed,Sedan,2.05,11,6.19,0.23,1.0,Credit Card,Food Delivery,5,5
5796364,1294980,Los Angeles,33.98169,-118.1408,34.08167,-118.20591,2024-12-26 18:44:39,2024-12-26 19:18:39,Completed,Luxury,7.85,34,53.95,15.5,1.8,Crypto,Food Delivery,3,4
4989945,1553728,Atlanta,33.73015,-84.41559,33.6571,-84.45186,2024-08-31 10:26:42,2024-08-31 10:40:42,Completed,Compact,5.46,14,10.69,3.45,1.0,Debit Card,Shopping,3,8
5022311,1573140,Nashville,36.24709,-86.81126,36.21266,-86.78294,2023-09-26 17:22:21,2023-09-26 17:35:21,Completed,Compact,2.85,13,16.94,3.26,2.5,Credit Card,Business Meeting,1,6
9916730,4839930,Los Angeles,34.14603,-118.28313,33.97268,-118.33498,2022-06-21 08:35:59,2022-06-21 09:00:59,Completed,Electric Sedan,12.34,25,54.36,5.59,2.0,Crypto,Airport Transfer,5,5
2472812,2252093,San Diego,32.67364,-117.19278,32.68592,-117.12753,2022-11-07 00:47:10,2022-11-07 00:56:10,Completed,Electric SUV,3.89,9,14.2,0.27,1.2,Promo Credit,Night Out,4,2
3036025,6381199,Chicago,41.86775,-87.6692,41.91234,-87.57916,2022-10-13 20:54:23,2022-10-13 21:26:23,Completed,Luxury,5.56,32,26.35,0.61,1.2,Promo Credit,Shopping,2,10
3136246,2058890,Detroit,42.29993,-83.07789,42.26106,-83.10389,2022-10-10 20:32:05,2022-10-10 20:40:05,No-show,Electric Sedan,3.0,8,0.0,0.0,2.0,App Wallet,Tourist,,3
6045504,7018475,San Francisco,37.73322,-122.40431,37.84623,-122.38883,2024-12-09 06:49:44,2024-12-09 07:22:44,No-show,SUV,7.85,33,0.0,0.0,2.0,Credit Card,Daily Commute,,5
3366226,3757392,Los Angeles,34.14691,-118.26648,34.11844,-118.30811,2022-12-28 23:50:31,2022-12-29 00:01:31,Completed,SUV,3.09,11,9.3,5.63,1.0,App Wallet,Business Meeting,5,8
9279131,5234399,Phoenix,33.41711,-112.09839,33.54145,-112.10536,2024-10-13 22:37:58,2024-10-13 22:58:58,Completed,Minivan,8.6,21,23.64,2.47,1.2,Debit Card,Daily Commute,4,20
6135874,8764565,Atlanta,33.8069,-84.45074,33.68655,-84.38939,2022-11-07 08:28:09,2022-11-07 09:20:09,Completed,Electric Sedan,9.03,52,20.56,0.29,1.0,Debit Card,Airport Transfer,5,5
5611544,3344693,Detroit,42.32487,-83.09512,42.26376,-82.9634,2022-11-06 07:50:54,2022-11-06 08:12:54,Completed,SUV,7.95,22,19.99,0.34,1.0,Promo Credit,Airport Transfer,4,2
3254780,9473056,Portland,45.60895,-122.70711,45.56787,-122.67538,2022-09-18 22:44:03,2022-09-18 23:02:03,Cancelled,Sedan,3.23,18,0.0,0.0,1.2,Corporate,Medical Appointment,,2
9850585,9600124,Chicago,41.85483,-87.59525,41.9682,-87.59904,2023-06-16 00:27:32,2023-06-16 01:08:32,Completed,Compact,7.84,41,17.11,2.26,1.2,App Wallet,Daily Commute,5,8
8232197,6074794,Chicago,41.82265,-87.62779,41.86371,-87.53642,2023-01-03 20:59:00,2023-01-03 21:17:00,Completed,Minivan,5.49,18,20.22,0.3,1.5,App Wallet,Shopping,5,8
7560250,7471884,New York,40.74698,-73.94597,40.76164,-73.93405,2024-07-13 16:14:43,2024-07-13 16:19:43,Completed,Electric Sedan,1.19,5,5.86,0.58,1.2,App Wallet,Airport Transfer,4,5
7022111,3071343,Chicago,41.90381,-87.60298,41.84666,-87.60432,2024-12-02 01:49:36,2024-12-02 02:11:36,In Progress,Sedan,3.95,22,0.0,0.0,1.2,Credit Card,Shopping,,10
5711837,1853544,Chicago,41.85245,-87.58834,41.94298,-87.70844,2023-02-06 01:00:06,2023-02-06 01:37:06,Completed,SUV,8.79,37,26.21,0.67,1.2,Credit Card,Tourist,4,4
2381888,5428220,Las Vegas,36.07154,-115.14917,36.22763,-115.12836,2024-02-23 10:44:49,2024-02-23 11:20:49,Completed,Sedan,10.85,36,22.03,0.86,1.0,Crypto,Daily Commute,2,8
7376361,1908213,Los Angeles,34.01517,-118.18493,34.11862,-118.23549,2023-02-07 07:31:39,2023-02-07 08:15:39,Completed,Compact,7.71,44,21.1,0.54,1.5,Credit Card,Airport Transfer,5,3
6126035,5849348,Phoenix,33.3527,-112.15587,33.39632,-112.108,2022-05-24 06:35:01,2022-05-24 06:53:01,Completed,Sedan,4.09,18,24.66,0.3,2.5,Credit Card,Daily Commute,4,2
4931003,8537039,Dallas,32.80667,-96.8665,32.84335,-96.85321,2023-09-24 21:57:44,2023-09-24 22:05:44,No-show,SUV,2.65,8,0.0,0.0,1.5,Credit Card,School Run,,5
6642764,9337796,Chicago,41.83517,-87.59132,41.84512,-87.69098,2022-04-18 21:29:35,2022-04-18 21:48:35,Completed,Sedan,5.18,19,17.74,0.58,1.5,Credit Card,Night Out,5,4
8097955,4510089,Boston,42.4016,-71.10328,42.37525,-71.1113,2022-06-22 21:53:20,2022-06-22 22:02:20,Completed,Sedan,1.87,9,10.56,0.14,1.8,App Wallet,Night Out,5,6
2402767,3273863,San Francisco,37.75651,-122.4797,37.69447,-122.50754,2023-03-23 15:46:26,2023-03-23 15:55:26,Completed,Sedan,4.55,9,16.04,2.34,1.5,Credit Card,Daily Commute,2,20
2082171,8836487,Portland,45.60062,-122.60057,45.46541,-122.67455,2022-04-12 14:35:58,2022-04-12 15:22:58,Completed,Compact,10.0,47,17.5,0.21,1.0,Debit Card,Night Out,4,3
9587803,3850158,Dallas,32.74897,-96.7861,32.69749,-96.73668,2022-06-14 00:28:22,2022-06-14 00:40:22,Completed,Minivan,4.57,12,11.64,15.14,1.0,Credit Card,School Run,3,5
6703880,3297376,Los Angeles,34.10284,-118.3191,34.05691,-118.21377,2022-03-27 00:06:21,2022-03-27 00:30:21,Completed,Electric Sedan,6.81,24,24.18,3.15,1.5,App Wallet,Daily Commute,5,4
9245651,8128656,Miami,25.72609,-80.16284,25.75055,-80.28256,2023-01-28 05:01:41,2023-01-28 05:44:41,Completed,Minivan,7.64,43,26.67,2.07,1.5,Debit Card,Medical Appointment,5,4
4024836,7130304,Houston,29.67254,-95.40216,29.69572,-95.36968,2023-01-27 09:32:54,2023-01-27 09:37:54,Completed,SUV,2.52,5,14.48,0.2,1.8,App Wallet,Shopping,4,2
2325452,8963078,Boston,42.40796,-71.01359,42.28332,-71.10867,2022-04-19 11:01:44,2022-04-19 11:33:44,Completed,Electric SUV,9.89,32,78.71,15.62,3.0,App Wallet,Shopping,4,10
1953046,6831696,Boston,42.29867,-71.00037,42.45119,-71.05081,2024-11-20 09:14:14,2024-11-20 09:53:14,Completed,SUV,10.85,39,26.37,0.56,1.0,Debit Card,Business Meeting,5,4
6150137,4660409,Chicago,41.95404,-87.61342,41.8122,-87.66827,2024-10-12 05:14:41,2024-10-12 06:13:41,Completed,Compact,10.2,59,53.4,0.15,3.0,Credit Card,Night Out,5,2
1496742,4239787,Chicago,41.96064,-87.70754,41.8783,-87.68702,2022-01-30 06:25:54,2022-01-30 06:41:54,No-show,Luxury,5.79,16,0.0,0.0,1.5,Credit Card,Daily Commute,,8
9078175,6644502,Denver,39.74198,-105.01976,39.74926,-104.8946,2022-01-19 10:50:49,2022-01-19 11:04:49,Completed,Compact,6.67,14,12.5,0.08,1.0,Debit Card,Airport Transfer,5,10
9054803,6581450,Detroit,42.4263,-82.97012,42.25695,-83.12257,2022-05-19 16:32:34,2022-05-19 17:45:34,Completed,Luxury,14.05,73,77.51,0.61,1.5,Debit Card,Medical Appointment,2,8
7749616,4742150,Minneapolis,45.06564,-93.23863,44.91769,-93.32999,2022-05-14 10:40:40,2022-05-14 11:21:40,Cancelled,Compact,11.15,41,0.0,0.0,1.0,Promo Credit,School Run,,2
1090585,4602078,San Francisco,37.84465,-122.43971,37.68907,-122.45028,2023-01-08 22:08:19,2023-01-08 23:10:19,Completed,Compact,10.77,62,18.66,5.84,1.0,App Wallet,Shopping,5,10
4954859,2978051,Los Angeles,34.03345,-118.25837,33.96743,-118.27398,2024-05-03 11:31:11,2024-05-03 11:58:11,Completed,SUV,4.65,27,15.28,0.07,1.2,Promo Credit,Event,5,4
6927828,5056701,San Diego,32.74766,-117.06003,32.69632,-117.10402,2024-07-07 02:28:18,2024-07-07 02:47:18,Completed,Sedan,4.37,19,18.66,0.29,1.8,Debit Card,Night Out,5,5
8217114,9154277,Las Vegas,36.08444,-115.09245,36.13472,-115.04711,2022-07-13 20:37:17,2022-07-13 20:50:17,Completed,Sedan,4.3,13,10.24,3.78,1.0,App Wallet,Night Out,5,3
3843025,6387028,San Francisco,37.84503,-122.51004,37.71906,-122.50897,2022-07-29 07:09:09,2022-07-29 07:56:09,Completed,Luxury,8.7,47,32.95,5.37,1.0,Credit Card,Shopping,2,8
2851773,6091209,New York,40.69199,-73.9576,40.68057,-74.0949,2024-09-10 00:44:04,2024-09-10 01:24:04,Completed,Compact,7.24,40,13.36,2.37,1.0,Debit Card,Food Delivery,5,8
9260856,4100874,Phoenix,33.45839,-112.06024,33.51034,-112.04392,2024-03-23 14:22:26,2024-03-23 14:34:26,Cancelled,Luxury,3.71,12,0.0,0.0,1.2,Credit Card,Daily Commute,,6
2989282,6669327,Houston,29.7427,-95.46214,29.74601,-95.38968,2024-05-24 21:09:50,2024-05-24 21:23:50,Completed,Electric Sedan,4.35,14,11.2,0.15,1.0,Crypto,Business Meeting,4,4
7143227,3153148,San Francisco,37.71772,-122.48334,37.86628,-122.45646,2023-08-13 09:29:05,2023-08-13 09:55:05,Completed,Compact,10.37,26,18.05,0.36,1.0,Credit Card,Daily Commute,5,5
1382929,1438146,Minneapolis,44.88639,-93.36961,44.96104,-93.21015,2024-12-28 07:16:12,2024-12-28 07:59:12,Completed,Sedan,9.35,43,57.99,2.15,3.0,Credit Card,Airport Transfer,5,3
7823323,3613965,Atlanta,33.75845,-84.47841,33.79799,-84.42974,2024-09-21 02:00:23,2024-09-21 02:19:23,Cancelled,Compact,3.91,19,0.0,0.0,1.0,App Wallet,Daily Commute,,4
4471082,3612213,Phoenix,33.42917,-112.03461,33.35363,-112.11816,2023-06-02 18:36:20,2023-06-02 19:14:20,Completed,Luxury,7.1,38,54.7,1.22,2.0,App Wallet,Food Delivery,5,4
8533931,3374074,San Diego,32.76198,-117.17257,32.73794,-117.2104,2024-05-22 17:06:52,2024-05-22 17:17:52,No-show,SUV,2.76,11,0.0,0.0,1.0,App Wallet,Medical Appointment,,8
7721150,5182063,Las Vegas,36.12776,-115.08782,36.21726,-115.06694,2022-12-30 07:45:18,2022-12-30 08:08:18,Completed,Electric Sedan,6.29,23,15.08,3.46,1.0,Corporate,Daily Commute,5,12
6724885,9292540,Los Angeles,34.1022,-118.19641,34.14296,-118.19402,2022-10-29 13:54:46,2022-10-29 14:10:46,Completed,SUV,2.82,16,8.7,0.41,1.0,Debit Card,Daily Commute,5,8
4881654,1416408,San Francisco,37.67488,-122.3305,37.86379,-122.40595,2024-09-24 07:25:26,2024-09-24 07:58:26,Completed,Sedan,13.69,33,27.14,0.67,1.0,Debit Card,Shopping,5,3
7018189,4644313,Chicago,41.92883,-87.63449,41.85312,-87.5726,2022-09-26 08:53:40,2022-09-26 09:24:40,Cancelled,SUV,6.12,31,0.0,0.0,1.2,App Wallet,School Run,,6
2849429,1098123,Houston,29.85047,-95.38139,29.74082,-95.33773,2023-06-30 03:51:16,2023-06-30 04:12:16,Completed,SUV,8.02,21,20.14,1.13,1.0,Credit Card,Medical Appointment,5,5
6176352,6957760,Los Angeles,33.97171,-118.30097,34.03133,-118.25594,2022-06-09 12:51:04,2022-06-09 13:16:04,Completed,Luxury,4.86,25,19.51,1.72,1.0,Promo Credit,Airport Transfer,5,3
6203001,1961533,Houston,29.8093,-95.34814,29.77056,-95.38731,2024-02-18 06:29:53,2024-02-18 06:43:53,Completed,Sedan,3.56,14,13.36,0.73,1.5,Credit Card,Medical Appointment,5,5
6606984,3288510,Los Angeles,33.97572,-118.32454,33.95817,-118.23312,2024-07-21 11:41:44,2024-07-21 11:59:44,Completed,Compact,5.38,18,12.68,0.87,1.2,App Wallet,Airport Transfer,5,10
1019271,5599458,San Francisco,37.78265,-122.3624,37.82607,-122.3615,2022-09-07 11:46:06,2022-09-07 12:01:06,No-show,Minivan,3.0,15,0.0,0.0,1.0,Debit Card,Food Delivery,,6
5064560,6044881,Chicago,41.95959,-87.6036,41.81104,-87.72329,2022-11-12 03:11:11,2022-11-12 03:58:11,Completed,Minivan,11.97,47,26.44,1.69,1.0,App Wallet,Business Meeting,5,3
4237248,4615791,Los Angeles,33.95086,-118.21332,34.09897,-118.24392,2024-04-22 12:56:46,2024-04-22 13:43:46,Completed,SUV,10.38,47,50.67,0.76,2.0,Credit Card,Daily Commute,5,15
6279841,9477455,Austin,30.30822,-97.70586,30.19992,-97.68202,2023-01-27 05:49:35,2023-01-27 06:34:35,Completed,Compact,7.62,45,13.93,0.02,1.0,Corporate,Event,5,8
3243921,5618863,New York,40.74125,-74.0476,40.76001,-73.97604,2024-04-30 20:06:36,2024-04-30 20:18:36,Completed,SUV,3.96,12,11.21,8.75,1.0,Credit Card,Night Out,5,10
5951859,8149522,Phoenix,33.45722,-112.1606,33.42371,-112.00832,2022-12-18 23:56:05,2022-12-19 00:37:05,Completed,Minivan,9.08,41,20.66,0.51,1.0,App Wallet,Daily Commute,5,1
4107191,1527475,Nashville,36.09464,-86.71176,36.17096,-86.81505,2022-05-01 10:26:27,2022-05-01 10:54:27,Completed,Electric Sedan,7.81,28,18.12,2.26,1.0,Credit Card,Tourist,4,5
2055177,9938970,Houston,29.7417,-95.33896,29.70384,-95.40039,2024-04-15 08:42:25,2024-04-15 09:00:25,Completed,SUV,4.52,18,12.44,0.8,1.0,Credit Card,Daily Commute,4,1
1871340,3424948,New York,40.76155,-74.108,40.76804,-73.99252,2024-07-14 19:51:10,2024-07-14 20:18:10,Completed,SUV,6.06,27,47.5,0.62,3.0,Credit Card,Shopping,5,5
7629451,7467075,Minneapolis,44.9042,-93.20671,44.93518,-93.29049,2022-04-12 15:07:31,2022-04-12 15:28:31,Cancelled,SUV,4.62,21,0.0,0.0,1.0,Debit Card,Airport Transfer,,5
1513658,5363664,Los Angeles,34.02171,-118.31794,34.05238,-118.15827,2023-05-08 08:05:06,2023-05-08 08:28:06,Completed,Sedan,9.38,23,23.26,5.96,1.2,Credit Card,Night Out,4,3
8339560,6655606,Los Angeles,34.10902,-118.33847,33.99681,-118.20071,2022-06-25 07:28:04,2022-06-25 08:10:04,Cancelled,Minivan,11.06,42,0.0,0.0,1.0,Credit Card,Tourist,,4
9231309,1921981,San Francisco,37.77366,-122.4828,37.75933,-122.4561,2023-06-17 21:28:21,2023-06-17 21:33:21,Completed,Electric Sedan,1.76,5,6.02,0.62,1.0,Debit Card,Daily Commute,5,4
8209261,3757392,Los Angeles,34.14821,-118.25553,34.14385,-118.27951,2023-07-27 18:53:50,2023-07-27 19:00:50,Completed,Compact,1.4,7,4.6,5.89,1.0,App Wallet,Airport Transfer,4,8
2659499,3375656,Austin,30.33915,-97.73604,30.25022,-97.64796,2024-01-27 04:13:00,2024-01-27 05:00:00,Completed,Electric SUV,8.09,47,21.92,0.98,1.0,App Wallet,Daily Commute,5,4
7072826,6581450,Los Angeles,33.99816,-118.21246,33.95203,-118.29407,2023-06-24 15:18:04,2023-06-24 15:42:04,Completed,SUV,5.66,24,26.91,15.85,1.8,Credit Card,Airport Transfer,5,8
3128770,4407509,Los Angeles,33.99599,-118.23345,33.96965,-118.15443,2022-07-25 23:37:16,2022-07-25 23:55:16,Completed,SUV,4.88,18,13.24,1.96,1.0,Crypto,Daily Commute,4,3
1463633,9301180,San Francisco,37.70117,-122.50552,37.86134,-122.34546,2022-10-24 19:47:12,2022-10-24 20:31:12,Completed,Compact,14.1,44,23.65,0.75,1.0,App Wallet,Business Meeting,5,10
9599676,6837635,San Francisco,37.84696,-122.48396,37.78578,-122.34539,2024-06-24 07:15:51,2024-06-24 08:00:51,Completed,SUV,8.66,45,21.55,0.61,1.0,Credit Card,School Run,3,6
2026141,9325363,Los Angeles,34.086,-118.31815,34.14094,-118.31168,2024-03-06 02:14:53,2024-03-06 02:24:53,Completed,Luxury,3.81,10,15.84,0.91,1.0,App Wallet,Night Out,5,2
6955552,8896905,New York,40.61133,-73.94141,40.7075,-74.04141,2024-03-29 15:13:14,2024-03-29 15:43:14,Completed,Sedan,8.46,30,17.73,0.81,1.0,App Wallet,Night Out,5,3
7001053,8748358,Dallas,32.82984,-96.77876,32.87312,-96.84087,2022-08-04 22:13:34,2022-08-04 22:32:34,Cancelled,Luxury,4.68,19,0.0,0.0,1.2,App Wallet,Medical Appointment,,10
2350338,6294532,New York,40.70625,-74.06631,40.75168,-74.03707,2022-04-01 08:08:36,2022-04-01 08:22:36,Completed,Sedan,3.49,14,8.78,2.29,1.0,Credit Card,Shopping,4,2
6253594,3071683,Phoenix,33.35699,-112.14581,33.53457,-112.00326,2024-03-16 17:56:17,2024-03-16 19:21:17,Completed,Sedan,14.77,85,29.09,0.72,1.0,App Wallet,Airport Transfer,2,2
7715742,3850158,Houston,29.74687,-95.27123,29.72151,-95.31522,2023-07-07 06:15:06,2023-07-07 06:23:06,Completed,SUV,3.17,8,9.47,1.8,1.0,Corporate,Daily Commute,5,5
2103563,8732212,Detroit,42.24241,-82.98133,42.25523,-83.09034,2022-08-07 19:56:02,2022-08-07 20:28:02,Completed,Sedan,5.65,32,19.01,0.21,1.5,Credit Card,Medical Appointment,5,12
7938562,1082005,San Francisco,37.73413,-122.44632,37.86422,-122.43053,2023-01-13 00:52:09,2023-01-13 01:45:09,Completed,Sedan,9.03,53,22.5,0.13,1.2,Credit Card,Daily Commute,1,6
1088929,7491524,Los Angeles,33.99987,-118.28904,33.96746,-118.25175,2022-05-19 22:15:56,2022-05-19 22:32:56,Completed,Minivan,3.09,17,8.68,0.62,1.0,Credit Card,Night Out,3,4
7702330,4324895,Nashville,36.11191,-86.79594,36.16458,-86.73652,2024-07-14 23:53:35,2024-07-15 00:07:35,Cancelled,Sedan,4.92,14,0.0,0.0,1.0,Credit Card,Event,,3
8793563,4282927,Phoenix,33.4708,-112.02021,33.48959,-112.13881,2024-07-08 12:57:08,2024-07-08 13:31:08,Completed,Sedan,6.96,34,15.03,0.12,1.0,Credit Card,Airport Transfer,5,8
4967982,3047361,New York,40.70116,-73.9818,40.70161,-74.05439,2024-09-06 04:12:42,2024-09-06 04:29:42,Completed,Sedan,3.8,17,9.34,0.28,1.0,Debit Card,Tourist,5,4
5716643,4204741,Portland,45.60214,-122.71536,45.44697,-122.74941,2022-09-04 12:53:26,2022-09-04 13:47:26,Completed,Luxury,10.85,54,40.48,0.18,1.0,App Wallet,Shopping,5,2
2119383,6310793,Boston,42.26985,-71.05977,42.39107,-71.02995,2022-02-04 14:19:43,2022-02-04 14:51:43,Cancelled,Luxury,8.51,32,0.0,0.0,1.0,Credit Card,Daily Commute,,20
1689224,1521724,Boston,42.45007,-71.13322,42.40939,-71.06997,2023-04-05 09:14:59,2023-04-05 09:25:59,In Progress,Electric Sedan,4.28,11,0.0,0.0,2.0,Debit Card,Airport Transfer,,6
4078244,5505672,Seattle,47.51041,-122.37678,47.60244,-122.28213,2024-09-23 05:02:05,2024-09-23 05:46:05,Cancelled,Electric SUV,7.74,44,0.0,0.0,1.0,Credit Card,Night Out,,5
6277859,8137208,Atlanta,33.72497,-84.30534,33.735,-84.43095,2022-04-09 18:46:53,2022-04-09 19:25:53,Completed,Electric Sedan,7.25,39,30.6,10.37,1.8,Credit Card,Event,2,1
2730370,7424851,Seattle,47.56271,-122.39967,47.52875,-122.29525,2023-06-08 14:59:07,2023-06-08 15:15:07,Completed,Electric Sedan,5.41,16,13.32,0.92,1.0,Promo Credit,Medical Appointment,5,6
2959860,6772661,Orlando,28.45403,-81.28832,28.46879,-81.3905,2023-09-18 02:17:20,2023-09-18 02:53:20,Completed,SUV,6.29,36,16.34,0.79,1.0,Credit Card,Airport Transfer,5,4
6064204,2618782,Portland,45.48194,-122.73806,45.55549,-122.71726,2024-05-01 01:39:51,2024-05-01 01:51:51,No-show,Sedan,5.18,12,0.0,0.0,1.2,Credit Card,Food Delivery,,1
1147153,9425414,Phoenix,33.39738,-112.05393,33.45278,-111.99097,2023-02-16 16:05:44,2023-02-16 16:31:44,No-show,SUV,5.28,26,0.0,0.0,1.0,App Wallet,Tourist,,3
9424077,1579934,Miami,25.82674,-80.14884,25.75832,-80.12425,2022-06-26 07:24:09,2022-06-26 07:41:09,Cancelled,Sedan,4.97,17,0.0,0.0,1.0,Credit Card,Night Out,,6
7481380,2922699,Chicago,41.96595,-87.66315,41.88759,-87.66877,2022-10-14 00:40:57,2022-10-14 01:07:57,No-show,Compact,5.42,27,0.0,0.0,1.0,Corporate,Food Delivery,,6
5009642,6858679,Los Angeles,34.01774,-118.32385,34.02451,-118.29467,2022-10-17 20:43:31,2022-10-17 20:46:31,Completed,Electric SUV,1.74,3,8.01,8.54,1.2,Credit Card,Airport Transfer,5,1
9037881,8692987,Phoenix,33.44225,-112.08489,33.46908,-111.98267,2022-01-25 04:05:28,2022-01-25 04:20:28,Completed,Electric Sedan,6.18,15,14.86,2.11,1.0,App Wallet,Daily Commute,5,8
8631989,4246701,Chicago,41.91119,-87.66209,41.90947,-87.60448,2024-07-04 22:30:46,2024-07-04 22:44:46,Completed,SUV,2.96,14,9.01,15.14,1.0,Debit Card,Daily Commute,3,4
9102964,2626768,Denver,39.7546,-105.00369,39.71662,-104.9173,2022-12-16 12:29:07,2022-12-16 12:56:07,Completed,Sedan,5.29,27,12.02,0.92,1.0,Debit Card,Night Out,5,10
8582680,1378556,Los Angeles,33.95603,-118.18573,33.97425,-118.2876,2023-06-26 14:40:55,2023-06-26 15:09:55,Completed,SUV,5.97,29,18.76,0.91,1.2,Credit Card,Airport Transfer,5,4
9417024,7765615,Portland,45.45867,-122.70046,45.52654,-122.76171,2024-01-31 14:08:01,2024-01-31 14:36:01,Cancelled,Sedan,5.55,28,0.0,0.0,1.0,App Wallet,Daily Commute,,4
8003408,7546412,Houston,29.7186,-95.38033,29.72271,-95.39178,2023-04-06 03:25:15,2023-04-06 03:28:15,Completed,Compact,0.74,3,5.42,5.77,1.5,Credit Card,Airport Transfer,5,4
4778704,3978002,Portland,45.50438,-122.7799,45.57759,-122.61134,2024-08-14 08:26:55,2024-08-14 09:14:55,Completed,Minivan,9.6,48,54.25,3.05,2.5,Credit Card,Daily Commute,4,2
5744422,8393398,Miami,25.70468,-80.18904,25.74743,-80.14808,2023-07-11 22:07:51,2023-07-11 22:15:51,Completed,Compact,3.9,8,8.35,1.13,1.0,App Wallet,Daily Commute,5,8
8361480,3676967,Houston,29.74926,-95.31779,29.71224,-95.35431,2024-01-28 10:50:26,2024-01-28 11:03:26,Completed,SUV,3.37,13,11.9,0.87,1.2,Corporate,School Run,1,4
7128411,2801335,Boston,42.28456,-71.02649,42.27764,-71.14364,2022-10-20 15:37:10,2022-10-20 15:58:10,Completed,Sedan,6.01,21,13.32,0.33,1.0,Debit Card,Night Out,5,5
1748548,4668325,Chicago,41.93061,-87.65064,41.90092,-87.55699,2023-11-16 09:45:22,2023-11-16 10:11:22,Completed,SUV,5.23,26,14.01,0.49,1.0,App Wallet,Daily Commute,3,5
3117115,8263957,Los Angeles,34.04386,-118.23035,34.121,-118.1843,2023-11-14 21:11:54,2023-11-14 21:42:54,Completed,SUV,5.95,31,18.71,1.7,1.2,Debit Card,Daily Commute,2,8
7396324,6780896,Dallas,32.85461,-96.70107,32.82826,-96.77672,2022-08-02 20:41:35,2022-08-02 20:52:35,Completed,Luxury,4.75,11,28.69,0.08,1.5,App Wallet,Daily Commute,5,5
1379109,2817046,New York,40.62954,-74.02608,40.72822,-74.06057,2023-10-24 12:17:41,2023-10-24 12:56:41,Completed,SUV,7.05,39,27.02,2.29,1.5,Promo Credit,Medical Appointment,4,4
8214963,4204741,Detroit,42.35824,-83.13529,42.31404,-83.12918,2022-09-22 23:05:42,2022-09-22 23:14:42,In Progress,Luxury,3.07,9,0.0,0.0,1.5,App Wallet,Airport Transfer,,4
1516614,4786259,Austin,30.20171,-97.78576,30.36,-97.76021,2024-05-29 03:50:08,2024-05-29 04:22:08,Cancelled,Sedan,11.04,32,0.0,0.0,1.0,App Wallet,Shopping,,10
8065034,9712536,Detroit,42.26646,-82.97399,42.30911,-83.07096,2022-09-18 22:18:41,2022-09-18 22:52:41,In Progress,SUV,5.77,34,0.0,0.0,2.0,Credit Card,Event,,5
7236441,3255165,Miami,25.75912,-80.11407,25.85751,-80.24772,2024-05-21 20:12:10,2024-05-21 21:05:10,Completed,Sedan,10.74,53,21.83,10.93,1.0,Debit Card,Night Out,5,12
8422592,6771642,Austin,30.3307,-97.65127,30.34138,-97.77784,2024-12-04 00:10:11,2024-12-04 00:41:11,Completed,Minivan,7.58,31,17.66,0.51,1.0,Credit Card,Tourist,5,3
1387777,1604902,Miami,25.82434,-80.14522,25.80246,-80.26247,2024-05-10 16:44:39,2024-05-10 17:15:39,Completed,Compact,7.45,31,16.41,0.74,1.2,App Wallet,Airport Transfer,5,1
5237579,7832165,San Francisco,37.79369,-122.33326,37.69509,-122.32103,2022-12-21 10:40:40,2022-12-21 11:18:40,No-show,Sedan,6.85,38,0.0,0.0,1.0,Debit Card,Shopping,,6
8862562,1319263,Minneapolis,44.98511,-93.2187,44.97243,-93.35356,2024-02-26 17:13:21,2024-02-26 17:27:21,Completed,Compact,6.65,14,24.95,1.9,2.0,Corporate,Airport Transfer,3,3
2070428,2978051,Dallas,32.79155,-96.84787,32.79481,-96.83165,2023-08-07 07:20:16,2023-08-07 07:25:16,Completed,SUV,0.97,5,4.63,0.5,1.0,Credit Card,Airport Transfer,3,6
6108051,8809875,Portland,45.47046,-122.65449,45.50196,-122.68317,2022-10-12 00:11:30,2022-10-12 00:21:30,Completed,Compact,2.58,10,6.37,1.31,1.0,Debit Card,Event,3,15
8177948,8011453,Phoenix,33.44703,-112.15139,33.42689,-112.1137,2022-07-05 09:33:31,2022-07-05 09:43:31,Completed,SUV,2.58,10,8.18,3.25,1.0,Credit Card,Daily Commute,4,5
8061126,7879369,New York,40.75325,-73.96253,40.67271,-74.08245,2024-07-28 09:47:52,2024-07-28 10:08:52,Completed,SUV,8.39,21,52.4,0.93,2.5,Credit Card,Medical Appointment,5,4
4903046,5321622,Chicago,41.96683,-87.69697,41.97018,-87.70851,2024-12-25 04:48:02,2024-12-25 04:51:02,In Progress,SUV,0.64,3,0.0,0.0,1.0,Promo Credit,Tourist,,15
3990645,1317343,San Diego,32.74788,-117.13108,32.68753,-117.20261,2022-10-07 22:53:23,2022-10-07 23:13:23,Completed,Electric Sedan,5.89,20,14.28,1.29,1.0,Debit Card,Night Out,5,4
9924166,6655606,San Francisco,37.70687,-122.43262,37.72034,-122.4905,2023-11-26 22:39:53,2023-11-26 22:54:53,Completed,Sedan,3.3,15,8.44,5.04,1.0,Credit Card,Daily Commute,5,5
3007793,7044522,Chicago,41.97232,-87.68708,41.95688,-87.59162,2022-05-05 05:24:03,2022-05-05 05:53:03,Completed,SUV,5.02,29,40.63,0.67,3.0,Credit Card,Night Out,4,6
2172929,1351314,Boston,42.26641,-71.01741,42.29968,-71.08859,2022-08-25 17:33:21,2022-08-25 17:44:21,In Progress,Electric Sedan,4.3,11,0.0,0.0,1.0,Crypto,Daily Commute,,10
2851888,8329349,Phoenix,33.45559,-112.12879,33.4641,-112.13677,2023-07-18 12:34:54,2023-07-18 12:38:54,Completed,Electric SUV,0.75,4,5.16,0.44,1.2,Credit Card,School Run,1,6
9201078,8692987,Los Angeles,33.95403,-118.14442,33.97296,-118.329,2024-10-30 08:09:22,2024-10-30 09:01:22,Cancelled,Luxury,10.66,52,0.0,0.0,1.0,Debit Card,Medical Appointment,,3
3615949,4370890,Los Angeles,34.05213,-118.28061,34.12848,-118.22466,2023-03-05 18:15:30,2023-03-05 18:28:30,Completed,SUV,6.17,13,16.07,0.87,1.0,Debit Card,Night Out,5,4
5387803,7133842,Detroit,42.40671,-82.95682,42.24188,-82.99559,2022-05-28 11:00:19,2022-05-28 11:27:19,In Progress,SUV,11.56,27,0.0,0.0,1.0,Credit Card,Daily Commute,,4
1469536,2089691,Austin,30.30324,-97.71988,30.17318,-97.727,2022-12-16 02:33:33,2022-12-16 03:23:33,No-show,Electric Sedan,9.0,50,0.0,0.0,1.0,Credit Card,Daily Commute,,12
4352967,7824136,Phoenix,33.38203,-112.09128,33.46477,-112.03462,2024-02-26 16:00:01,2024-02-26 16:25:01,Completed,Luxury,6.58,25,25.53,3.24,1.0,App Wallet,Night Out,5,1
7219019,8295865,Los Angeles,34.14937,-118.15793,34.12999,-118.17426,2024-09-16 03:52:49,2024-09-16 04:01:49,Completed,SUV,1.63,9,6.09,0.02,1.0,Credit Card,Event,4,5
9154941,4008563,Los Angeles,34.14907,-118.28572,34.10823,-118.1999,2022-05-01 22:07:34,2022-05-01 22:28:34,Completed,Sedan,5.66,21,15.23,2.15,1.2,App Wallet,Daily Commute,5,6
6270157,5157848,San Diego,32.77536,-117.09033,32.69736,-117.12279,2023-11-26 19:03:02,2023-11-26 19:26:02,Completed,Sedan,5.71,23,23.0,8.25,1.8,Crypto,Daily Commute,5,5
3105676,9942022,Austin,30.19787,-97.7536,30.19727,-97.73322,2023-08-15 22:49:40,2023-08-15 22:54:40,Cancelled,Electric SUV,1.22,5,0.0,0.0,1.0,Credit Card,Airport Transfer,,3
9417362,3757392,Las Vegas,36.12333,-115.04838,36.21071,-115.07974,2023-05-12 08:01:02,2023-05-12 08:21:02,Completed,Compact,6.29,20,21.48,0.69,1.8,Credit Card,Night Out,5,12
1140868,5944396,San Diego,32.66948,-117.18865,32.73892,-117.13578,2022-09-20 00:30:27,2022-09-20 00:44:27,Completed,Sedan,5.7,14,12.76,8.81,1.0,Credit Card,Daily Commute,4,10
6066168,4477105,Dallas,32.70935,-96.89354,32.72314,-96.80536,2023-04-27 13:13:51,2023-04-27 13:41:51,Completed,Luxury,5.21,28,24.88,0.0,1.2,Credit Card,Night Out,4,15
2468852,1404028,San Diego,32.69609,-117.21426,32.81148,-117.17806,2024-08-08 15:13:02,2024-08-08 15:47:02,Disputed,Minivan,8.25,34,0.0,0.0,1.0,Credit Card,Daily Commute,,4
7935542,7192980,Phoenix,33.49052,-111.98689,33.47394,-112.01765,2024-09-30 04:24:09,2024-09-30 04:30:09,No-show,Sedan,2.11,6,0.0,0.0,1.0,Credit Card,School Run,,8
9699537,8889130,San Diego,32.75151,-117.25435,32.6833,-117.07385,2024-11-27 04:10:31,2024-11-27 04:49:31,Completed,Compact,11.5,39,23.7,1.03,1.2,Debit Card,Night Out,4,5
5651993,6091209,Dallas,32.87341,-96.88333,32.85806,-96.71575,2022-03-14 14:55:28,2022-03-14 15:53:28,Completed,Sedan,9.78,58,40.21,3.08,2.0,Debit Card,Tourist,5,5
6913622,1749511,Los Angeles,34.04563,-118.19264,34.09927,-118.32349,2024-05-11 01:32:42,2024-05-11 02:17:42,Completed,Electric SUV,8.36,45,33.85,0.87,1.5,Promo Credit,Daily Commute,5,3
6547368,5057767,Los Angeles,34.05787,-118.33932,34.09024,-118.16765,2024-09-18 05:20:22,2024-09-18 06:19:22,Completed,SUV,10.08,59,24.68,0.33,1.0,App Wallet,School Run,3,3
2927860,1509431,San Diego,32.77216,-117.25763,32.70269,-117.16485,2024-06-09 21:28:23,2024-06-09 22:06:23,No-show,Compact,7.22,38,0.0,0.0,1.2,Debit Card,Tourist,,6
7358691,8863424,Atlanta,33.68822,-84.42324,33.71134,-84.44117,2024-06-02 11:59:15,2024-06-02 12:03:15,Cancelled,Compact,1.9,4,0.0,0.0,1.0,Credit Card,Airport Transfer,,2
3951756,7214488,Portland,45.6113,-122.69588,45.49094,-122.60817,2022-09-25 16:01:48,2022-09-25 16:53:48,Cancelled,SUV,9.34,52,0.0,0.0,1.0,Credit Card,Business Meeting,,5
7467446,2756240,Denver,39.77647,-105.03357,39.76615,-105.00574,2022-05-09 04:29:56,2022-05-09 04:34:56,Completed,Electric Sedan,1.64,5,11.56,0.55,2.0,Credit Card,Daily Commute,3,4
4230305,1185446,New York,40.78364,-74.02223,40.79108,-74.06241,2024-08-23 12:28:53,2024-08-23 12:39:53,Completed,Compact,2.16,11,5.74,0.2,1.0,Credit Card,Daily Commute,4,4
2569150,9713271,Denver,39.74839,-104.90984,39.78307,-104.97493,2023-09-14 07:36:00,2023-09-14 08:00:00,Completed,Sedan,4.21,24,20.16,2.96,2.0,App Wallet,Food Delivery,4,2
8639806,5182063,Portland,45.51857,-122.69808,45.52207,-122.68293,2022-05-01 22:31:01,2022-05-01 22:34:01,Completed,SUV,0.77,3,4.19,0.3,1.0,Credit Card,Medical Appointment,3,3
7428983,7546412,San Diego,32.62556,-117.07176,32.66567,-117.23878,2023-10-14 14:26:38,2023-10-14 14:48:38,Completed,Sedan,10.1,22,20.68,0.89,1.0,Credit Card,Business Meeting,5,4
4893990,2470522,Austin,30.26384,-97.65018,30.3434,-97.66269,2022-05-01 10:44:11,2022-05-01 11:03:11,No-show,Luxury,5.55,19,0.0,0.0,1.8,Crypto,Daily Commute,,4
2345398,4751400,Austin,30.1978,-97.75446,30.20077,-97.74185,2022-12-01 19:14:14,2022-12-01 19:18:14,Completed,SUV,0.78,4,4.22,2.89,1.0,Debit Card,Night Out,5,4
6754632,9314403,Phoenix,33.43742,-112.16512,33.49569,-112.0117,2023-09-25 00:57:35,2023-09-25 01:43:35,Completed,SUV,9.72,46,23.88,0.05,1.0,Corporate,Daily Commute,4,4
8863874,9369038,Houston,29.72079,-95.42992,29.79222,-95.43792,2024-02-07 09:31:46,2024-02-07 09:46:46,In Progress,Compact,4.96,15,0.0,0.0,1.8,Debit Card,Event,,6
9200263,7650663,Miami,25.7573,-80.13249,25.68667,-80.17086,2023-07-19 20:01:37,2023-07-19 20:17:37,Disputed,Sedan,5.43,16,0.0,0.0,1.2,App Wallet,Night Out,,3
7914439,4090285,Los Angeles,34.04934,-118.23128,34.00372,-118.18011,2024-07-12 17:28:57,2024-07-12 17:40:57,Completed,Compact,4.3,12,26.85,0.83,3.0,App Wallet,Airport Transfer,2,3
8777669,9995438,Seattle,47.62545,-122.35162,47.65517,-122.25343,2022-04-03 19:34:07,2022-04-03 19:58:07,Cancelled,SUV,5.01,24,0.0,0.0,1.0,Crypto,Daily Commute,,4
7391773,9340418,Chicago,41.92961,-87.60011,41.83841,-87.63854,2023-07-26 07:46:11,2023-07-26 08:08:11,Cancelled,Compact,6.6,22,0.0,0.0,1.8,Debit Card,Night Out,,5
5288663,1672762,Boston,42.42998,-70.96884,42.42816,-71.0791,2023-05-24 07:23:19,2023-05-24 07:53:19,Disputed,Luxury,5.62,30,0.0,0.0,1.0,App Wallet,Event,,4
9687217,1097862,Detroit,42.2672,-83.14515,42.23961,-83.13258,2022-01-30 08:37:24,2022-01-30 08:42:24,Completed,Luxury,2.01,5,9.54,0.38,1.0,App Wallet,Daily Commute,5,3
6500287,7537039,San Francisco,37.69894,-122.3859,37.86254,-122.39211,2022-09-27 03:18:14,2022-09-27 04:09:14,Completed,Luxury,11.31,51,42.09,0.23,1.0,Promo Credit,Event,4,4
9787106,8863424,San Francisco,37.81557,-122.37435,37.74536,-122.38741,2022-10-26 11:29:42,2022-10-26 11:58:42,Completed,Compact,4.9,29,14.78,0.11,1.5,App Wallet,Medical Appointment,4,3
2094784,6194372,Chicago,41.8966,-87.60809,41.80193,-87.60632,2023-10-27 07:43:28,2023-10-27 08:10:28,Completed,SUV,6.54,27,16.89,2.89,1.0,Debit Card,School Run,5,5
6072778,8205572,New York,40.74868,-74.01636,40.73083,-74.05772,2022-01-04 10:00:04,2022-01-04 10:13:04,Completed,SUV,2.49,13,7.98,5.1,1.0,Debit Card,Business Meeting,5,3
1297410,3612213,Dallas,32.80257,-96.81608,32.68797,-96.87942,2022-11-20 05:57:21,2022-11-20 06:28:21,Completed,Luxury,8.73,31,82.64,0.89,2.5,Debit Card,Daily Commute,2,3
9422567,5300887,San Francisco,37.80959,-122.45722,37.84583,-122.3311,2024-03-10 13:10:53,2024-03-10 13:25:53,Completed,Sedan,7.32,15,15.68,0.43,1.0,App Wallet,Medical Appointment,5,6
5248456,1568871,Austin,30.35131,-97.66694,30.19732,-97.74015,2023-10-25 21:29:20,2023-10-25 22:17:20,Cancelled,Electric SUV,11.5,48,0.0,0.0,1.2,Credit Card,School Run,,4
9009326,6375810,San Francisco,37.72418,-122.44335,37.77311,-122.45706,2022-02-04 07:00:02,2022-02-04 07:09:02,Completed,Luxury,3.46,9,14.61,0.05,1.0,Debit Card,Airport Transfer,5,4
8576118,5666985,Los Angeles,34.07798,-118.24646,34.13394,-118.20399,2023-04-17 04:49:30,2023-04-17 05:11:30,Completed,Sedan,4.57,22,12.87,2.82,1.2,App Wallet,Shopping,5,4
3668139,5695798,New York,40.79329,-74.02256,40.73883,-74.00504,2023-06-29 20:13:07,2023-06-29 20:31:07,Completed,Compact,3.87,18,8.3,3.07,1.0,Credit Card,Airport Transfer,5,8
2461943,5091123,New York,40.72415,-74.00685,40.68646,-73.91748,2022-05-10 05:38:33,2022-05-10 05:49:33,Cancelled,Electric Sedan,5.36,11,0.0,0.0,1.5,Credit Card,Airport Transfer,,5
9626319,5308988,Austin,30.20286,-97.67276,30.24086,-97.80006,2022-05-09 09:24:56,2022-05-09 10:09:56,Completed,Sedan,8.04,45,30.55,0.68,1.8,Debit Card,Business Meeting,4,20
8801876,4555656,New York,40.72989,-74.00796,40.77946,-73.99926,2024-09-03 05:23:50,2024-09-03 05:30:50,Completed,Electric Sedan,3.46,7,18.84,0.31,2.0,App Wallet,Airport Transfer,5,15
9539227,8426908,Atlanta,33.71421,-84.40208,33.75014,-84.41795,2023-09-24 11:55:52,2023-09-24 12:06:52,Completed,Electric SUV,2.64,11,8.84,0.15,1.0,Credit Card,Airport Transfer,5,4
9462834,1024650,Detroit,42.27084,-82.96461,42.38993,-83.07609,2024-01-18 23:05:52,2024-01-18 23:27:52,Completed,SUV,10.01,22,36.78,2.94,1.5,Debit Card,Medical Appointment,5,10
1787874,9008447,Dallas,32.81603,-96.89677,32.83926,-96.70211,2022-10-30 08:58:58,2022-10-30 09:26:58,Completed,Luxury,11.42,28,42.47,0.75,1.0,Corporate,Daily Commute,5,10
7265445,4433729,Los Angeles,34.12812,-118.25585,33.99018,-118.25091,2022-09-17 03:10:22,2022-09-17 03:30:22,Completed,Compact,9.54,20,16.81,0.3,1.0,Promo Credit,Shopping,5,12
5967565,1569088,Miami,25.71159,-80.28408,25.74197,-80.17127,2022-01-20 11:32:17,2022-01-20 12:02:17,Completed,Sedan,7.33,30,15.69,0.77,1.0,Corporate,Tourist,4,12
7311930,2379661,Minneapolis,45.06507,-93.26911,44.9394,-93.31611,2023-09-01 02:42:16,2023-09-01 03:09:16,Completed,Minivan,8.98,27,30.69,0.89,1.5,Debit Card,Daily Commute,5,4
6579246,5505672,Houston,29.68097,-95.40549,29.77142,-95.38297,2022-10-28 09:13:46,2022-10-28 09:43:46,Completed,Compact,6.39,30,18.13,0.48,1.5,Corporate,Food Delivery,5,1
9443256,3767329,Atlanta,33.72775,-84.47371,33.79964,-84.40292,2024-07-10 22:36:46,2024-07-10 23:08:46,Completed,Electric Sedan,6.42,32,15.34,5.13,1.0,Crypto,Event,5,8
7312371,9203632,Las Vegas,36.22234,-115.22315,36.20497,-115.11904,2024-05-11 19:21:58,2024-05-11 19:45:58,Completed,Electric Sedan,5.93,24,14.36,1.68,1.0,Credit Card,Daily Commute,4,5
7714154,1425356,Miami,25.68628,-80.14924,25.72717,-80.15712,2022-09-07 06:07:33,2022-09-07 06:16:33,Completed,Electric Sedan,2.87,9,20.6,0.97,2.5,Debit Card,Medical Appointment,5,12
1720543,6551334,San Francisco,37.73924,-122.48775,37.84902,-122.48689,2024-04-25 14:16:23,2024-04-25 14:54:23,Completed,Luxury,7.59,38,29.06,0.31,1.0,App Wallet,Shopping,3,10
6661545,4179106,San Francisco,37.85227,-122.38641,37.74542,-122.49816,2023-01-19 21:27:52,2023-01-19 21:50:52,In Progress,SUV,9.58,23,0.0,0.0,1.0,Promo Credit,Event,,2
9576119,6858806,Austin,30.17466,-97.64769,30.31643,-97.66206,2024-02-24 15:51:45,2024-02-24 16:22:45,Disputed,Compact,9.83,31,0.0,0.0,1.2,Debit Card,Night Out,,4
8892881,7785188,San Francisco,37.74166,-122.33926,37.74711,-122.33784,2022-07-05 20:31:43,2022-07-05 20:34:43,No-show,Compact,0.4,3,0.0,0.0,1.0,Promo Credit,Shopping,,6
4766922,4104559,Atlanta,33.73244,-84.48747,33.83227,-84.48191,2024-12-27 19:44:20,2024-12-27 20:11:20,Completed,Electric SUV,6.91,27,19.08,0.22,1.0,Debit Card,Shopping,4,3
6884382,3639500,Chicago,41.95016,-87.65948,41.96451,-87.71858,2023-07-27 11:00:10,2023-07-27 11:18:10,Cancelled,SUV,3.19,18,0.0,0.0,2.5,Debit Card,School Run,,4
7470744,5823510,San Francisco,37.85754,-122.32469,37.73774,-122.45351,2023-11-19 08:22:16,2023-11-19 09:07:16,Completed,Compact,10.86,45,37.58,0.07,2.0,Credit Card,Airport Transfer,4,3
5903110,5507441,Miami,25.85322,-80.16738,25.84021,-80.21191,2022-12-22 23:36:08,2022-12-22 23:52:08,Completed,Electric Sedan,2.91,16,8.32,1.22,1.0,Promo Credit,Daily Commute,5,4
7339863,4049654,Nashville,36.15075,-86.7386,36.18993,-86.79778,2023-04-11 23:44:20,2023-04-11 23:54:20,Completed,Sedan,4.27,10,20.37,5.32,2.0,Credit Card,Night Out,2,2
2712838,7281828,Chicago,41.78718,-87.60463,41.84153,-87.70443,2024-03-14 09:54:14,2024-03-14 10:31:14,Cancelled,Electric Sedan,6.37,37,0.0,0.0,1.0,Corporate,Airport Transfer,,4
1676731,7025733,New York,40.61421,-74.08223,40.66629,-74.03381,2023-10-03 17:47:09,2023-10-03 18:12:09,Completed,SUV,4.4,25,12.18,3.67,1.0,Credit Card,Food Delivery,5,5
4105410,4527914,Orlando,28.45148,-81.3768,28.47217,-81.46594,2023-06-15 11:04:09,2023-06-15 11:29:09,Completed,Sedan,5.6,25,25.16,8.7,2.0,Debit Card,Airport Transfer,4,5
8934675,1509431,Seattle,47.57261,-122.37929,47.55059,-122.28819,2023-09-23 05:36:59,2023-09-23 06:00:59,Completed,Compact,4.51,24,11.12,0.14,1.2,Debit Card,Daily Commute,5,6
1388979,2264669,Houston,29.8463,-95.31378,29.75685,-95.45506,2023-07-23 12:50:11,2023-07-23 13:25:11,Cancelled,Electric Sedan,10.49,35,0.0,0.0,1.5,Credit Card,Night Out,,4
2449384,5979560,Miami,25.81539,-80.22141,25.83853,-80.19776,2023-07-18 07:47:53,2023-07-18 07:51:53,No-show,Electric Sedan,2.17,4,0.0,0.0,2.0,App Wallet,Business Meeting,,1
6727058,5865674,Portland,45.55457,-122.59907,45.46023,-122.60236,2023-04-28 19:22:23,2023-04-28 19:56:23,Completed,Luxury,6.52,34,25.32,0.6,1.0,App Wallet,School Run,5,10
2396225,4075067,San Diego,32.67239,-117.1829,32.67508,-117.23925,2022-05-22 05:38:48,2022-05-22 05:51:48,Completed,Electric Sedan,3.28,13,16.31,0.71,1.8,App Wallet,Shopping,5,12
2271102,7412623,Boston,42.31421,-71.14282,42.31535,-70.98976,2024-10-17 19:21:49,2024-10-17 19:40:49,Completed,Compact,7.82,19,21.34,15.44,1.5,App Wallet,Airport Transfer,5,4
1982052,1838596,Las Vegas,36.25499,-115.15555,36.09119,-115.13393,2024-02-29 02:22:38,2024-02-29 02:59:38,Completed,Sedan,11.38,37,22.98,5.03,1.0,Credit Card,Business Meeting,5,6
4152586,8381886,Phoenix,33.51845,-112.08914,33.38467,-112.02483,2024-03-24 03:30:53,2024-03-24 04:17:53,No-show,Sedan,9.96,47,0.0,0.0,2.0,Debit Card,Food Delivery,,3
7461120,6935921,Denver,39.80905,-105.07291,39.77834,-104.91536,2023-11-19 03:58:10,2023-11-19 04:26:10,Disputed,Compact,8.63,28,0.0,0.0,1.0,Credit Card,Airport Transfer,,2
2371753,8749104,Las Vegas,36.19482,-115.09975,36.14608,-115.17106,2023-04-22 16:54:16,2023-04-22 17:23:16,Completed,Luxury,5.21,29,20.73,0.8,1.0,Debit Card,Daily Commute,3,4
9793852,1097862,Detroit,42.29773,-83.02879,42.36333,-83.00695,2024-09-30 02:34:39,2024-09-30 02:58:39,Completed,Minivan,4.67,24,21.31,2.39,1.8,App Wallet,Business Meeting,4,5
9307484,1030012,Boston,42.44026,-71.02289,42.30083,-71.01061,2024-08-03 00:23:03,2024-08-03 01:19:03,Completed,Sedan,9.65,56,35.77,0.18,1.8,App Wallet,Business Meeting,4,15
3647382,2659028,Houston,29.74294,-95.37625,29.80752,-95.34321,2022-03-05 19:53:39,2022-03-05 20:05:39,Completed,Compact,4.88,12,11.78,0.93,1.2,App Wallet,Medical Appointment,4,10
1035111,1691113,Phoenix,33.42477,-112.1582,33.49297,-112.10843,2023-04-28 21:49:42,2023-04-28 22:12:42,Completed,Compact,5.52,23,12.94,2.01,1.2,Credit Card,Daily Commute,3,3
2400977,3838350,Atlanta,33.74057,-84.46508,33.83043,-84.29646,2023-05-01 12:31:07,2023-05-01 12:55:07,Completed,Sedan,11.5,24,41.76,10.7,1.8,App Wallet,Night Out,5,4
7793777,3196318,Chicago,41.9507,-87.57296,41.8563,-87.58638,2024-03-21 06:55:22,2024-03-21 07:29:22,Completed,Minivan,6.56,34,15.62,0.07,1.0,Crypto,Business Meeting,5,12
5737890,9938995,New York,40.69659,-73.97325,40.66532,-74.08365,2023-01-21 14:22:55,2023-01-21 14:40:55,Cancelled,Compact,6.18,18,0.0,0.0,1.2,App Wallet,Airport Transfer,,2
3992944,7424851,Houston,29.66136,-95.27502,29.71904,-95.32093,2023-01-22 13:19:20,2023-01-22 13:37:20,Completed,Electric Sedan,4.85,18,12.2,1.12,1.0,Debit Card,School Run,5,5
7433838,8837924,Seattle,47.57804,-122.28505,47.52259,-122.30997,2024-01-21 09:32:56,2024-01-21 09:44:56,Cancelled,SUV,4.0,12,0.0,0.0,1.2,Credit Card,Shopping,,3
2990897,9834270,Phoenix,33.42551,-112.11114,33.44038,-111.99294,2022-12-31 20:44:06,2022-12-31 21:15:06,Completed,Electric Sedan,6.89,31,16.28,10.94,1.0,Debit Card,Tourist,4,2
6175198,4577612,Chicago,41.85037,-87.61601,41.82415,-87.6539,2024-10-15 01:41:20,2024-10-15 01:55:20,Completed,SUV,2.66,14,12.53,0.9,1.5,Corporate,Airport Transfer,4,5
2492269,9213729,Chicago,41.79613,-87.63019,41.91086,-87.55147,2023-06-21 02:41:52,2023-06-21 03:28:52,Completed,SUV,8.9,47,22.08,3.87,1.0,Debit Card,School Run,5,4
4328651,9300503,Houston,29.7038,-95.30504,29.74419,-95.42209,2024-03-30 14:25:11,2024-03-30 14:59:11,Completed,SUV,7.56,34,47.83,0.72,2.5,Credit Card,Daily Commute,3,2
4603102,3855277,Houston,29.7973,-95.35413,29.78599,-95.4002,2022-12-25 08:28:58,2022-12-25 08:40:58,Completed,SUV,2.87,12,8.81,0.05,1.0,Promo Credit,Shopping,4,8
3562020,8755233,Austin,30.23675,-97.8178,30.23233,-97.69318,2022-01-22 13:37:23,2022-01-22 14:09:23,Completed,Sedan,7.45,32,15.91,2.0,1.0,Debit Card,Airport Transfer,1,8
4098144,1949054,Chicago,41.82911,-87.60392,41.85175,-87.59899,2024-07-31 22:25:33,2024-07-31 22:29:33,Completed,Minivan,1.58,4,5.66,0.47,1.0,Corporate,Food Delivery,4,5
8660781,5992104,Chicago,41.86231,-87.64109,41.8925,-87.70917,2022-06-14 07:51:06,2022-06-14 08:01:06,Completed,SUV,4.08,10,20.66,0.53,1.8,Debit Card,Event,3,5
7070697,8366818,Dallas,32.80626,-96.82954,32.72877,-96.72296,2022-03-19 11:26:54,2022-03-19 11:42:54,Completed,Minivan,8.19,16,18.88,0.26,1.0,Debit Card,Daily Commute,5,4
9910271,2322911,Los Angeles,34.08933,-118.1526,34.04754,-118.21585,2022-02-23 11:58:59,2022-02-23 12:17:59,Completed,Sedan,4.63,19,13.0,0.11,1.2,Debit Card,Daily Commute,5,2
8286341,9491781,Detroit,42.26345,-83.05093,42.24125,-83.05776,2023-08-02 04:55:03,2023-08-02 04:59:03,Disputed,Electric SUV,1.57,4,0.0,0.0,1.5,Credit Card,Airport Transfer,,4
7993063,5599081,Atlanta,33.73952,-84.36515,33.81755,-84.35421,2024-03-25 10:39:53,2024-03-25 10:56:53,Completed,Sedan,5.43,17,14.73,3.18,1.2,Promo Credit,Event,5,5
9014263,8918613,New York,40.78274,-74.01825,40.7696,-74.08914,2024-04-15 17:25:41,2024-04-15 17:42:41,Completed,Sedan,3.82,17,14.06,0.58,1.5,Credit Card,Daily Commute,2,4
8196645,4929592,New York,40.61462,-73.95797,40.6574,-74.03148,2024-10-02 19:09:04,2024-10-02 19:26:04,Completed,Sedan,4.86,17,11.25,10.59,1.0,Debit Card,Tourist,5,5
4023548,9334987,San Diego,32.73936,-117.22963,32.75935,-117.10281,2024-06-11 16:52:49,2024-06-11 17:29:49,Completed,Compact,7.5,37,27.5,0.5,2.0,Debit Card,Daily Commute,4,3
8194689,8785973,Miami,25.69032,-80.12893,25.7318,-80.10727,2023-12-19 21:33:16,2023-12-19 21:45:16,Completed,Compact,3.17,12,7.25,1.67,1.0,App Wallet,Tourist,5,2
5571114,7906063,San Francisco,37.81948,-122.33484,37.70174,-122.45236,2024-06-09 13:28:19,2024-06-09 14:20:19,Completed,Sedan,10.36,52,42.3,2.67,2.0,Debit Card,Business Meeting,2,4
6765119,3182409,Dallas,32.71986,-96.86044,32.75892,-96.80827,2023-03-18 19:50:53,2023-03-18 20:12:53,Completed,Compact,4.06,22,21.48,2.95,2.5,App Wallet,Night Out,4,3
6239896,6980860,Houston,29.77966,-95.29876,29.7522,-95.28651,2024-04-18 01:51:09,2024-04-18 02:02:09,Completed,Luxury,2.03,11,9.61,0.83,1.0,Promo Credit,Airport Transfer,4,1
1101682,5180555,Los Angeles,34.05315,-118.24679,33.99475,-118.14476,2024-11-18 09:45:12,2024-11-18 10:04:12,Completed,Minivan,7.1,19,30.06,0.27,1.8,Credit Card,Medical Appointment,4,8
1589233,3184088,San Francisco,37.69186,-122.42818,37.75674,-122.35703,2023-02-18 14:20:23,2023-02-18 14:51:23,Completed,Minivan,5.93,31,14.36,1.34,1.0,App Wallet,Daily Commute,5,12
3628082,2398831,Nashville,36.23657,-86.78087,36.12195,-86.75385,2024-09-06 16:10:28,2024-09-06 16:36:28,Completed,Compact,8.06,26,14.59,0.35,1.0,App Wallet,Food Delivery,5,6
5455925,2237523,Miami,25.72635,-80.17466,25.71029,-80.27927,2023-07-06 05:08:33,2023-07-06 05:29:33,Completed,Luxury,6.61,21,25.64,2.82,1.0,Promo Credit,Daily Commute,5,3
9692419,9126775,Chicago,41.93493,-87.56569,41.81889,-87.57059,2023-03-26 09:36:03,2023-03-26 10:06:03,Completed,Luxury,8.02,30,30.57,3.32,1.0,Debit Card,Medical Appointment,5,5
5691547,3523138,Austin,30.30736,-97.76462,30.26358,-97.68655,2023-06-20 15:44:31,2023-06-20 16:14:31,Completed,Electric Sedan,5.55,30,13.6,0.31,1.0,Promo Credit,Daily Commute,3,5
7698680,7765615,Phoenix,33.44658,-112.08002,33.47487,-112.15615,2022-05-02 20:27:43,2022-05-02 20:44:43,Completed,Electric Sedan,4.8,17,30.25,0.61,2.5,Debit Card,Medical Appointment,5,6
7036998,4933914,Las Vegas,36.21686,-115.13484,36.20058,-115.2274,2023-04-12 17:10:59,2023-04-12 17:35:59,Completed,Sedan,5.28,25,18.01,0.66,1.5,Credit Card,Event,5,4
7900669,4709699,Austin,30.33762,-97.76751,30.20142,-97.80558,2024-03-26 19:33:18,2024-03-26 20:19:18,Completed,SUV,9.68,46,28.56,0.23,1.2,App Wallet,Daily Commute,1,8
5530111,4190823,Austin,30.36419,-97.75722,30.20504,-97.71674,2024-07-01 04:53:42,2024-07-01 05:29:42,Completed,Sedan,11.26,36,22.77,0.38,1.0,Credit Card,Event,4,5
7653119,8677952,San Francisco,37.82628,-122.43509,37.8395,-122.51314,2022-10-21 16:28:38,2022-10-21 16:38:38,Completed,SUV,4.36,10,12.09,0.48,1.0,App Wallet,Medical Appointment,1,6
5397364,6337414,New York,40.7831,-74.10833,40.70446,-73.96733,2023-11-22 20:36:38,2023-11-22 21:19:38,Cancelled,Sedan,9.17,43,0.0,0.0,1.0,App Wallet,Night Out,,20
5670495,6704757,San Diego,32.73331,-117.1582,32.70187,-117.12385,2023-04-20 23:14:27,2023-04-20 23:28:27,Completed,Luxury,2.95,14,12.83,0.22,1.0,App Wallet,Daily Commute,5,8
2888805,7739048,New York,40.66144,-74.02861,40.7483,-74.09086,2022-04-23 07:55:01,2022-04-23 08:10:01,In Progress,SUV,6.83,15,0.0,0.0,1.0,Debit Card,Food Delivery,,1
3469642,7392948,New York,40.67401,-73.97878,40.74351,-74.02403,2023-04-01 08:28:51,2023-04-01 08:44:51,Completed,Electric SUV,5.36,16,46.09,0.92,3.0,Credit Card,Food Delivery,4,12
2032711,7836381,Orlando,28.56283,-81.39354,28.45077,-81.39479,2023-12-28 23:09:29,2023-12-28 23:29:29,Cancelled,SUV,7.74,20,0.0,0.0,1.0,Corporate,Daily Commute,,3
1000661,5887375,New York,40.64568,-73.97446,40.78028,-73.95705,2022-03-02 23:34:53,2022-03-03 00:26:53,Completed,Sedan,9.34,52,19.31,8.6,1.0,App Wallet,Airport Transfer,2,2
4091637,3514240,Detroit,42.24725,-83.12935,42.42514,-83.12695,2023-02-27 04:15:36,2023-02-27 05:12:36,Completed,Sedan,12.29,57,24.62,0.7,1.0,Corporate,Business Meeting,5,3
9018546,5682371,Orlando,28.63615,-81.28874,28.55382,-81.43203,2022-07-19 09:07:08,2022-07-19 09:54:08,Cancelled,Compact,10.39,47,0.0,0.0,2.0,Credit Card,Food Delivery,,4
3719707,9924829,Boston,42.40729,-71.10232,42.39537,-71.08225,2022-04-02 10:49:04,2022-04-02 10:53:04,Completed,SUV,1.31,4,6.46,1.42,1.2,Promo Credit,Airport Transfer,5,4
5574864,2897342,Detroit,42.29404,-83.00558,42.35895,-82.99175,2024-11-24 05:36:44,2024-11-24 05:47:44,No-show,Sedan,4.54,11,0.0,0.0,1.2,Debit Card,Shopping,,2
9064185,7224721,Dallas,32.81989,-96.77696,32.80385,-96.77076,2024-11-26 00:15:38,2024-11-26 00:20:38,Cancelled,Sedan,1.17,5,0.0,0.0,1.5,Credit Card,Daily Commute,,2
1259912,2186770,Minneapolis,45.028,-93.22276,44.89847,-93.24364,2024-10-24 18:10:30,2024-10-24 18:52:30,Completed,Electric SUV,9.01,42,24.12,1.18,1.0,Crypto,Food Delivery,4,15
4323694,1041744,Los Angeles,34.00314,-118.30027,34.07994,-118.27183,2022-08-23 15:06:24,2022-08-23 15:37:24,Completed,Compact,5.55,31,32.47,0.28,3.0,App Wallet,Night Out,5,6
7669439,5641783,San Francisco,37.73568,-122.49122,37.81365,-122.4091,2024-08-09 09:41:54,2024-08-09 10:03:54,Completed,SUV,7.01,22,35.84,0.68,2.0,Credit Card,Airport Transfer,5,1
6996161,2252093,Austin,30.17841,-97.64872,30.25845,-97.77325,2023-06-01 01:44:03,2023-06-01 02:17:03,No-show,SUV,9.27,33,0.0,0.0,1.0,Credit Card,Night Out,,4
9481860,3600645,San Diego,32.62999,-117.15183,32.67287,-117.19802,2024-11-21 21:47:02,2024-11-21 22:08:02,Completed,Compact,4.0,21,10.2,0.86,1.2,Debit Card,Daily Commute,2,3
1982408,4348619,Detroit,42.23599,-83.01731,42.34782,-83.07107,2024-08-12 08:20:31,2024-08-12 08:57:31,Completed,Sedan,8.2,37,17.26,0.7,1.0,Credit Card,Daily Commute,4,5
2781211,3051657,Denver,39.76106,-104.95797,39.65283,-105.00694,2024-04-03 03:36:24,2024-04-03 03:53:24,Completed,Electric Sedan,7.92,17,22.01,0.42,1.2,App Wallet,Daily Commute,4,12
4629653,6720545,Atlanta,33.78799,-84.39199,33.84694,-84.46202,2023-01-27 20:56:00,2023-01-27 21:18:00,Completed,Sedan,5.72,22,12.8,5.09,1.0,App Wallet,Food Delivery,4,5
1236987,6372521,Dallas,32.70757,-96.77335,32.75389,-96.86853,2022-03-04 08:06:45,2022-03-04 08:33:45,Completed,Sedan,6.39,27,21.0,0.67,1.5,Credit Card,Shopping,5,2
7342677,7441997,Boston,42.40318,-70.96451,42.31236,-71.116,2024-12-02 07:35:51,2024-12-02 08:04:51,Completed,SUV,9.96,29,24.41,0.97,1.0,Credit Card,Daily Commute,5,2
8370980,9491781,San Diego,32.68376,-117.13443,32.65124,-117.15497,2023-10-09 22:18:11,2023-10-09 22:26:11,Completed,Electric Sedan,2.54,8,7.58,0.93,1.0,App Wallet,Night Out,5,4
4926693,1146384,Miami,25.73901,-80.27098,25.73791,-80.23549,2022-12-15 20:10:21,2022-12-15 20:18:21,Completed,Electric Sedan,2.21,8,10.38,0.56,1.5,Debit Card,Shopping,4,15
7649292,5412313,Seattle,47.67481,-122.36187,47.66436,-122.23149,2024-05-02 07:15:05,2024-05-02 07:29:05,Completed,Sedan,6.11,14,13.5,0.26,1.0,Debit Card,Daily Commute,3,3
8172738,9835542,Dallas,32.81965,-96.80669,32.68984,-96.78104,2022-03-23 06:57:00,2022-03-23 07:44:00,Completed,Minivan,9.09,47,51.7,2.98,2.5,Promo Credit,Daily Commute,4,3
8271711,9491781,Dallas,32.78106,-96.81933,32.76716,-96.87223,2022-02-02 05:08:57,2022-02-02 05:24:57,Completed,Sedan,3.22,16,9.96,2.88,1.2,App Wallet,Daily Commute,1,3
5787712,1756312,Austin,30.30681,-97.78784,30.19306,-97.74124,2024-11-13 08:15:28,2024-11-13 08:38:28,Completed,Sedan,8.34,23,21.01,0.56,1.2,Debit Card,Shopping,5,5
2585023,1215079,Dallas,32.84347,-96.79824,32.70389,-96.77223,2023-03-06 19:12:55,2023-03-06 19:40:55,Completed,Sedan,9.76,28,36.12,0.11,1.8,App Wallet,Business Meeting,5,4
3891726,8824155,Dallas,32.68168,-96.89549,32.73349,-96.75147,2023-12-18 11:28:32,2023-12-18 11:50:32,Cancelled,SUV,9.11,22,0.0,0.0,1.0,Credit Card,Shopping,,3
6190373,1113183,Boston,42.291,-70.99079,42.26993,-71.04351,2024-04-21 04:07:30,2024-04-21 04:21:30,Completed,Sedan,3.06,14,8.01,2.26,1.0,App Wallet,Airport Transfer,1,10
8810113,6396714,Nashville,36.11578,-86.86318,36.12711,-86.695,2023-03-18 07:14:40,2023-03-18 08:03:40,No-show,Electric SUV,9.42,49,0.0,0.0,1.0,App Wallet,Night Out,,5
2136766,9369038,Phoenix,33.3955,-112.07345,33.49381,-112.03194,2022-06-09 06:59:02,2022-06-09 07:19:02,Completed,Minivan,7.2,20,20.28,0.84,1.2,Promo Credit,Daily Commute,5,6
9318178,9712536,New York,40.73309,-74.01782,40.63091,-74.08925,2024-09-05 07:56:32,2024-09-05 08:34:32,Completed,Luxury,7.99,38,36.56,8.45,1.2,Promo Credit,Night Out,5,4
2573231,1114875,Portland,45.5208,-122.63042,45.49375,-122.58689,2024-07-23 20:05:44,2024-07-23 20:14:44,Completed,Electric Sedan,2.82,9,12.21,1.98,1.5,Credit Card,Airport Transfer,5,4
5682008,6358117,Detroit,42.40486,-83.06423,42.41354,-82.95735,2024-04-02 10:44:46,2024-04-02 11:10:46,Completed,Sedan,5.49,26,18.57,5.44,1.5,Debit Card,Night Out,5,12
7017578,4978793,Houston,29.79445,-95.46595,29.85956,-95.41909,2024-04-04 21:20:26,2024-04-04 21:48:26,Completed,Sedan,5.3,28,12.04,2.78,1.0,Debit Card,School Run,4,5
6671985,8960545,Atlanta,33.79051,-84.4705,33.81332,-84.31147,2022-02-05 01:24:06,2022-02-05 01:47:06,Completed,SUV,9.27,23,22.89,3.68,1.0,Corporate,Daily Commute,4,5
5521215,8524285,Dallas,32.87246,-96.78262,32.76255,-96.78557,2022-02-17 07:04:10,2022-02-17 07:32:10,No-show,SUV,7.6,28,0.0,0.0,1.0,Credit Card,Airport Transfer,,12
3671243,3052680,Los Angeles,33.9966,-118.29194,33.9575,-118.33874,2024-02-27 22:21:24,2024-02-27 22:29:24,Completed,Sedan,3.81,8,14.04,8.75,1.5,App Wallet,Business Meeting,4,4
5599894,3264820,Seattle,47.67004,-122.24573,47.64136,-122.26694,2023-04-27 23:07:15,2023-04-27 23:17:15,Completed,Compact,2.21,10,5.81,5.56,1.0,Credit Card,Daily Commute,2,12
5963174,9058452,Chicago,41.97204,-87.63911,41.88592,-87.55743,2023-10-15 21:26:44,2023-10-15 22:07:44,Disputed,SUV,7.28,41,0.0,0.0,1.5,App Wallet,Daily Commute,,6
1337102,8686861,Houston,29.71335,-95.46597,29.82442,-95.31063,2024-05-13 10:47:49,2024-05-13 11:51:49,Completed,SUV,12.07,64,87.16,5.34,3.0,Debit Card,Event,4,5
1800613,4671296,Austin,30.22485,-97.70579,30.28088,-97.82847,2023-07-04 08:02:46,2023-07-04 08:46:46,Completed,Compact,8.28,44,29.84,0.16,2.0,Credit Card,Night Out,5,4
8733952,2047804,San Francisco,37.75241,-122.42022,37.794,-122.41755,2024-06-05 05:29:49,2024-06-05 05:39:49,Completed,Electric Sedan,2.88,10,24.78,3.03,3.0,App Wallet,Airport Transfer,5,3
6093999,7668838,Los Angeles,34.05543,-118.21275,34.1425,-118.24891,2023-11-10 21:05:41,2023-11-10 21:41:41,Completed,Electric SUV,6.36,36,26.65,2.91,1.5,Credit Card,Airport Transfer,5,12
6412556,8065087,San Francisco,37.7256,-122.4593,37.70638,-122.43728,2022-03-14 00:45:30,2022-03-14 00:54:30,Completed,Luxury,1.79,9,10.52,15.17,1.2,Promo Credit,Event,5,2
5753513,2509862,Boston,42.32828,-71.15386,42.32694,-71.1031,2022-05-18 18:49:59,2022-05-18 19:02:59,Completed,Sedan,2.59,13,10.74,0.68,1.5,Credit Card,Business Meeting,4,4
2320902,9099345,Las Vegas,36.10727,-115.04211,36.12916,-115.14199,2023-02-24 10:14:02,2023-02-24 10:29:02,Completed,Luxury,5.78,15,40.91,0.26,1.8,App Wallet,Daily Commute,5,5
2513135,1440053,Austin,30.26162,-97.80769,30.33692,-97.66159,2022-05-28 17:15:59,2022-05-28 17:59:59,Cancelled,Sedan,10.15,44,0.0,0.0,1.0,Promo Credit,Night Out,,3
6241382,2726985,Las Vegas,36.11318,-115.15175,36.14718,-115.20176,2022-03-04 08:45:05,2022-03-04 08:52:05,Cancelled,SUV,3.65,7,0.0,0.0,1.0,App Wallet,Daily Commute,,4
1991090,7989220,Los Angeles,34.05967,-118.24708,33.972,-118.16531,2023-02-28 13:07:43,2023-02-28 13:52:43,Completed,SUV,7.66,45,19.35,1.68,1.0,App Wallet,Shopping,5,6
9766599,2058890,Austin,30.19772,-97.70636,30.28061,-97.71635,2022-08-16 17:26:00,2022-08-16 17:49:00,Completed,Electric Sedan,5.76,23,14.02,0.97,1.0,Promo Credit,Food Delivery,4,5
1413235,6596608,Boston,42.33907,-71.08483,42.32389,-71.05466,2023-02-14 11:01:54,2023-02-14 11:09:54,No-show,SUV,1.86,8,0.0,0.0,1.2,Credit Card,Food Delivery,,8
8459889,1949054,Chicago,41.90415,-87.68163,41.80656,-87.62566,2022-05-01 07:06:59,2022-05-01 07:30:59,Completed,Sedan,7.33,24,23.54,0.86,1.5,Debit Card,Daily Commute,5,5
1315223,5760015,New York,40.70149,-74.09576,40.71745,-74.0755,2024-11-09 01:54:50,2024-11-09 02:03:50,Cancelled,Sedan,1.53,9,0.0,0.0,1.0,App Wallet,Airport Transfer,,1
4109930,3888883,San Francisco,37.85625,-122.35809,37.80254,-122.50718,2022-08-11 18:24:30,2022-08-11 18:44:30,Cancelled,Sedan,8.94,20,0.0,0.0,1.2,App Wallet,Medical Appointment,,4
3139124,7694827,Phoenix,33.39699,-112.12404,33.38529,-112.06552,2022-09-17 03:25:34,2022-09-17 03:39:34,Completed,Minivan,3.47,14,9.44,0.7,1.0,Debit Card,Airport Transfer,5,20
6442359,4241118,New York,40.8062,-74.0184,40.68301,-74.10659,2024-11-05 07:48:24,2024-11-05 08:33:24,Cancelled,Luxury,9.68,45,0.0,0.0,1.0,Credit Card,School Run,,8
6007457,7932352,Las Vegas,36.12687,-115.15084,36.07064,-115.20779,2022-04-25 04:20:34,2022-04-25 04:39:34,No-show,Minivan,5.02,19,0.0,0.0,1.0,Debit Card,Medical Appointment,,4
8498527,3655779,Miami,25.86954,-80.09392,25.848,-80.25935,2022-04-01 13:12:08,2022-04-01 13:47:08,Completed,Luxury,10.39,35,38.87,0.32,1.0,Promo Credit,School Run,4,8
1932481,1791389,Dallas,32.87234,-96.72708,32.81247,-96.7344,2024-08-13 12:49:07,2024-08-13 12:57:07,Completed,Sedan,4.16,8,9.99,3.26,1.0,App Wallet,Shopping,5,10
9119538,5965106,Houston,29.73465,-95.29478,29.77251,-95.46655,2023-12-15 21:25:39,2023-12-15 22:07:39,Cancelled,Electric Sedan,10.63,42,0.0,0.0,2.0,Credit Card,School Run,,6
2776540,5113433,New York,40.69274,-73.95136,40.7618,-73.94742,2023-11-21 19:59:59,2023-11-21 20:24:59,Completed,Minivan,4.78,25,12.06,3.96,1.0,Promo Credit,Night Out,5,15
6277044,2766379,San Diego,32.72378,-117.23594,32.6884,-117.08609,2024-09-28 17:41:06,2024-09-28 18:12:06,Completed,Minivan,9.05,31,20.6,0.91,1.0,Debit Card,Shopping,4,4
2707087,9006360,Detroit,42.23796,-82.97184,42.23837,-83.12186,2024-11-02 04:14:43,2024-11-02 04:51:43,Completed,Sedan,7.67,37,32.61,0.3,2.0,Promo Credit,Food Delivery,5,4
2550934,1575083,Las Vegas,36.24467,-115.04176,36.19492,-115.16591,2022-02-23 21:04:16,2022-02-23 21:42:16,Completed,SUV,7.73,38,19.51,3.57,1.0,Credit Card,Food Delivery,4,5
4172311,8589557,Seattle,47.66701,-122.33145,47.69043,-122.29137,2024-05-06 11:37:06,2024-05-06 11:50:06,Completed,Compact,2.47,13,12.41,2.86,2.0,Corporate,Daily Commute,5,15
9567226,1716864,Phoenix,33.49887,-112.13792,33.36545,-112.16279,2023-11-18 13:50:49,2023-11-18 14:35:49,Completed,Electric Sedan,9.33,45,25.39,5.16,1.2,App Wallet,Tourist,4,4
9352888,2801335,Houston,29.84151,-95.46013,29.68999,-95.38763,2024-09-19 02:11:34,2024-09-19 03:05:34,No-show,Sedan,11.34,54,0.0,0.0,1.2,Corporate,Night Out,,5
4878372,6203117,Seattle,47.52751,-122.39707,47.70731,-122.27557,2023-12-10 03:55:38,2023-12-10 04:53:38,Completed,Sedan,13.65,58,40.61,0.45,1.5,Credit Card,Airport Transfer,5,3
6748524,9708117,San Francisco,37.83649,-122.4726,37.84092,-122.47535,2024-12-29 14:17:36,2024-12-29 14:20:36,Completed,SUV,0.4,3,3.38,0.32,1.0,App Wallet,Night Out,3,6
2532001,8408380,San Diego,32.81348,-117.24309,32.65571,-117.14986,2022-09-15 20:58:28,2022-09-15 21:27:28,Completed,SUV,12.17,29,29.27,0.66,1.0,App Wallet,Airport Transfer,3,4
2322312,8806788,Chicago,41.82484,-87.69657,41.81893,-87.70778,2023-05-09 20:15:39,2023-05-09 20:18:39,Completed,Minivan,0.71,3,3.92,5.81,1.0,Credit Card,Airport Transfer,5,12
4223493,4815014,New York,40.69813,-74.04271,40.79127,-74.05218,2022-07-01 12:58:21,2022-07-01 13:28:21,Completed,Minivan,6.45,30,38.5,3.52,2.5,Promo Credit,Night Out,3,5
2020234,6422324,Los Angeles,33.96501,-118.29594,34.14797,-118.15352,2023-01-18 12:34:46,2023-01-18 13:11:46,Cancelled,SUV,15.04,37,0.0,0.0,1.0,Credit Card,Business Meeting,,1
1330877,5987882,Houston,29.8519,-95.45053,29.7005,-95.32519,2022-03-13 12:36:28,2022-03-13 13:02:28,Completed,Sedan,12.88,26,25.68,0.81,1.0,Debit Card,Food Delivery,5,1
6944712,3551223,Boston,42.28685,-71.0538,42.27051,-71.1426,2023-01-01 12:38:45,2023-01-01 12:52:45,Completed,Luxury,4.68,14,28.32,0.23,1.5,Debit Card,Night Out,4,15
2833003,3326217,San Francisco,37.80569,-122.36748,37.69207,-122.4917,2024-02-29 03:04:30,2024-02-29 03:28:30,Completed,Electric SUV,10.38,24,27.41,0.75,1.0,App Wallet,Business Meeting,5,20
3486391,2204536,San Francisco,37.80747,-122.36066,37.82173,-122.42358,2023-09-10 19:03:30,2023-09-10 19:16:30,Completed,Sedan,3.57,13,22.32,0.5,2.5,Debit Card,Tourist,5,4
1774531,1302107,Seattle,47.54353,-122.35228,47.66446,-122.42454,2023-12-24 12:33:29,2023-12-24 13:24:29,Completed,Sedan,9.01,51,22.46,8.92,1.2,App Wallet,Daily Commute,5,4
1804359,7391744,Orlando,28.51002,-81.41357,28.56087,-81.32044,2024-10-29 02:15:27,2024-10-29 02:50:27,Completed,SUV,6.66,35,25.73,0.78,1.5,Debit Card,Airport Transfer,5,5
4568567,9140659,Atlanta,33.79552,-84.33024,33.7951,-84.35386,2022-03-11 17:17:31,2022-03-11 17:22:31,Completed,SUV,1.36,5,5.49,0.88,1.0,App Wallet,Airport Transfer,4,4
5763425,5808059,San Diego,32.62551,-117.25116,32.62623,-117.0676,2022-12-16 19:07:30,2022-12-16 19:47:30,Completed,Electric Sedan,10.68,40,28.63,0.89,1.2,Credit Card,Shopping,4,4
7361967,4649201,Boston,42.43917,-71.13221,42.26853,-70.99209,2024-03-30 16:03:31,2024-03-30 16:36:31,Completed,Sedan,13.79,33,27.32,5.23,1.0,Debit Card,Event,1,3
5588567,9278977,Dallas,32.84425,-96.84962,32.77341,-96.85546,2022-08-25 12:42:04,2022-08-25 13:06:04,Completed,Luxury,4.91,24,23.62,2.05,1.2,Credit Card,Event,4,2
3732711,3806856,Houston,29.70067,-95.28347,29.71148,-95.42639,2024-03-26 00:30:27,2024-03-26 01:14:27,In Progress,Electric Sedan,8.61,44,0.0,0.0,1.0,Promo Credit,Daily Commute,,4
7230825,4298317,San Francisco,37.80428,-122.33824,37.72132,-122.43316,2024-10-14 02:12:35,2024-10-14 02:47:35,Completed,SUV,7.73,35,19.51,8.84,1.0,Credit Card,Shopping,5,3
1638424,8325429,New York,40.65364,-74.01883,40.67637,-74.04068,2022-07-06 06:55:08,2022-07-06 06:59:08,Completed,Sedan,1.94,4,5.99,3.05,1.0,Credit Card,School Run,5,3
8881314,7126514,Chicago,41.83591,-87.70808,41.94751,-87.72458,2024-11-01 08:12:13,2024-11-01 08:48:13,Completed,Electric Sedan,7.76,36,18.02,0.59,1.0,App Wallet,Airport Transfer,5,2
5427893,8759053,Boston,42.37611,-71.02578,42.40106,-71.0658,2022-03-03 09:13:52,2022-03-03 09:20:52,No-show,Luxury,2.67,7,0.0,0.0,1.0,App Wallet,Airport Transfer,,4
6192924,9986878,San Francisco,37.71132,-122.37156,37.74233,-122.47601,2022-02-09 00:54:02,2022-02-09 01:16:02,Completed,Electric Sedan,6.1,22,26.46,0.01,1.8,Credit Card,Food Delivery,5,8
9650840,4884674,Seattle,47.54444,-122.31836,47.63671,-122.34177,2022-11-01 20:18:42,2022-11-01 20:44:42,Completed,Minivan,6.47,26,27.79,1.78,1.8,App Wallet,School Run,4,3
4509930,3903944,San Francisco,37.80439,-122.39409,37.67686,-122.48548,2023-07-13 18:43:31,2023-07-13 19:09:31,Completed,Minivan,10.13,26,22.76,1.77,1.0,App Wallet,Medical Appointment,5,4
3755737,3778530,Portland,45.56091,-122.65936,45.61018,-122.73877,2022-10-05 15:47:27,2022-10-05 15:58:27,No-show,Sedan,5.13,11,0.0,0.0,1.0,Credit Card,Tourist,,6
4242127,7550354,Chicago,41.88645,-87.66752,41.94318,-87.57974,2023-01-04 17:26:38,2023-01-04 17:59:38,Completed,Sedan,5.98,33,13.26,0.61,1.0,App Wallet,Daily Commute,1,2
5271085,4848096,San Diego,32.70939,-117.10955,32.75218,-117.24712,2024-04-08 21:56:56,2024-04-08 22:30:56,Cancelled,Luxury,8.53,34,0.0,0.0,1.2,Promo Credit,Airport Transfer,,5
4721262,9132101,San Francisco,37.75531,-122.41198,37.73816,-122.48439,2022-11-12 00:41:27,2022-11-12 01:00:27,Completed,Minivan,4.13,19,10.76,0.53,1.0,Credit Card,Medical Appointment,5,15
3491693,8777067,Houston,29.81653,-95.28886,29.79146,-95.41393,2024-06-18 07:27:35,2024-06-18 08:09:35,Cancelled,Sedan,7.7,42,0.0,0.0,1.5,Debit Card,Daily Commute,,20
3804524,9839097,New York,40.8034,-74.0397,40.76971,-73.98572,2023-10-08 10:53:25,2023-10-08 11:04:25,Completed,Minivan,3.66,11,9.82,0.73,1.0,App Wallet,Business Meeting,5,4
4425184,7231635,Phoenix,33.51139,-112.01707,33.51133,-112.15364,2023-11-15 08:47:58,2023-11-15 09:26:58,No-show,Sedan,7.87,39,0.0,0.0,1.0,Debit Card,Airport Transfer,,6
1113591,5983404,New York,40.80548,-74.00315,40.66343,-73.99884,2024-06-26 19:36:36,2024-06-26 20:01:36,Completed,Sedan,9.82,25,40.35,3.18,2.0,Credit Card,Airport Transfer,5,2
8172541,2093437,Houston,29.75098,-95.42026,29.7497,-95.3045,2022-11-10 16:57:44,2022-11-10 17:32:44,Completed,Sedan,6.94,35,22.49,5.8,1.5,App Wallet,Shopping,4,20
2824137,1576513,New York,40.63448,-73.94609,40.80533,-74.04255,2023-08-17 06:57:36,2023-08-17 08:11:36,Completed,Sedan,12.84,74,25.61,8.45,1.0,Debit Card,Shopping,4,4
9282682,7794562,New York,40.66913,-73.9622,40.73448,-73.94517,2023-10-08 07:05:19,2023-10-08 07:26:19,Completed,SUV,4.6,21,12.62,0.33,1.0,Corporate,Shopping,5,12
1248757,2929005,Miami,25.793,-80.17347,25.68482,-80.09893,2022-02-16 20:20:31,2022-02-16 20:57:31,Completed,SUV,8.8,37,21.86,3.48,1.0,Credit Card,Business Meeting,3,10
7396484,3487906,Seattle,47.51365,-122.26568,47.60972,-122.2695,2023-01-08 03:03:40,2023-01-08 03:40:40,Completed,SUV,6.64,37,51.32,0.86,3.0,App Wallet,Daily Commute,5,1
2243803,6268380,Los Angeles,34.1249,-118.15939,34.14561,-118.2883,2022-08-01 22:17:11,2022-08-01 23:01:11,Completed,Sedan,7.51,44,24.03,5.67,1.5,App Wallet,Medical Appointment,5,6
7238752,1194669,Denver,39.64874,-104.96698,39.80972,-104.99485,2022-08-14 22:39:24,2022-08-14 23:02:24,Completed,SUV,11.22,23,27.18,15.46,1.0,Debit Card,Food Delivery,5,6
8333911,1419315,Houston,29.78844,-95.40059,29.82885,-95.36249,2023-11-04 04:23:58,2023-11-04 04:38:58,Cancelled,Sedan,3.61,15,0.0,0.0,1.0,App Wallet,Airport Transfer,,6
4325758,3321736,Austin,30.26545,-97.69122,30.18992,-97.66636,2022-11-02 13:17:57,2022-11-02 13:44:57,In Progress,SUV,5.43,27,0.0,0.0,1.2,Corporate,Airport Transfer,,6
8700352,4893031,Phoenix,33.49307,-112.00614,33.52357,-112.14563,2023-06-17 21:48:38,2023-06-17 22:34:38,Cancelled,Sedan,8.31,46,0.0,0.0,1.0,Credit Card,Medical Appointment,,4
1382099,5902613,Miami,25.68735,-80.17448,25.68996,-80.16549,2023-06-16 08:52:19,2023-06-16 08:55:19,Cancelled,Sedan,0.59,3,0.0,0.0,1.2,Credit Card,Event,,4
7441158,5530209,San Diego,32.71243,-117.25461,32.65813,-117.18301,2024-07-04 14:55:09,2024-07-04 15:21:09,Completed,Minivan,5.6,26,13.7,2.16,1.0,App Wallet,Business Meeting,5,20
1568949,3111842,San Francisco,37.84964,-122.50687,37.83138,-122.47365,2023-03-11 23:19:46,2023-03-11 23:24:46,Cancelled,Sedan,2.21,5,0.0,0.0,1.0,Credit Card,Airport Transfer,,1
8726537,7935909,Houston,29.82877,-95.42154,29.74463,-95.40754,2022-07-26 00:25:04,2022-07-26 00:42:04,Completed,SUV,5.87,17,15.41,8.6,1.0,Credit Card,Business Meeting,5,1
1360243,9583352,Atlanta,33.78046,-84.39297,33.77219,-84.44162,2022-11-24 23:39:45,2022-11-24 23:45:45,Completed,Electric Sedan,2.85,6,8.2,5.53,1.0,Crypto,Airport Transfer,5,4
2978939,3942057,San Francisco,37.74019,-122.40281,37.73618,-122.49674,2022-07-17 02:03:12,2022-07-17 02:23:12,Completed,Sedan,5.14,20,14.1,0.54,1.2,App Wallet,Night Out,5,4
2329040,8799390,Austin,30.34464,-97.75936,30.26408,-97.6748,2022-06-21 21:16:15,2022-06-21 21:32:15,Completed,Sedan,7.51,16,28.83,5.52,1.8,Debit Card,Business Meeting,5,6
3464453,3722870,New York,40.62282,-74.10489,40.62685,-73.96421,2023-08-24 05:12:48,2023-08-24 05:29:48,Completed,SUV,7.38,17,46.84,3.97,2.5,Credit Card,Airport Transfer,5,6
4491534,5771473,Nashville,36.09963,-86.77661,36.12394,-86.7052,2024-06-02 01:55:39,2024-06-02 02:08:39,Completed,Sedan,4.33,13,15.44,2.35,1.5,Promo Credit,Daily Commute,2,3
6025773,7182330,San Diego,32.67108,-117.21238,32.72883,-117.16002,2023-02-27 22:20:43,2023-02-27 22:48:43,Cancelled,Compact,5.02,28,0.0,0.0,1.2,App Wallet,Night Out,,4
6453203,1818979,New York,40.66407,-74.09365,40.77776,-73.92453,2023-10-29 23:02:03,2023-10-29 23:26:03,Completed,Sedan,11.84,24,47.62,0.11,2.0,Debit Card,Event,3,6
3297447,4042412,Atlanta,33.73295,-84.30926,33.66065,-84.37919,2023-11-13 06:33:42,2023-11-13 06:54:42,Completed,Electric SUV,6.41,21,26.83,2.53,1.5,App Wallet,Medical Appointment,5,8
3598456,3525706,San Diego,32.69799,-117.21556,32.79801,-117.10721,2024-03-24 08:58:39,2024-03-24 09:32:39,Completed,Compact,9.35,34,29.74,3.18,1.8,Credit Card,Night Out,5,1
5405487,5637705,Los Angeles,33.97236,-118.28537,34.01395,-118.17873,2024-11-23 07:43:39,2024-11-23 07:57:39,Completed,Compact,6.75,14,22.73,0.15,1.8,Credit Card,Daily Commute,4,15
4971856,2470522,Boston,42.35819,-71.02353,42.39275,-70.99368,2024-12-05 15:03:31,2024-12-05 15:16:31,Completed,Sedan,2.83,13,13.67,0.65,1.8,App Wallet,Airport Transfer,5,3
6209732,1604001,Boston,42.28533,-71.03855,42.45211,-71.13138,2024-08-17 09:38:08,2024-08-17 10:12:08,Completed,Compact,12.46,34,21.19,2.66,1.0,App Wallet,Night Out,2,3
1143425,7990479,San Francisco,37.76433,-122.39334,37.72829,-122.47715,2022-07-12 16:38:35,2022-07-12 16:59:35,Completed,Luxury,5.21,21,62.2,10.69,3.0,App Wallet,Daily Commute,3,1
3682705,9732069,Los Angeles,34.06931,-118.15164,34.04401,-118.21391,2022-10-15 15:41:23,2022-10-15 15:58:23,No-show,Electric SUV,3.97,17,0.0,0.0,1.5,Crypto,Daily Commute,,6
1889138,7265758,New York,40.74595,-73.98395,40.75286,-74.07786,2024-09-12 12:45:38,2024-09-12 13:09:38,Completed,Minivan,4.94,24,12.38,0.92,1.0,Promo Credit,Night Out,5,5
8283272,7650663,Dallas,32.73724,-96.71574,32.74125,-96.7586,2024-03-05 11:47:39,2024-03-05 12:01:39,Completed,SUV,2.51,14,24.07,5.93,3.0,Credit Card,Event,5,15
7810921,1509919,Las Vegas,36.14669,-115.20305,36.22234,-115.15111,2024-07-15 22:35:46,2024-07-15 22:50:46,Completed,Compact,5.98,15,11.47,0.63,1.0,App Wallet,Daily Commute,2,5
8826990,7182330,Atlanta,33.69357,-84.44689,33.70305,-84.35694,2022-06-13 23:31:38,2022-06-13 23:56:38,Completed,SUV,5.21,25,13.96,3.43,1.0,Credit Card,Airport Transfer,4,3
5227577,2826037,New York,40.79171,-73.93197,40.68943,-74.04134,2022-12-06 19:48:10,2022-12-06 20:22:10,Completed,Electric SUV,9.1,34,43.81,0.33,1.8,App Wallet,School Run,3,8
4823708,5231132,Los Angeles,34.03178,-118.20228,34.05198,-118.31299,2022-01-15 17:23:20,2022-01-15 18:00:20,Completed,SUV,6.49,37,30.2,3.88,1.8,App Wallet,Airport Transfer,5,8
4084862,3719378,Las Vegas,36.23583,-115.15903,36.09019,-115.14187,2023-08-01 13:36:01,2023-08-01 14:09:01,Completed,Sedan,10.11,33,62.09,2.24,3.0,Debit Card,Airport Transfer,4,2
1294640,7943278,Denver,39.74594,-105.00371,39.75394,-104.88196,2024-05-03 19:16:38,2024-05-03 19:48:38,Completed,Electric Sedan,6.49,32,15.48,5.37,1.0,Credit Card,Event,5,3
1746462,3195950,Detroit,42.41069,-83.10734,42.34181,-83.10901,2023-10-09 19:09:40,2023-10-09 19:26:40,Completed,Sedan,4.76,17,13.28,0.54,1.2,App Wallet,Daily Commute,5,4
6871977,4595231,Las Vegas,36.14016,-115.171,36.20874,-115.19288,2023-06-03 01:34:11,2023-06-03 01:49:11,Cancelled,Electric Sedan,4.89,15,0.0,0.0,2.5,Credit Card,Business Meeting,,8
4941249,5786230,Denver,39.79218,-104.94094,39.67239,-104.91585,2024-03-13 00:54:19,2024-03-13 01:40:19,Completed,Sedan,8.38,46,17.58,0.8,1.0,Debit Card,Night Out,5,12
7533684,5361719,New York,40.75008,-73.99455,40.63536,-73.93552,2023-10-15 18:10:00,2023-10-15 18:27:00,Completed,Sedan,8.51,17,35.64,2.61,2.0,Credit Card,Night Out,5,5
3806238,6093024,Miami,25.67196,-80.14266,25.80917,-80.20496,2022-12-03 19:03:40,2022-12-03 19:48:40,Completed,Electric SUV,10.24,45,27.08,10.68,1.0,App Wallet,Airport Transfer,2,20
2563384,8178368,Houston,29.82032,-95.32796,29.74754,-95.45211,2022-09-17 18:50:02,2022-09-17 19:39:02,Completed,SUV,8.98,49,22.26,8.13,1.0,App Wallet,Daily Commute,4,10
1778389,7229699,Orlando,28.58694,-81.42253,28.57203,-81.34037,2022-10-01 05:02:44,2022-10-01 05:16:44,Completed,Sedan,5.09,14,11.66,2.19,1.0,App Wallet,Airport Transfer,4,4
9957330,8364052,Seattle,47.64097,-122.30254,47.67119,-122.42419,2023-06-27 15:35:56,2023-06-27 16:04:56,Completed,Compact,6.03,29,23.09,2.76,2.0,Credit Card,Daily Commute,5,2
3595874,7785188,Phoenix,33.38566,-112.15748,33.49502,-112.08337,2023-02-19 16:44:26,2023-02-19 17:13:26,Completed,Sedan,8.68,29,18.12,0.44,1.0,Credit Card,Medical Appointment,5,12
4032135,7537039,San Diego,32.77475,-117.25101,32.81517,-117.19326,2024-07-04 02:43:23,2024-07-04 03:03:23,Completed,Compact,4.36,20,9.04,0.0,1.0,Credit Card,Airport Transfer,4,5
9037787,1974038,Los Angeles,34.01556,-118.23409,34.04891,-118.21718,2023-10-16 07:32:13,2023-10-16 07:37:13,Completed,Electric Sedan,2.5,5,18.75,10.59,2.5,Corporate,Medical Appointment,4,6
9029472,5566704,Dallas,32.73788,-96.78364,32.85565,-96.80188,2022-01-18 11:12:21,2022-01-18 11:29:21,No-show,SUV,8.21,17,0.0,0.0,1.0,App Wallet,Night Out,,12
4056833,2766379,Los Angeles,34.0199,-118.29551,34.05842,-118.20284,2022-06-26 20:47:57,2022-06-26 21:19:57,Completed,SUV,5.94,32,28.02,0.15,1.8,Credit Card,Night Out,5,12
6933901,6347815,Detroit,42.36214,-83.01584,42.37267,-83.02027,2024-06-28 06:05:54,2024-06-28 06:08:54,Completed,SUV,0.76,3,4.17,0.47,1.0,Credit Card,Daily Commute,5,5
6575293,1863891,San Francisco,37.68078,-122.3464,37.67145,-122.5123,2023-01-30 21:56:54,2023-01-30 22:32:54,Completed,Sedan,9.1,36,22.66,5.76,1.2,App Wallet,Daily Commute,5,10
3803599,1697484,Austin,30.3596,-97.70613,30.31027,-97.78154,2024-04-23 18:36:51,2024-04-23 18:51:51,Disputed,SUV,5.64,15,0.0,0.0,1.2,Credit Card,Airport Transfer,,1
1548132,5455605,Miami,25.85131,-80.27368,25.69248,-80.23266,2024-11-14 12:09:25,2024-11-14 12:49:25,Completed,Compact,11.27,40,19.41,0.39,1.0,App Wallet,Daily Commute,3,20
7844642,4279897,Minneapolis,45.00164,-93.28189,45.04293,-93.35846,2022-06-06 18:48:55,2022-06-06 19:13:55,Completed,Electric Sedan,4.7,25,14.28,10.16,1.2,Debit Card,Business Meeting,4,1
6682945,2250853,Austin,30.30696,-97.67808,30.31225,-97.82398,2024-11-12 03:31:29,2024-11-12 04:16:29,Completed,Compact,8.71,45,23.35,0.91,1.5,Promo Credit,Daily Commute,5,6
3575900,6054195,New York,40.80003,-74.01868,40.70697,-74.09538,2022-08-02 16:29:21,2022-08-02 16:53:21,Completed,Luxury,7.58,24,43.55,0.43,1.5,App Wallet,Airport Transfer,5,3
5750535,5275417,Los Angeles,34.0665,-118.25949,34.11639,-118.19441,2023-01-31 22:47:27,2023-01-31 23:04:27,Cancelled,Sedan,5.07,17,0.0,0.0,1.0,Corporate,Event,,4
1894345,3950160,San Francisco,37.6862,-122.45936,37.78971,-122.36978,2022-09-19 14:54:02,2022-09-19 15:30:02,Completed,SUV,8.67,36,25.89,0.8,1.2,Promo Credit,Daily Commute,5,12
2680044,7149959,Seattle,47.59865,-122.2523,47.70706,-122.34428,2023-04-06 14:34:35,2023-04-06 14:52:35,Completed,Minivan,8.63,18,29.64,0.8,1.5,App Wallet,Airport Transfer,5,5
5872819,1739839,Dallas,32.70593,-96.85537,32.78511,-96.79136,2022-05-11 04:42:21,2022-05-11 05:11:21,Completed,SUV,6.62,29,25.6,5.64,1.5,Debit Card,Airport Transfer,5,20
7990922,3519929,Boston,42.3277,-71.09851,42.31235,-71.09829,2023-12-27 09:48:26,2023-12-27 09:52:26,Completed,Sedan,1.06,4,4.41,8.63,1.0,Credit Card,Daily Commute,4,8
1957461,4407509,Las Vegas,36.09253,-115.15048,36.14621,-115.23271,2024-03-06 20:38:16,2024-03-06 21:03:16,Completed,Sedan,5.9,25,13.12,0.34,1.0,App Wallet,Medical Appointment,4,10
9568043,7906063,Detroit,42.25425,-83.00851,42.36039,-83.13591,2023-08-21 14:31:59,2023-08-21 15:18:59,Cancelled,Compact,9.81,47,0.0,0.0,1.5,Debit Card,Business Meeting,,6
7456188,7749867,Houston,29.67642,-95.45645,29.77482,-95.32204,2022-08-19 01:10:39,2022-08-19 01:36:39,Completed,Electric SUV,10.55,26,27.82,5.0,1.0,App Wallet,Event,4,15
3671452,3982460,Chicago,41.80674,-87.64341,41.94138,-87.64603,2022-07-18 10:53:38,2022-07-18 11:24:38,Completed,Compact,9.3,31,16.45,0.84,1.0,Credit Card,Tourist,2,3
4909998,3443803,Chicago,41.83959,-87.72813,41.85835,-87.72429,2024-12-12 21:38:42,2024-12-12 21:42:42,Completed,Sedan,1.31,4,5.83,0.3,1.2,App Wallet,Medical Appointment,5,2
7807932,8841972,Seattle,47.66649,-122.26358,47.62848,-122.31471,2022-12-19 04:22:52,2022-12-19 04:36:52,In Progress,Electric Sedan,3.54,14,0.0,0.0,2.5,Debit Card,Business Meeting,,8
3302303,7727100,San Diego,32.80393,-117.10268,32.72425,-117.23177,2022-12-17 12:03:06,2022-12-17 12:43:06,Completed,Sedan,9.3,40,19.24,1.53,1.0,App Wallet,Night Out,5,2
6846864,9920282,Houston,29.8482,-95.45673,29.76923,-95.43278,2023-01-20 12:54:24,2023-01-20 13:08:24,Completed,Electric Sedan,5.64,14,16.54,0.4,1.2,Debit Card,Airport Transfer,4,15
7201703,1694506,Seattle,47.65219,-122.23003,47.69479,-122.42788,2022-10-08 23:10:46,2022-10-08 23:43:46,Completed,Compact,9.66,33,30.58,0.05,1.8,Credit Card,Business Meeting,5,12
7027087,4198878,Nashville,36.13328,-86.78167,36.11907,-86.68574,2024-08-02 23:25:26,2024-08-02 23:51:26,Cancelled,Electric Sedan,5.44,26,0.0,0.0,1.0,App Wallet,Night Out,,4
1281618,9942022,Chicago,41.94179,-87.55416,41.92627,-87.64019,2023-09-19 09:32:12,2023-09-19 09:58:12,Completed,SUV,4.55,26,12.51,0.32,1.0,Debit Card,Airport Transfer,5,4
5249308,7475358,Austin,30.22228,-97.81036,30.28261,-97.65822,2024-07-20 05:45:19,2024-07-20 06:08:19,Completed,Luxury,9.99,23,74.93,0.04,2.0,Credit Card,Airport Transfer,5,10
3190504,3874978,San Francisco,37.81605,-122.50309,37.8562,-122.45278,2022-11-13 19:52:30,2022-11-13 20:13:30,Cancelled,Electric SUV,3.9,21,0.0,0.0,1.5,Debit Card,Business Meeting,,5
8834717,4555648,Las Vegas,36.14698,-115.17035,36.25884,-115.201,2024-09-14 19:31:36,2024-09-14 19:48:36,Completed,SUV,7.92,17,19.92,15.63,1.0,Credit Card,Daily Commute,5,4
4038030,4230379,Chicago,41.80444,-87.61499,41.85586,-87.71515,2024-05-25 16:30:15,2024-05-25 17:02:15,Completed,Minivan,6.26,32,15.02,8.19,1.0,Credit Card,Daily Commute,5,8
1450653,3609000,Austin,30.19561,-97.79658,30.1704,-97.76041,2022-05-09 11:20:36,2022-05-09 11:31:36,No-show,Sedan,2.78,11,0.0,0.0,1.8,Credit Card,Night Out,,6
2290387,3906365,Houston,29.70267,-95.44072,29.79537,-95.27511,2022-01-30 00:02:49,2022-01-30 00:31:49,Cancelled,Electric Sedan,11.82,29,0.0,0.0,1.8,Credit Card,Airport Transfer,,8
3440624,3850158,Las Vegas,36.15334,-115.13426,36.20731,-115.14221,2023-08-18 02:55:12,2023-08-18 03:04:12,Completed,Electric SUV,3.76,9,11.52,2.93,1.0,Crypto,Daily Commute,5,4
8528659,3864681,San Francisco,37.77332,-122.4163,37.8476,-122.42962,2023-03-27 05:27:59,2023-03-27 05:38:59,Completed,Electric Sedan,5.18,11,19.29,0.52,1.5,Credit Card,Shopping,4,2
7238127,1682268,San Francisco,37.83698,-122.48735,37.8433,-122.38966,2022-07-09 07:18:00,2022-07-09 07:46:00,Disputed,Luxury,5.35,28,0.0,0.0,1.0,Credit Card,Event,,8
1258200,3231079,San Francisco,37.82269,-122.45451,37.67974,-122.35865,2024-09-20 11:41:49,2024-09-20 12:08:49,No-show,SUV,11.18,27,0.0,0.0,1.0,Credit Card,Food Delivery,,3
6255664,4191394,Miami,25.85106,-80.10177,25.75782,-80.25323,2022-10-16 11:15:35,2022-10-16 12:01:35,Completed,SUV,11.41,46,27.6,2.49,1.0,Credit Card,Event,5,3
9093425,2723882,Austin,30.21107,-97.7155,30.18556,-97.71114,2023-04-03 09:37:46,2023-04-03 09:43:46,Cancelled,SUV,1.78,6,0.0,0.0,1.0,Credit Card,Food Delivery,,4
8536708,2446859,Chicago,41.80099,-87.69596,41.95785,-87.61879,2023-10-07 09:39:08,2023-10-07 10:22:08,Completed,SUV,11.54,43,69.72,1.7,2.5,App Wallet,Business Meeting,4,8
3893724,5599081,Nashville,36.15442,-86.68611,36.15667,-86.78548,2022-12-01 21:21:40,2022-12-01 21:53:40,Completed,SUV,5.55,32,36.78,2.01,2.5,Credit Card,Food Delivery,4,12
9472131,5967071,Dallas,32.70122,-96.75076,32.76353,-96.76867,2022-07-14 06:12:12,2022-07-14 06:24:12,Completed,Sedan,4.43,12,10.47,1.33,1.0,Debit Card,School Run,5,6
2160854,1175497,Miami,25.756,-80.12677,25.82873,-80.10913,2023-06-24 18:36:39,2023-06-24 19:05:39,Completed,Sedan,5.14,29,23.5,3.5,2.0,Credit Card,Night Out,3,4
8192092,8465826,San Diego,32.77099,-117.09369,32.62692,-117.1286,2022-12-10 18:04:27,2022-12-10 18:59:27,Cancelled,Sedan,10.16,55,0.0,0.0,1.0,App Wallet,Night Out,,5
9260634,4011350,San Diego,32.65496,-117.16085,32.74087,-117.09856,2024-05-15 03:03:31,2024-05-15 03:37:31,Completed,SUV,6.95,34,17.79,8.32,1.0,App Wallet,Night Out,5,3
5981928,2230605,Boston,42.36416,-71.10254,42.30451,-70.96514,2022-08-14 15:21:33,2022-08-14 15:46:33,Completed,Sedan,8.14,25,25.73,0.56,1.5,Credit Card,Airport Transfer,5,2
2484320,8619647,Portland,45.48134,-122.6576,45.46077,-122.60136,2023-02-27 05:09:10,2023-02-27 05:25:10,No-show,Sedan,3.07,16,0.0,0.0,1.0,Credit Card,Event,,4
8243038,8949406,Seattle,47.55181,-122.37427,47.55536,-122.40698,2022-06-14 23:50:53,2022-06-14 23:58:53,No-show,Compact,1.54,8,0.0,0.0,1.5,Debit Card,Business Meeting,,3
9114145,7356632,Houston,29.76569,-95.38449,29.83232,-95.33893,2023-09-15 06:10:35,2023-09-15 06:38:35,No-show,Electric SUV,5.35,28,0.0,0.0,1.0,Debit Card,Daily Commute,,6
6993288,6655606,Los Angeles,33.95899,-118.14055,34.078,-118.23397,2024-06-06 12:42:24,2024-06-06 13:24:24,Completed,Electric Sedan,9.81,42,44.24,5.53,2.0,Credit Card,Medical Appointment,3,3
1183003,7559837,Denver,39.763,-105.05909,39.71713,-104.92415,2022-08-15 15:03:41,2022-08-15 15:20:41,Cancelled,Electric Sedan,7.84,17,0.0,0.0,1.0,Credit Card,Night Out,,15
7134448,2567078,Houston,29.78019,-95.42872,29.68126,-95.32677,2023-03-09 03:23:45,2023-03-09 03:48:45,In Progress,Minivan,9.17,25,0.0,0.0,1.0,Credit Card,Daily Commute,,4
8359648,2686440,Minneapolis,44.89235,-93.35314,44.9219,-93.28309,2022-07-22 20:30:40,2022-07-22 20:41:40,Completed,SUV,3.99,11,20.3,1.34,1.8,Credit Card,Daily Commute,4,4
6261392,1444615,San Francisco,37.70281,-122.45972,37.85557,-122.5104,2022-07-19 07:33:06,2022-07-19 08:30:06,Cancelled,Electric Sedan,10.91,57,0.0,0.0,2.5,Credit Card,Airport Transfer,,8
7558774,4696739,Dallas,32.7987,-96.7416,32.6919,-96.71637,2022-06-30 00:35:17,2022-06-30 00:52:17,Disputed,Luxury,7.52,17,0.0,0.0,1.0,App Wallet,Airport Transfer,,4
5436887,6044881,Chicago,41.88024,-87.69241,41.88416,-87.70536,2023-06-01 02:57:44,2023-06-01 03:00:44,Disputed,Sedan,0.72,3,0.0,0.0,1.5,App Wallet,Airport Transfer,,3
7226185,8951905,Austin,30.31639,-97.68066,30.2223,-97.74582,2022-03-22 09:44:11,2022-03-22 10:10:11,No-show,Luxury,7.58,26,0.0,0.0,1.2,Credit Card,Shopping,,3
7069425,7757053,Portland,45.61576,-122.7033,45.58302,-122.68774,2023-08-18 04:10:29,2023-08-18 04:17:29,Completed,Luxury,2.38,7,10.83,0.24,1.0,Credit Card,Airport Transfer,5,8
5669364,7693188,Los Angeles,34.03264,-118.17535,34.04566,-118.27242,2022-05-14 05:24:24,2022-05-14 05:36:24,No-show,Minivan,5.63,12,0.0,0.0,1.2,Promo Credit,Night Out,,8
6269066,4223996,Houston,29.68444,-95.34824,29.85723,-95.39047,2024-11-19 04:15:13,2024-11-19 04:59:13,Completed,Electric Sedan,12.2,44,53.8,10.96,2.0,Crypto,Daily Commute,5,2
9676489,1786608,New York,40.7238,-74.1043,40.7317,-73.92445,2023-05-09 04:28:19,2023-05-09 05:03:19,Completed,Sedan,9.43,35,19.47,15.71,1.0,Debit Card,Night Out,3,1
6952455,1083554,San Francisco,37.8633,-122.49564,37.69228,-122.47549,2024-10-18 19:25:34,2024-10-18 20:15:34,Completed,Electric Sedan,11.87,50,26.24,2.53,1.0,Debit Card,School Run,2,2
6728007,2462436,Los Angeles,34.0044,-118.31385,33.96134,-118.24474,2023-05-09 01:00:13,2023-05-09 01:22:13,Completed,Sedan,4.95,22,11.41,2.94,1.0,Credit Card,Daily Commute,4,6
9790920,7999594,Austin,30.21307,-97.68152,30.31752,-97.82578,2023-07-11 12:12:02,2023-07-11 12:34:02,Cancelled,SUV,11.23,22,0.0,0.0,1.0,Debit Card,Tourist,,5
7895050,1204808,Los Angeles,34.02524,-118.30348,34.1031,-118.20143,2024-01-15 16:12:44,2024-01-15 16:49:44,Disputed,Minivan,7.94,37,0.0,0.0,1.0,App Wallet,Food Delivery,,4
1011181,1219022,Seattle,47.59485,-122.3821,47.60995,-122.31228,2023-01-25 20:47:57,2023-01-25 20:57:57,Completed,Compact,3.42,10,7.63,0.97,1.0,App Wallet,Airport Transfer,3,5
4051199,1638062,Boston,42.35557,-71.11486,42.42499,-70.96399,2022-02-07 00:49:19,2022-02-07 01:18:19,Completed,Sedan,9.07,29,18.83,0.3,1.0,Crypto,Airport Transfer,4,5
8796729,2192561,Phoenix,33.49675,-112.03815,33.43511,-112.12896,2022-02-26 16:06:49,2022-02-26 16:35:49,Completed,Minivan,6.75,29,16.0,15.25,1.0,Credit Card,Shopping,3,10
6589286,4454348,San Diego,32.7683,-117.12109,32.79027,-117.18859,2024-12-25 23:08:41,2024-12-25 23:16:41,Completed,Electric SUV,4.2,8,31.45,0.41,2.5,App Wallet,Tourist,4,3
2433333,2993275,Detroit,42.2699,-83.03763,42.31085,-83.10804,2024-11-21 04:20:59,2024-11-21 04:34:59,No-show,Sedan,4.58,14,0.0,0.0,1.2,Debit Card,Daily Commute,,2
6465021,1674635,Miami,25.71279,-80.14393,25.68961,-80.16879,2022-02-28 03:07:15,2022-02-28 03:14:15,Completed,Sedan,2.23,7,7.82,3.37,1.2,Debit Card,Daily Commute,1,5
7471880,3523138,Minneapolis,45.03681,-93.30976,44.90997,-93.35494,2022-04-05 03:46:48,2022-04-05 04:10:48,Completed,Sedan,9.04,24,22.53,5.83,1.2,Debit Card,Airport Transfer,1,2
1508840,4230379,Las Vegas,36.16567,-115.11157,36.10583,-115.09453,2023-08-26 12:16:41,2023-08-26 12:39:41,Completed,Electric SUV,4.24,23,12.68,2.27,1.0,Debit Card,Night Out,5,3
4623740,2913678,Orlando,28.5538,-81.45492,28.53856,-81.33373,2022-11-14 11:28:58,2022-11-14 11:46:58,Completed,Luxury,7.43,18,28.5,2.37,1.0,Credit Card,School Run,5,2
8772762,1072112,Minneapolis,44.90201,-93.21494,44.92669,-93.17832,2023-04-04 00:32:57,2023-04-04 00:42:57,Completed,Sedan,2.47,10,10.42,3.41,1.5,Corporate,Business Meeting,5,3
9984800,6837635,Boston,42.45981,-70.99303,42.38363,-71.11007,2023-08-17 00:46:39,2023-08-17 01:25:39,Cancelled,SUV,7.96,39,0.0,0.0,1.8,App Wallet,Food Delivery,,4
6722562,4279897,Los Angeles,33.95869,-118.14085,34.14584,-118.20941,2023-06-22 19:31:30,2023-06-22 20:26:30,Completed,SUV,13.51,55,64.44,10.5,2.0,Corporate,Night Out,4,5
9014759,9652612,San Francisco,37.85982,-122.4245,37.86331,-122.4516,2024-06-06 09:44:10,2024-06-06 09:52:10,Completed,Electric SUV,1.5,8,6.1,0.03,1.0,Credit Card,Daily Commute,4,6
1389083,6551559,New York,40.66793,-74.05634,40.65204,-73.92821,2024-11-27 01:38:42,2024-11-27 02:09:42,Completed,Electric SUV,6.8,31,18.82,0.63,1.0,Crypto,Night Out,5,10
3392414,7863304,Houston,29.8032,-95.42027,29.85403,-95.44897,2023-02-25 00:19:58,2023-02-25 00:40:58,Completed,Minivan,3.91,21,10.32,0.65,1.0,Promo Credit,Airport Transfer,5,12
1336065,8253284,San Diego,32.80193,-117.13288,32.71493,-117.18422,2024-07-28 21:49:55,2024-07-28 22:25:55,Completed,Minivan,6.71,36,19.1,1.62,1.2,Credit Card,Airport Transfer,4,6
5241794,3632452,Miami,25.81137,-80.1796,25.80221,-80.09484,2022-05-01 21:20:21,2022-05-01 21:42:21,Completed,SUV,5.31,22,25.53,5.4,1.8,Promo Credit,Event,5,12
7125591,7541257,Chicago,41.91255,-87.69061,41.91332,-87.54378,2023-12-12 07:12:09,2023-12-12 07:51:09,Completed,Compact,7.55,39,27.65,0.29,2.0,Debit Card,Night Out,5,12
9144369,6440559,New York,40.77982,-74.06692,40.66533,-73.91271,2024-02-20 02:33:19,2024-02-20 03:37:19,Completed,Sedan,11.3,64,45.68,3.09,2.0,Promo Credit,Food Delivery,5,4
1944922,8371789,Miami,25.84227,-80.13362,25.69713,-80.14629,2023-03-31 10:26:35,2023-03-31 11:03:35,Completed,Sedan,10.06,37,24.73,0.23,1.2,Credit Card,Event,5,10
3499142,5441429,Los Angeles,34.08954,-118.30507,34.11854,-118.21007,2022-05-09 09:01:26,2022-05-09 09:14:26,Cancelled,Sedan,5.79,13,0.0,0.0,1.0,App Wallet,Daily Commute,,1
1876719,7371729,Austin,30.24855,-97.66793,30.233,-97.67606,2022-12-24 16:34:33,2022-12-24 16:40:33,Cancelled,Sedan,1.18,6,0.0,0.0,2.5,App Wallet,Food Delivery,,15
9166437,2563875,Chicago,41.83191,-87.54029,41.95508,-87.62914,2022-08-28 15:34:43,2022-08-28 16:04:43,Completed,SUV,9.66,30,28.5,5.15,1.2,Debit Card,Business Meeting,5,2
7582982,9317875,Los Angeles,34.06327,-118.26593,34.09857,-118.20414,2024-09-10 05:03:14,2024-09-10 05:24:14,Completed,Compact,4.3,21,13.42,1.14,1.5,App Wallet,Daily Commute,5,3
2733437,8293560,Houston,29.73396,-95.4615,29.75437,-95.28063,2024-01-11 01:15:43,2024-01-11 01:48:43,Completed,Sedan,10.94,33,33.29,8.64,1.5,Debit Card,Business Meeting,2,3
7254060,6833333,Seattle,47.67594,-122.3081,47.63686,-122.26469,2023-05-03 22:46:06,2023-05-03 22:55:06,Cancelled,SUV,3.37,9,0.0,0.0,2.0,Credit Card,Event,,20
7352752,3326217,Los Angeles,34.07396,-118.25323,34.09008,-118.25806,2024-03-04 03:41:47,2024-03-04 03:45:47,Cancelled,Compact,1.15,4,0.0,0.0,1.2,Credit Card,Daily Commute,,3
6995222,1313723,Houston,29.74056,-95.38691,29.66048,-95.38239,2022-10-16 19:35:32,2022-10-16 19:52:32,Cancelled,Minivan,5.54,17,0.0,0.0,1.5,Credit Card,Airport Transfer,,3
7832649,3407343,Miami,25.8646,-80.21609,25.86878,-80.09141,2022-07-11 08:58:04,2022-07-11 09:33:04,Completed,Sedan,7.76,35,16.47,10.37,1.0,Corporate,Shopping,1,1
1724153,6980745,Atlanta,33.65121,-84.34931,33.79666,-84.44942,2022-12-28 10:35:58,2022-12-28 11:19:58,Completed,SUV,11.58,44,41.96,2.57,1.5,App Wallet,School Run,4,3
4199407,6503450,Los Angeles,33.98761,-118.24839,34.09458,-118.1648,2023-02-20 15:57:15,2023-02-20 16:29:15,Completed,Sedan,8.81,32,22.03,0.18,1.2,Debit Card,Airport Transfer,4,3
2073660,7983349,Denver,39.65008,-104.96479,39.67997,-104.88918,2022-07-22 11:03:21,2022-07-22 11:21:21,Completed,Electric SUV,4.52,18,20.02,3.6,1.5,Credit Card,School Run,5,4
3764799,5378266,Seattle,47.62982,-122.31005,47.59764,-122.42561,2023-04-24 12:41:14,2023-04-24 13:03:14,Cancelled,Electric Sedan,5.82,22,0.0,0.0,1.0,Debit Card,Airport Transfer,,5
4375012,4444337,Houston,29.68935,-95.4288,29.85303,-95.42929,2023-07-27 11:25:24,2023-07-27 12:05:24,Completed,SUV,11.31,40,32.86,0.91,1.2,Promo Credit,Daily Commute,3,5
6427608,1716864,Austin,30.20851,-97.65597,30.35672,-97.75801,2023-10-23 06:13:01,2023-10-23 06:58:01,Completed,Sedan,11.91,45,28.73,0.51,1.2,Credit Card,Daily Commute,4,3
3013924,6701591,Seattle,47.61759,-122.33246,47.58417,-122.31007,2023-03-28 22:29:23,2023-03-28 22:39:23,Completed,SUV,2.53,10,14.52,1.76,1.8,App Wallet,Medical Appointment,4,2
6143270,7935909,San Diego,32.65206,-117.1702,32.73886,-117.18436,2024-06-26 23:28:28,2024-06-26 23:59:28,Completed,SUV,6.05,31,15.81,0.57,1.0,App Wallet,Airport Transfer,5,3
4064579,9701824,Austin,30.27261,-97.78053,30.22584,-97.70818,2024-05-24 10:02:13,2024-05-24 10:32:13,Cancelled,Compact,5.39,30,0.0,0.0,1.0,App Wallet,Night Out,,10
6677626,2204536,New York,40.80495,-74.03289,40.6515,-74.08051,2022-06-25 01:57:24,2022-06-25 02:47:24,Completed,Sedan,10.89,50,22.1,15.36,1.0,Credit Card,Food Delivery,4,6
6827373,1674635,San Francisco,37.86593,-122.40139,37.67436,-122.4005,2022-02-21 04:13:57,2022-02-21 05:28:57,Completed,SUV,13.24,75,63.26,3.36,2.0,App Wallet,Airport Transfer,5,6
2559694,4491918,Minneapolis,44.97989,-93.22786,45.07928,-93.25027,2022-06-16 00:09:59,2022-06-16 00:44:59,Disputed,SUV,6.95,35,0.0,0.0,1.0,Debit Card,Event,,5
3060155,8893539,Dallas,32.82148,-96.73391,32.76022,-96.8201,2024-04-28 01:23:39,2024-04-28 01:43:39,Cancelled,SUV,6.56,20,0.0,0.0,1.5,Credit Card,Daily Commute,,6
3334484,5180555,Dallas,32.7998,-96.82181,32.87268,-96.84753,2022-06-15 00:42:12,2022-06-15 01:02:12,Completed,Minivan,5.25,20,26.0,0.84,2.0,App Wallet,Shopping,5,15
7130897,5157848,San Francisco,37.69557,-122.45542,37.68775,-122.36994,2023-09-28 22:33:45,2023-09-28 22:46:45,Completed,Compact,4.7,13,17.19,5.29,1.8,Corporate,Event,5,5
5404593,9942022,Seattle,47.58503,-122.32362,47.6237,-122.37753,2023-08-24 13:00:57,2023-08-24 13:08:57,In Progress,Sedan,3.67,8,0.0,0.0,2.0,Corporate,Airport Transfer,,4
2774306,6753531,Denver,39.64414,-104.88777,39.7003,-104.9299,2024-11-07 10:02:48,2024-11-07 10:11:48,Completed,Compact,4.48,9,13.83,2.66,1.5,App Wallet,School Run,5,4
7884403,9936682,Austin,30.17682,-97.73425,30.31139,-97.71942,2024-10-12 07:28:15,2024-10-12 08:11:15,Completed,Compact,9.34,43,16.51,0.75,1.0,Promo Credit,Business Meeting,5,20
5164542,6628851,Seattle,47.66671,-122.2857,47.66253,-122.27761,2022-07-01 16:41:51,2022-07-01 16:44:51,Disputed,SUV,0.47,3,0.0,0.0,1.5,Debit Card,Night Out,,8
2867608,1604902,Los Angeles,33.98811,-118.32552,34.14142,-118.21319,2022-07-13 13:13:45,2022-07-13 13:54:45,Cancelled,Luxury,12.39,41,0.0,0.0,1.0,Credit Card,Daily Commute,,5
4077048,3441581,Denver,39.79085,-105.05271,39.77272,-104.99424,2024-07-31 02:58:45,2024-07-31 03:14:45,Completed,Compact,3.35,16,7.53,1.27,1.0,Credit Card,Night Out,5,15
6923959,9325363,Los Angeles,33.977,-118.31152,34.02125,-118.28406,2022-12-21 07:20:04,2022-12-21 07:37:04,Completed,SUV,3.44,17,10.07,3.39,1.0,App Wallet,Daily Commute,4,1
7849866,2767458,Boston,42.39127,-71.00222,42.38379,-70.98193,2022-01-09 22:24:35,2022-01-09 22:28:35,Completed,Electric Sedan,1.16,4,4.82,0.01,1.0,App Wallet,Daily Commute,5,5
9554002,4779027,Austin,30.17726,-97.77112,30.30021,-97.72988,2022-10-06 05:55:35,2022-10-06 06:18:35,Completed,SUV,8.84,23,21.95,0.4,1.0,Credit Card,Airport Transfer,5,3
5479701,3151041,Portland,45.6021,-122.59311,45.56329,-122.59411,2024-03-22 20:30:54,2024-03-22 20:36:54,Completed,SUV,2.68,6,8.4,0.76,1.0,Credit Card,Night Out,3,2
9291236,6663333,Phoenix,33.43184,-112.16026,33.48778,-112.00483,2023-01-20 18:17:59,2023-01-20 18:51:59,Disputed,Luxury,9.76,34,0.0,0.0,3.0,Credit Card,Airport Transfer,,12
1178552,5554302,Boston,42.42603,-71.14309,42.32095,-71.10209,2023-01-17 11:36:53,2023-01-17 11:55:53,Completed,Sedan,7.56,19,40.27,5.15,2.5,Credit Card,Daily Commute,5,1
8097685,2161701,San Francisco,37.70358,-122.45552,37.82334,-122.40413,2022-12-19 12:06:28,2022-12-19 12:28:28,Completed,Sedan,8.74,22,27.35,2.97,1.5,App Wallet,Daily Commute,4,3
4053319,8253284,Boston,42.2687,-71.01428,42.42367,-71.01013,2024-01-09 20:12:30,2024-01-09 20:38:30,Completed,SUV,10.71,26,26.06,0.73,1.0,Corporate,Night Out,5,2
6821557,2114853,Seattle,47.51133,-122.35152,47.53189,-122.32272,2023-07-12 16:32:44,2023-07-12 16:43:44,Completed,Sedan,1.96,11,12.06,0.96,2.0,Debit Card,Airport Transfer,4,5
3346511,9058452,Las Vegas,36.1276,-115.04145,36.09534,-115.1639,2024-01-03 23:42:41,2024-01-04 00:08:41,Completed,Minivan,7.19,26,16.88,0.8,1.0,Promo Credit,Medical Appointment,2,2
4461723,7391744,Miami,25.73012,-80.23286,25.82299,-80.11822,2024-11-23 20:52:14,2024-11-23 21:17:14,Completed,Minivan,9.59,25,32.52,0.23,1.5,App Wallet,Tourist,3,3
1390949,4104559,San Francisco,37.75456,-122.32371,37.73899,-122.44576,2024-06-22 07:08:13,2024-06-22 07:43:13,Completed,Electric Sedan,6.75,35,19.2,2.91,1.2,Credit Card,Event,4,5
9696500,5333257,Austin,30.18112,-97.6699,30.24198,-97.76249,2024-08-05 03:49:19,2024-08-05 04:07:19,Completed,Electric Sedan,6.95,18,16.4,0.0,1.0,Credit Card,Daily Commute,5,3
3179735,4860109,Boston,42.30429,-71.05362,42.29209,-71.13859,2023-09-16 12:53:28,2023-09-16 13:12:28,Completed,Sedan,4.42,19,10.46,3.47,1.0,App Wallet,Night Out,5,4
2020959,1706629,Phoenix,33.35209,-112.08538,33.35301,-112.00447,2024-07-17 06:37:30,2024-07-17 07:01:30,No-show,Compact,4.67,24,0.0,0.0,1.2,Credit Card,Food Delivery,,3
6124052,3071914,Chicago,41.82241,-87.6431,41.93128,-87.66787,2022-02-16 12:44:41,2022-02-16 13:28:41,Cancelled,Electric Sedan,7.63,44,0.0,0.0,1.8,Corporate,Food Delivery,,4
8710171,4407509,Detroit,42.29717,-83.11436,42.33189,-83.11431,2024-12-29 22:01:08,2024-12-29 22:11:08,Completed,Sedan,2.4,10,6.82,0.97,1.0,Credit Card,School Run,5,2
4053000,9529208,San Francisco,37.67333,-122.51895,37.85353,-122.43407,2023-09-28 14:49:18,2023-09-28 15:33:18,Cancelled,Luxury,13.29,44,0.0,0.0,1.5,Credit Card,Medical Appointment,,6
9647064,3308235,Nashville,36.16487,-86.80805,36.1258,-86.68643,2024-08-17 23:43:33,2024-08-18 00:00:33,Completed,SUV,7.3,17,33.41,2.75,1.8,App Wallet,Tourist,4,15
7819209,1672762,New York,40.64152,-74.07625,40.78905,-73.92474,2023-07-21 22:42:32,2023-07-21 23:24:32,Completed,Compact,12.92,42,21.88,10.3,1.0,Credit Card,Night Out,5,4
6828358,9930977,Phoenix,33.5366,-112.02078,33.43413,-112.12466,2023-04-29 23:32:39,2023-04-30 00:01:39,Completed,SUV,9.27,29,22.89,0.68,1.0,Promo Credit,Daily Commute,5,10
1317615,3906365,Portland,45.51615,-122.75862,45.53197,-122.71707,2023-11-03 16:45:29,2023-11-03 16:53:29,Completed,SUV,2.29,8,13.57,3.85,1.8,App Wallet,Medical Appointment,1,4
8144243,7461593,Phoenix,33.35576,-112.15125,33.36541,-112.16869,2022-11-21 17:13:12,2022-11-21 17:19:12,Completed,Sedan,1.21,6,5.61,1.41,1.2,App Wallet,Tourist,5,5
4560246,4510089,Nashville,36.15174,-86.84542,36.23895,-86.87852,2022-09-07 18:21:06,2022-09-07 18:50:06,Disputed,Sedan,6.3,29,0.0,0.0,1.5,Credit Card,Tourist,,1
7816910,8677952,Phoenix,33.44706,-112.05279,33.5438,-112.1103,2022-07-19 23:33:08,2022-07-20 00:17:08,Completed,Sedan,7.46,44,15.93,0.05,1.0,Credit Card,Night Out,4,6
7825525,9469947,Los Angeles,34.0636,-118.20226,34.13654,-118.22029,2024-08-22 08:44:29,2024-08-22 08:59:29,Completed,SUV,5.14,15,27.62,1.61,2.0,App Wallet,Business Meeting,5,8
4916979,1379531,Los Angeles,34.10889,-118.29678,34.00997,-118.15876,2023-12-10 10:16:38,2023-12-10 11:12:38,No-show,Minivan,10.45,56,0.0,0.0,1.2,Promo Credit,Daily Commute,,2
4377576,7229699,Houston,29.77935,-95.29088,29.67194,-95.38659,2022-06-18 15:18:07,2022-06-18 15:39:07,Disputed,Sedan,9.38,21,0.0,0.0,1.2,App Wallet,Shopping,,3
5416176,9503681,San Francisco,37.82364,-122.39217,37.70829,-122.42374,2024-02-17 00:38:17,2024-02-17 01:12:17,No-show,Sedan,8.15,34,0.0,0.0,1.2,App Wallet,Airport Transfer,,4
2960073,3609000,Minneapolis,45.05585,-93.32547,44.98822,-93.30623,2022-02-10 02:35:09,2022-02-10 02:59:09,No-show,Electric Sedan,4.77,24,0.0,0.0,1.0,Crypto,Night Out,,3
9759413,5930713,Chicago,41.95873,-87.72266,41.97665,-87.55386,2023-05-01 14:41:48,2023-05-01 15:08:48,Completed,Electric Sedan,8.76,27,24.02,3.79,1.2,Credit Card,Shopping,5,4
2135982,5682371,Detroit,42.31158,-83.08514,42.35866,-83.08564,2024-04-18 23:04:50,2024-04-18 23:11:50,Completed,Compact,3.25,7,13.28,1.57,1.8,Credit Card,Medical Appointment,5,10
3225221,2161701,Chicago,41.95551,-87.67074,41.78829,-87.64232,2024-09-25 15:12:19,2024-09-25 16:03:19,Completed,Sedan,11.65,51,23.47,0.11,1.0,Credit Card,Daily Commute,5,3
8983094,1302107,San Diego,32.7689,-117.09664,32.708,-117.15848,2024-03-11 10:07:21,2024-03-11 10:21:21,Completed,Electric Sedan,5.53,14,13.56,1.38,1.0,Credit Card,Daily Commute,5,8
6056758,7038923,Los Angeles,34.00586,-118.25139,33.95618,-118.30342,2023-05-24 17:11:32,2023-05-24 17:35:32,No-show,SUV,4.55,24,0.0,0.0,2.5,App Wallet,Shopping,,12
4948022,7040407,Phoenix,33.42418,-112.01378,33.45454,-112.13823,2022-09-22 18:59:17,2022-09-22 19:32:17,Completed,Sedan,7.48,33,23.95,5.28,1.5,App Wallet,Daily Commute,5,3
1596584,5283792,Chicago,41.86826,-87.65413,41.79537,-87.70937,2023-10-19 17:42:01,2023-10-19 17:58:01,Completed,Compact,5.78,16,33.51,1.98,3.0,Credit Card,Event,5,4
3733626,1569088,Nashville,36.21914,-86.86319,36.16065,-86.80038,2024-07-26 00:25:27,2024-07-26 00:41:27,Completed,Sedan,5.35,16,12.13,10.91,1.0,Crypto,Daily Commute,5,2
5581658,7092373,Dallas,32.75087,-96.70487,32.72053,-96.83633,2024-02-10 06:05:49,2024-02-10 06:47:49,Completed,Sedan,7.92,42,20.11,0.46,1.2,App Wallet,Airport Transfer,5,8
2760714,6171279,Phoenix,33.38145,-112.02582,33.52287,-112.00197,2024-05-05 08:55:10,2024-05-05 09:35:10,Completed,Luxury,9.87,40,37.04,0.93,1.0,Credit Card,Daily Commute,5,4
8919501,9340418,San Diego,32.72011,-117.09938,32.73296,-117.06793,2024-05-15 14:22:04,2024-05-15 14:32:04,Completed,Compact,2.03,10,16.63,2.57,3.0,App Wallet,Event,4,12
3465271,4068662,Las Vegas,36.1392,-115.10965,36.12207,-115.08658,2023-01-07 07:32:05,2023-01-07 07:37:05,Completed,Sedan,1.75,5,10.17,0.76,1.8,Debit Card,School Run,2,5
5233115,4491918,Detroit,42.40841,-83.03078,42.38658,-83.1351,2024-12-16 20:56:45,2024-12-16 21:10:45,Completed,Electric Sedan,5.53,14,16.27,0.77,1.2,Credit Card,School Run,5,6
8595123,4553959,Minneapolis,44.97628,-93.29612,45.05012,-93.2095,2024-04-29 20:36:40,2024-04-29 20:55:40,Completed,Sedan,6.63,19,17.32,0.22,1.2,App Wallet,Event,3,2
3042477,3998439,Seattle,47.60157,-122.26144,47.55157,-122.37678,2024-08-08 17:25:29,2024-08-08 17:41:29,Completed,Compact,6.39,16,12.08,0.25,1.0,Debit Card,Daily Commute,5,2
1253272,5393391,Phoenix,33.42767,-112.14164,33.51516,-112.02901,2024-02-16 20:50:02,2024-02-16 21:10:02,Completed,Sedan,8.87,20,46.17,0.16,2.5,Crypto,Night Out,5,8
9077955,9834270,San Diego,32.66892,-117.21186,32.70762,-117.2216,2024-11-15 02:01:59,2024-11-15 02:14:59,Completed,Electric Sedan,2.73,13,9.55,0.56,1.2,Debit Card,Daily Commute,4,5
2588454,6238833,Chicago,41.93951,-87.59072,41.91624,-87.58599,2022-01-24 20:43:06,2022-01-24 20:49:06,Completed,Luxury,1.63,6,8.21,1.94,1.0,Credit Card,Night Out,5,3
1646304,7628665,San Diego,32.79443,-117.17857,32.78308,-117.11619,2023-05-13 21:33:44,2023-05-13 21:54:44,Completed,SUV,3.71,21,19.19,0.9,1.8,Debit Card,Daily Commute,4,8
5558591,6464416,New York,40.77749,-73.91062,40.74827,-73.91989,2023-12-05 09:38:44,2023-12-05 09:46:44,Disputed,Minivan,2.08,8,0.0,0.0,1.0,App Wallet,Daily Commute,,8
6233848,4315376,Boston,42.36906,-71.04797,42.33606,-70.99269,2024-03-20 16:31:25,2024-03-20 16:40:25,In Progress,Sedan,3.63,9,0.0,0.0,1.2,Promo Credit,Food Delivery,,8
6224986,5022893,Detroit,42.33013,-82.95101,42.41448,-83.01838,2024-01-29 23:08:29,2024-01-29 23:27:29,Disputed,Minivan,6.77,19,0.0,0.0,1.0,App Wallet,Business Meeting,,4
2740375,5655351,Phoenix,33.46381,-112.01114,33.38693,-112.00519,2023-05-13 00:18:04,2023-05-13 00:48:04,Completed,Electric SUV,5.32,30,15.27,0.33,1.0,Debit Card,Night Out,5,5
9307092,7334757,Los Angeles,34.02924,-118.22567,34.14104,-118.2951,2022-03-24 13:23:03,2022-03-24 14:10:03,Cancelled,Sedan,8.69,47,0.0,0.0,1.0,Credit Card,Medical Appointment,,6
8934884,1868137,Boston,42.30142,-71.02032,42.40489,-71.01337,2024-03-01 09:41:23,2024-03-01 10:03:23,Completed,Electric SUV,7.16,22,29.53,1.01,1.5,Credit Card,Airport Transfer,5,5
6957972,6986028,Los Angeles,34.02147,-118.18368,33.99682,-118.23363,2024-01-14 01:51:28,2024-01-14 02:10:28,Completed,Sedan,3.33,19,8.49,1.33,1.0,App Wallet,Airport Transfer,5,6
1244773,9446192,Las Vegas,36.2498,-115.06137,36.2532,-115.11597,2024-07-07 10:26:42,2024-07-07 10:44:42,Completed,Electric SUV,3.05,18,14.73,1.19,1.5,Promo Credit,Business Meeting,5,8
6572677,1319263,San Diego,32.77918,-117.23477,32.74785,-117.20927,2022-11-03 12:49:59,2022-11-03 12:58:59,Completed,Compact,2.62,9,6.43,2.71,1.0,Credit Card,Airport Transfer,5,4
5507075,9058336,Miami,25.75499,-80.20207,25.72364,-80.12102,2024-04-28 01:10:55,2024-04-28 01:22:55,Completed,Sedan,5.49,12,22.29,0.49,1.8,App Wallet,Daily Commute,2,4
7379329,2944923,Las Vegas,36.10603,-115.18837,36.2436,-115.08883,2022-06-16 04:43:24,2022-06-16 05:24:24,Completed,Sedan,11.01,41,26.78,5.44,1.2,Promo Credit,Business Meeting,5,5
8112952,7526710,Denver,39.83315,-104.88679,39.7437,-105.03235,2022-05-02 21:52:44,2022-05-02 22:49:44,Completed,SUV,9.9,57,43.7,3.1,1.8,Promo Credit,Daily Commute,4,3
2761983,3273863,Miami,25.78418,-80.15835,25.86162,-80.1957,2024-12-27 06:20:53,2024-12-27 06:35:53,Cancelled,Sedan,5.83,15,0.0,0.0,1.8,Corporate,Daily Commute,,8
2180801,4831414,Las Vegas,36.24963,-115.04955,36.19601,-115.21719,2022-03-26 00:07:51,2022-03-26 00:59:51,Completed,Sedan,10.05,52,30.89,2.59,1.5,Crypto,Business Meeting,4,3
1416675,8513730,New York,40.65348,-74.05401,40.67186,-74.10348,2024-02-27 13:49:46,2024-02-27 14:04:46,Completed,Electric Sedan,2.89,15,8.28,1.87,1.0,Debit Card,Airport Transfer,5,15
3930898,4719772,Houston,29.68516,-95.36577,29.73033,-95.32414,2023-12-17 09:02:05,2023-12-17 09:12:05,Completed,Electric SUV,4.0,10,24.2,0.06,2.0,App Wallet,Business Meeting,4,6
7533068,8949406,San Francisco,37.77568,-122.50283,37.8371,-122.34812,2023-01-31 04:34:55,2023-01-31 05:13:55,Completed,Minivan,9.45,39,53.5,0.42,2.5,Credit Card,Night Out,5,2
9340583,7040407,Chicago,41.97116,-87.54662,41.94507,-87.70207,2024-11-27 15:26:32,2024-11-27 15:47:32,Completed,Compact,8.19,21,29.57,10.99,2.0,Debit Card,Night Out,5,2
5840425,9848683,Phoenix,33.43488,-112.13211,33.43398,-112.10972,2024-04-01 18:22:35,2024-04-01 18:25:35,Completed,Sedan,1.29,3,7.23,1.17,1.5,App Wallet,Night Out,4,8
9816734,5731674,Orlando,28.5036,-81.4563,28.49403,-81.32335,2023-08-29 15:54:58,2023-08-29 16:10:58,Cancelled,Minivan,8.1,16,0.0,0.0,1.0,Credit Card,Event,,5
7678245,7594663,Atlanta,33.799,-84.30707,33.70852,-84.31226,2023-06-09 04:23:19,2023-06-09 04:40:19,Completed,Electric Sedan,6.26,17,15.02,0.17,1.0,Credit Card,Shopping,5,6
4357068,7105389,Chicago,41.91492,-87.54568,41.808,-87.53596,2024-07-03 06:39:58,2024-07-03 07:14:58,Completed,Electric SUV,7.4,35,50.65,0.77,2.5,Promo Credit,Airport Transfer,4,1
9893297,5091123,Las Vegas,36.11259,-115.19502,36.15973,-115.14095,2024-10-15 10:53:29,2024-10-15 11:08:29,Completed,SUV,4.44,15,12.27,0.64,1.0,App Wallet,Airport Transfer,5,3
2104084,5475346,Chicago,41.97934,-87.62956,41.97126,-87.71175,2023-07-07 17:47:39,2023-07-07 17:59:39,Completed,Electric Sedan,4.26,12,13.22,2.88,1.2,Debit Card,Airport Transfer,4,5
4363781,8430665,Boston,42.36316,-70.98577,42.4462,-71.09263,2024-02-20 16:11:58,2024-02-20 16:51:58,Completed,Luxury,7.91,40,30.19,0.03,1.0,Credit Card,Airport Transfer,5,12
9007194,8205572,Minneapolis,45.00131,-93.31479,45.07083,-93.20536,2024-03-11 10:04:27,2024-03-11 10:29:27,Completed,Sedan,7.18,25,23.14,1.61,1.5,App Wallet,Daily Commute,4,4
5217304,5321622,San Francisco,37.82542,-122.34793,37.81184,-122.51238,2022-03-17 21:05:08,2022-03-17 21:43:08,Completed,SUV,9.02,38,22.34,10.01,1.0,Corporate,Daily Commute,5,4
1859282,7107039,Houston,29.85166,-95.43307,29.66965,-95.39842,2023-01-30 15:37:30,2023-01-30 16:26:30,Cancelled,Minivan,12.75,49,0.0,0.0,1.5,Corporate,Daily Commute,,5
7460147,7130304,Miami,25.77809,-80.15775,25.75056,-80.18436,2024-05-09 02:55:13,2024-05-09 03:07:13,Completed,Compact,2.52,12,6.28,3.94,1.0,Corporate,Night Out,4,2
6108589,8376976,Phoenix,33.54395,-112.05382,33.35433,-112.10707,2022-06-05 05:43:13,2022-06-05 06:59:13,Completed,SUV,13.46,76,32.11,2.47,1.0,Corporate,Event,3,3
6174574,7684261,Las Vegas,36.17354,-115.07501,36.26446,-115.19791,2023-12-09 22:14:41,2023-12-09 23:01:41,Completed,SUV,9.29,47,27.53,0.03,1.2,App Wallet,Tourist,4,2
8046778,1763831,Atlanta,33.72161,-84.47497,33.76156,-84.37194,2022-08-22 15:45:13,2022-08-22 16:21:13,Cancelled,Sedan,6.53,36,0.0,0.0,1.0,App Wallet,Shopping,,8
7290329,3583384,San Francisco,37.78908,-122.36468,37.69517,-122.41887,2022-08-19 18:32:47,2022-08-19 18:54:47,Completed,SUV,7.13,22,36.37,0.63,2.0,Debit Card,Night Out,3,2
2447533,1015280,Chicago,41.82208,-87.6901,41.80931,-87.53746,2022-01-08 22:47:05,2022-01-08 23:23:05,Cancelled,SUV,7.91,36,0.0,0.0,1.0,Corporate,Food Delivery,,4
8853192,7200209,Las Vegas,36.22428,-115.17095,36.10053,-115.05868,2024-03-01 00:51:05,2024-03-01 01:28:05,Completed,Luxury,10.6,37,39.6,10.99,1.0,Credit Card,School Run,4,3
4845333,8413246,Austin,30.22319,-97.83994,30.18582,-97.74586,2022-03-18 12:07:23,2022-03-18 12:33:23,Completed,Electric Sedan,6.18,26,14.86,3.66,1.0,Debit Card,Daily Commute,3,5
6115898,4298317,New York,40.77753,-74.08604,40.72539,-73.96702,2022-08-13 00:03:13,2022-08-13 00:22:13,Completed,Sedan,7.2,19,15.46,0.22,1.0,Debit Card,Airport Transfer,4,3
7115880,4435068,Boston,42.31215,-71.13718,42.29533,-71.00743,2022-06-26 16:40:23,2022-06-26 16:58:23,Completed,SUV,6.73,18,17.31,0.12,1.0,Credit Card,Business Meeting,5,8
4615760,4104559,Phoenix,33.36597,-112.11151,33.39936,-112.10608,2023-06-15 08:23:08,2023-06-15 08:36:08,Completed,Luxury,2.33,13,10.66,1.85,1.0,App Wallet,Daily Commute,1,10
6253455,4595024,Los Angeles,34.1349,-118.19118,34.13682,-118.22134,2023-10-29 20:37:10,2023-10-29 20:43:10,No-show,Sedan,1.73,6,0.0,0.0,2.5,App Wallet,Airport Transfer,,2
9910288,7368570,Austin,30.25348,-97.75555,30.23088,-97.68185,2022-03-28 15:25:37,2022-03-28 15:52:37,Completed,SUV,4.67,27,12.77,0.56,1.0,App Wallet,Food Delivery,4,3
7588280,7461593,Houston,29.70883,-95.27203,29.70475,-95.40507,2023-02-25 14:50:28,2023-02-25 15:36:28,Completed,Sedan,7.99,46,42.21,3.78,2.5,Credit Card,Shopping,4,8
2599334,4281950,Austin,30.3108,-97.82045,30.23603,-97.78137,2022-09-13 13:18:19,2022-09-13 13:44:19,Completed,SUV,5.67,26,37.44,0.56,2.5,App Wallet,Event,5,10
4016090,3452181,Los Angeles,34.09028,-118.15629,34.12225,-118.14341,2023-12-31 17:35:43,2023-12-31 17:43:43,Cancelled,SUV,2.33,8,0.0,0.0,1.0,Promo Credit,Daily Commute,,4
7726227,9942458,Phoenix,33.54758,-112.05449,33.36093,-112.13158,2024-07-13 07:12:36,2024-07-13 08:20:36,Completed,Compact,13.64,68,22.96,0.95,1.0,Credit Card,Medical Appointment,5,2
1171104,9278977,Los Angeles,34.07068,-118.33898,34.12765,-118.30725,2022-05-04 12:08:36,2022-05-04 12:33:36,Completed,Electric SUV,4.33,25,15.47,0.88,1.2,Promo Credit,Event,4,10
2957374,7928646,Los Angeles,34.03401,-118.20641,34.0536,-118.29931,2022-05-16 12:43:10,2022-05-16 12:57:10,Completed,Luxury,5.49,14,43.43,3.17,2.0,Promo Credit,Event,5,5
5902514,1555337,Phoenix,33.51596,-112.06246,33.46947,-112.03673,2022-06-24 01:32:18,2022-06-24 01:46:18,Completed,Sedan,3.54,14,8.87,1.26,1.0,App Wallet,Event,1,3
9816530,9128820,Austin,30.29319,-97.82968,30.21446,-97.77639,2024-08-03 13:27:51,2024-08-03 14:01:51,Completed,Sedan,6.3,34,13.84,0.67,1.0,Credit Card,Night Out,3,2
5569843,3310759,San Francisco,37.76907,-122.43087,37.8536,-122.39802,2024-06-23 02:06:12,2024-06-23 02:41:12,Completed,Sedan,6.11,35,13.5,10.72,1.0,App Wallet,Night Out,3,4
5537813,8044209,Seattle,47.61725,-122.33299,47.56009,-122.27045,2022-01-08 22:17:40,2022-01-08 22:29:40,In Progress,Electric Sedan,4.91,12,0.0,0.0,1.8,App Wallet,Airport Transfer,,2
2336890,8492008,Phoenix,33.41973,-112.07226,33.49455,-111.97847,2023-02-14 13:54:07,2023-02-14 14:30:07,Completed,SUV,7.48,36,28.43,3.06,1.5,Credit Card,Tourist,5,4
5686199,3231079,Seattle,47.70839,-122.40958,47.64059,-122.28788,2022-03-25 05:52:13,2022-03-25 06:11:13,Cancelled,Luxury,7.35,19,0.0,0.0,1.2,App Wallet,Airport Transfer,,5
1202395,8667172,Denver,39.70044,-104.91044,39.78632,-105.00055,2022-04-30 20:24:58,2022-04-30 20:47:58,Completed,Compact,7.62,23,13.93,0.19,1.0,App Wallet,Food Delivery,3,5
3465746,4962093,Houston,29.77959,-95.39764,29.76211,-95.28481,2024-03-24 17:09:33,2024-03-24 17:41:33,Completed,Electric Sedan,6.87,32,19.49,5.01,1.2,Debit Card,Business Meeting,5,2
6475817,9314403,San Francisco,37.86911,-122.51111,37.76162,-122.34557,2023-11-13 05:17:06,2023-11-13 05:54:06,Cancelled,Electric Sedan,11.7,37,0.0,0.0,1.0,Credit Card,Daily Commute,,6
4861375,1005291,Boston,42.40481,-71.03713,42.32101,-71.05103,2024-10-23 05:39:06,2024-10-23 06:05:06,Completed,Luxury,5.83,26,27.49,0.29,1.2,App Wallet,Airport Transfer,5,3
2371683,5528144,San Diego,32.77497,-117.11592,32.80484,-117.17904,2022-10-02 05:10:55,2022-10-02 05:19:55,Completed,Electric Sedan,4.21,9,10.92,1.41,1.0,Credit Card,Shopping,4,2
6913639,9757424,Los Angeles,34.09717,-118.29583,34.14103,-118.15389,2024-01-13 05:35:08,2024-01-13 06:12:08,Cancelled,SUV,8.67,37,0.0,0.0,1.0,Debit Card,Food Delivery,,5
9443470,4635860,Houston,29.66717,-95.42175,29.71545,-95.30922,2024-04-16 14:57:28,2024-04-16 15:19:28,Completed,Compact,7.53,22,13.79,0.92,1.0,Corporate,School Run,3,6
2427642,8207358,Austin,30.34506,-97.7498,30.20948,-97.66089,2024-05-21 02:39:29,2024-05-21 03:08:29,Completed,Compact,10.77,29,18.66,0.2,1.0,App Wallet,Airport Transfer,3,8
2508546,9708117,Los Angeles,34.00342,-118.31128,33.96807,-118.33188,2022-02-01 17:10:50,2022-02-01 17:24:50,Completed,SUV,2.71,14,15.23,0.55,1.8,Credit Card,Daily Commute,5,2
3061914,5935500,Chicago,41.83272,-87.5804,41.83136,-87.65559,2024-06-02 00:50:12,2024-06-02 01:11:12,Cancelled,Sedan,3.87,21,0.0,0.0,1.0,Debit Card,Daily Commute,,5
7145771,4795380,Boston,42.30059,-71.11158,42.39227,-70.96588,2024-11-30 08:02:53,2024-11-30 08:51:53,Completed,Compact,9.77,49,17.16,2.43,1.0,App Wallet,Food Delivery,4,3
4728467,3310112,Los Angeles,33.99238,-118.32621,34.00943,-118.17513,2022-01-08 14:54:51,2022-01-08 15:30:51,Completed,Electric Sedan,8.73,36,35.93,0.3,1.8,Debit Card,Daily Commute,4,5
1813745,9878724,Los Angeles,34.14789,-118.3112,34.10275,-118.16405,2023-12-22 18:07:59,2023-12-22 18:41:59,Completed,Sedan,8.98,34,18.66,0.48,1.0,Promo Credit,Airport Transfer,5,4
8030031,1204808,Nashville,36.15409,-86.80177,36.19326,-86.83521,2024-02-22 12:31:31,2024-02-22 12:37:31,Completed,Electric SUV,3.29,6,10.4,1.69,1.0,Corporate,Shopping,5,12
7542003,4831414,Chicago,41.91045,-87.59664,41.7849,-87.68661,2023-04-18 01:11:25,2023-04-18 01:43:25,Completed,SUV,9.83,32,24.13,0.78,1.0,Credit Card,Daily Commute,5,10
2162269,7736128,Atlanta,33.72391,-84.29339,33.72957,-84.29858,2024-01-05 01:22:25,2024-01-05 01:25:25,Completed,Sedan,0.49,3,3.38,0.05,1.0,Promo Credit,Daily Commute,5,4
9922891,3883657,Los Angeles,34.0558,-118.15571,33.98647,-118.14527,2024-10-04 09:40:22,2024-10-04 09:51:22,Completed,SUV,4.83,11,23.63,0.61,1.8,Corporate,School Run,5,15
1023628,6466327,Las Vegas,36.18807,-115.11714,36.17974,-115.11089,2023-08-24 20:52:57,2023-08-24 20:55:57,Completed,Luxury,0.67,3,4.85,1.73,1.0,Corporate,Daily Commute,2,6
3352329,4017995,San Diego,32.63609,-117.186,32.81788,-117.21238,2023-08-28 02:41:20,2023-08-28 03:31:20,Completed,SUV,12.65,50,30.33,2.36,1.0,App Wallet,Daily Commute,4,6
9407350,3867490,Denver,39.68244,-105.07497,39.68892,-105.01454,2023-10-11 16:01:56,2023-10-11 16:16:56,In Progress,Electric Sedan,3.24,15,0.0,0.0,1.0,Corporate,School Run,,2
7712244,5582848,Minneapolis,45.04716,-93.29809,45.04986,-93.20219,2022-01-09 09:36:18,2022-01-09 09:49:18,Cancelled,Sedan,4.69,13,0.0,0.0,2.5,App Wallet,Daily Commute,,6
9246604,2250853,Las Vegas,36.2652,-115.0707,36.22836,-115.14238,2022-07-20 02:40:51,2022-07-20 02:53:51,No-show,Electric Sedan,4.74,13,0.0,0.0,1.2,Debit Card,Tourist,,2
4590808,6337414,Phoenix,33.48687,-112.14132,33.46792,-112.0226,2024-08-18 22:05:56,2024-08-18 22:43:56,Completed,Minivan,6.97,38,41.1,0.86,2.5,Debit Card,Daily Commute,5,12
6567019,5249221,Minneapolis,45.0324,-93.31485,45.00548,-93.1902,2022-02-18 02:39:39,2022-02-18 02:54:39,Completed,Sedan,6.37,15,20.95,0.85,1.5,App Wallet,Event,5,4
8517033,7113208,Miami,25.8542,-80.20574,25.74725,-80.18974,2024-08-10 09:10:33,2024-08-10 09:30:33,Completed,Sedan,7.46,20,28.67,0.37,1.8,App Wallet,Daily Commute,4,20
2429271,8128125,Miami,25.68728,-80.09681,25.69589,-80.20791,2022-07-27 09:03:51,2022-07-27 09:35:51,Completed,Compact,6.94,32,15.49,0.12,1.2,Crypto,Daily Commute,5,12
9312600,5713546,San Francisco,37.69762,-122.37044,37.67733,-122.3259,2022-11-01 07:23:02,2022-11-01 07:29:02,Completed,Electric Sedan,2.81,6,9.74,0.92,1.2,Credit Card,Business Meeting,3,5
2468599,8429037,Austin,30.1877,-97.67442,30.18289,-97.70721,2023-04-17 01:32:32,2023-04-17 01:36:32,Completed,Sedan,1.99,4,6.08,1.77,1.0,App Wallet,Business Meeting,5,10
2437253,2184324,Chicago,41.91227,-87.56828,41.94669,-87.56396,2022-12-22 12:28:40,2022-12-22 12:37:40,Completed,Minivan,2.39,9,18.2,0.5,2.5,Credit Card,Business Meeting,4,3
7942954,1724474,Chicago,41.8895,-87.65567,41.95508,-87.54985,2024-12-30 02:10:42,2024-12-30 02:26:42,Completed,Luxury,7.08,16,40.92,0.49,1.5,Promo Credit,Business Meeting,3,8
5074869,7999594,Orlando,28.63518,-81.44409,28.44544,-81.42185,2024-01-20 00:10:13,2024-01-20 00:57:13,Completed,Sedan,13.18,47,39.34,0.92,1.5,Credit Card,Night Out,4,3
4279575,4037304,Miami,25.83934,-80.20776,25.74536,-80.10768,2023-01-13 21:13:38,2023-01-13 21:55:38,Completed,Sedan,9.0,42,28.05,10.48,1.5,Corporate,Food Delivery,5,8
7705797,6676234,Boston,42.43112,-71.15612,42.38121,-71.0583,2022-02-07 13:59:19,2022-02-07 14:27:19,Completed,SUV,6.07,28,15.85,0.02,1.0,Credit Card,Shopping,5,3
4350451,4595024,Detroit,42.31297,-83.1179,42.27103,-83.09404,2022-06-28 22:55:08,2022-06-28 23:02:08,Completed,Sedan,3.14,7,16.3,0.87,2.0,Credit Card,Daily Commute,2,2
2370905,3714699,Denver,39.80515,-104.97725,39.6905,-105.05242,2023-12-24 15:10:20,2023-12-24 15:47:20,Completed,SUV,8.87,37,22.01,1.73,1.0,Credit Card,Medical Appointment,5,6
2156000,3950160,Los Angeles,34.00671,-118.15635,34.01888,-118.15718,2022-03-05 11:26:57,2022-03-05 11:29:57,Completed,SUV,0.84,3,5.22,10.6,1.2,Debit Card,Night Out,5,4
9288431,8513730,Austin,30.27495,-97.81248,30.22584,-97.67349,2023-07-24 20:15:22,2023-07-24 20:52:22,Disputed,SUV,8.96,37,0.0,0.0,1.0,App Wallet,Airport Transfer,,20
3283905,9128820,Chicago,41.80531,-87.57668,41.96903,-87.65862,2022-09-28 12:52:43,2022-09-28 13:21:43,Completed,Sedan,12.07,29,29.07,1.57,1.2,App Wallet,Daily Commute,5,2
3656516,4544442,San Francisco,37.82002,-122.42606,37.84413,-122.33428,2022-06-11 13:31:20,2022-06-11 13:46:20,Completed,Compact,5.28,15,10.42,1.31,1.0,Corporate,Tourist,2,8
9175166,5889178,San Francisco,37.81292,-122.49741,37.80958,-122.4473,2024-07-06 02:28:06,2024-07-06 02:37:06,Completed,Sedan,2.75,9,18.62,3.25,2.5,App Wallet,Daily Commute,5,4
8147151,6464416,Chicago,41.8317,-87.58425,41.95953,-87.60154,2023-01-03 17:58:28,2023-01-03 18:47:28,Completed,SUV,8.88,49,26.44,0.73,1.2,Credit Card,Shopping,4,6
1443253,9132101,Los Angeles,34.03717,-118.3262,34.10735,-118.27145,2023-03-06 22:19:52,2023-03-06 22:42:52,Completed,Minivan,5.77,23,21.06,2.37,1.5,Debit Card,Business Meeting,5,2
2608799,3176634,Houston,29.73886,-95.38934,29.78507,-95.416,2024-12-11 18:04:44,2024-12-11 18:21:44,Completed,SUV,3.57,17,10.35,0.32,1.0,Crypto,Daily Commute,4,6
3245703,2322842,Boston,42.3368,-71.04492,42.3425,-71.10413,2023-02-21 19:51:52,2023-02-21 19:59:52,Completed,SUV,3.05,8,18.42,0.56,2.0,Debit Card,Airport Transfer,5,15
5567089,2817046,Seattle,47.57657,-122.23806,47.64035,-122.40678,2024-05-26 17:36:34,2024-05-26 18:04:34,Cancelled,Compact,9.01,28,0.0,0.0,1.2,Credit Card,Shopping,,8
9258795,7991279,Austin,30.35066,-97.71086,30.31895,-97.80486,2024-12-22 07:56:24,2024-12-22 08:20:24,Completed,Compact,6.02,24,13.84,1.64,1.2,Credit Card,Medical Appointment,4,12
2373579,9184946,Dallas,32.87065,-96.73826,32.76876,-96.76079,2024-10-20 09:56:19,2024-10-20 10:29:19,Completed,Sedan,7.16,33,15.39,0.43,1.0,Debit Card,Tourist,2,20
6160611,3942057,Houston,29.69478,-95.35751,29.7085,-95.38496,2024-01-24 21:32:48,2024-01-24 21:37:48,Completed,Sedan,1.9,5,5.92,0.31,1.0,Credit Card,Daily Commute,5,4
6430450,5231132,Los Angeles,33.9707,-118.15178,34.14207,-118.18482,2023-11-21 09:17:56,2023-11-21 10:02:56,Completed,SUV,11.99,45,34.65,15.04,1.2,Credit Card,Medical Appointment,4,8
8114740,1541331,Chicago,41.78659,-87.60702,41.78556,-87.71411,2024-09-29 16:02:12,2024-09-29 16:28:12,Completed,Sedan,5.52,26,12.44,0.27,1.0,Corporate,Tourist,4,4
5838143,7475358,Miami,25.72577,-80.27433,25.74719,-80.1573,2023-01-23 11:54:55,2023-01-23 12:28:55,Cancelled,Electric Sedan,7.43,34,0.0,0.0,1.8,Credit Card,Airport Transfer,,4
1728205,3641997,Atlanta,33.66382,-84.47377,33.84297,-84.38727,2024-03-18 01:19:07,2024-03-18 02:15:07,Completed,Sedan,13.34,56,31.81,1.24,1.2,Crypto,Airport Transfer,5,2
2094781,3081446,Seattle,47.51886,-122.37564,47.54906,-122.386,2022-08-04 04:16:33,2022-08-04 04:22:33,Completed,Compact,2.14,6,5.71,0.38,1.0,Crypto,Shopping,5,6
9453465,8889130,New York,40.75665,-74.07143,40.7517,-74.03226,2024-11-06 10:42:13,2024-11-06 10:47:13,No-show,Electric SUV,2.08,5,0.0,0.0,2.5,Credit Card,Night Out,,3
1838548,2229703,New York,40.64917,-73.95729,40.71919,-74.00043,2022-12-09 00:47:54,2022-12-09 01:14:54,Cancelled,Sedan,5.34,27,0.0,0.0,1.5,Credit Card,Tourist,,4
7561332,9438167,Boston,42.40756,-71.07876,42.44385,-71.07533,2022-09-15 15:14:20,2022-09-15 15:24:20,Completed,Electric Sedan,2.51,10,7.52,1.28,1.0,Credit Card,Event,4,4
2133054,3186493,San Francisco,37.82927,-122.44952,37.69171,-122.47863,2024-03-10 20:02:58,2024-03-10 20:53:58,Completed,Sedan,9.64,51,19.85,10.65,1.0,Corporate,Daily Commute,4,10
5836685,4922302,Portland,45.56302,-122.65005,45.46625,-122.6995,2022-09-23 12:00:26,2022-09-23 12:31:26,Completed,Sedan,7.1,31,22.92,0.83,1.5,App Wallet,Medical Appointment,4,6
6760138,7138397,Portland,45.53552,-122.74646,45.60131,-122.60195,2024-09-06 04:47:01,2024-09-06 05:20:01,Completed,Sedan,8.34,33,17.51,0.84,1.0,Corporate,Medical Appointment,4,4
4775766,4837339,Detroit,42.29494,-82.9691,42.36965,-83.02752,2022-10-23 18:00:48,2022-10-23 18:18:48,Cancelled,Minivan,5.96,18,0.0,0.0,2.0,Promo Credit,Business Meeting,,5
2394361,6628851,Denver,39.68606,-104.98452,39.76368,-104.88827,2023-08-30 12:08:13,2023-08-30 12:46:13,Completed,Compact,7.41,38,20.42,0.82,1.5,App Wallet,Daily Commute,5,2
9580161,2511361,Boston,42.26597,-70.98641,42.41055,-71.08065,2022-05-24 08:12:48,2022-05-24 08:36:48,Completed,Compact,11.09,24,47.84,0.1,2.5,Debit Card,Airport Transfer,5,3
7282444,1018619,San Francisco,37.69471,-122.44932,37.74303,-122.33244,2024-05-03 11:01:28,2024-05-03 11:29:28,Completed,Sedan,7.21,28,46.43,0.62,3.0,App Wallet,Tourist,4,2
3748479,5530209,Phoenix,33.49057,-112.11692,33.50513,-112.13028,2023-05-17 07:58:27,2023-05-17 08:03:27,Completed,Luxury,1.27,5,8.33,0.21,1.2,Credit Card,Event,5,2
2598125,1084233,Denver,39.66055,-104.93815,39.74908,-105.06032,2023-03-27 21:25:55,2023-03-27 22:09:55,No-show,Electric Sedan,8.92,44,0.0,0.0,1.0,Credit Card,Event,,4
1731039,9006360,San Diego,32.64085,-117.06927,32.73853,-117.23964,2022-03-25 15:30:52,2022-03-25 16:24:52,Completed,Electric Sedan,11.99,54,26.48,2.44,1.0,App Wallet,Event,2,10
7483271,9914379,San Diego,32.70866,-117.19495,32.73552,-117.16361,2022-10-24 01:24:21,2022-10-24 01:30:21,In Progress,Compact,2.6,6,0.0,0.0,2.0,App Wallet,Business Meeting,,10
8181451,4096158,Los Angeles,33.99706,-118.27278,34.02505,-118.33774,2023-08-17 09:49:42,2023-08-17 10:03:42,Completed,Luxury,4.19,14,17.16,2.29,1.0,App Wallet,Food Delivery,5,3
7724505,3293406,San Francisco,37.82266,-122.45886,37.69139,-122.51915,2022-12-19 13:58:09,2022-12-19 14:50:09,Completed,Electric Sedan,9.65,52,21.8,2.7,1.0,Promo Credit,Business Meeting,4,5
1333868,2556898,New York,40.79286,-74.08313,40.79824,-73.93769,2023-04-03 00:53:58,2023-04-03 01:17:58,No-show,Sedan,7.62,24,0.0,0.0,1.0,Debit Card,Night Out,,3
1865524,7689696,Phoenix,33.46055,-112.11334,33.3583,-112.16185,2024-01-13 14:06:27,2024-01-13 14:36:27,Completed,Luxury,7.6,30,29.1,0.15,1.0,App Wallet,School Run,4,5
7407530,8623266,San Diego,32.75229,-117.10777,32.64672,-117.11934,2023-09-04 13:56:26,2023-09-04 14:32:26,Completed,Compact,7.33,36,24.29,0.39,1.8,Credit Card,Daily Commute,5,1
9324597,5611894,Seattle,47.53302,-122.23709,47.63575,-122.39738,2024-05-25 05:41:13,2024-05-25 06:24:13,Completed,Electric Sedan,10.3,43,41.58,2.19,1.8,App Wallet,Night Out,4,4
1819761,7979186,Los Angeles,34.14853,-118.27021,33.99134,-118.21777,2024-10-23 05:26:13,2024-10-23 06:14:13,Completed,Compact,11.27,48,23.29,0.56,1.2,Credit Card,Business Meeting,2,6
9414768,1643594,Detroit,42.24692,-83.00012,42.36907,-83.12926,2022-12-15 21:35:24,2022-12-15 22:37:24,Completed,Minivan,10.71,62,23.92,0.73,1.0,App Wallet,Airport Transfer,5,12
4483794,8774407,Phoenix,33.4495,-112.11089,33.37394,-112.15269,2023-07-31 20:41:13,2023-07-31 20:57:13,Completed,Sedan,5.75,16,15.42,0.5,1.2,Debit Card,Airport Transfer,3,3
8832725,6287733,San Diego,32.80184,-117.0768,32.75031,-117.13735,2023-06-26 15:47:03,2023-06-26 16:13:03,Completed,Luxury,5.0,26,30.0,0.67,1.5,Credit Card,Airport Transfer,3,8
4909232,5736552,San Francisco,37.70544,-122.41701,37.6837,-122.47104,2023-10-24 15:03:16,2023-10-24 15:12:16,Completed,Sedan,3.31,9,21.14,0.53,2.5,Crypto,Daily Commute,5,5
7103763,4021127,Miami,25.67771,-80.11032,25.71127,-80.18788,2022-12-29 02:17:27,2022-12-29 02:28:27,Disputed,Sedan,5.36,11,0.0,0.0,1.0,App Wallet,Airport Transfer,,4
4061051,2865147,Austin,30.26593,-97.65376,30.35386,-97.76301,2022-07-13 05:50:43,2022-07-13 06:26:43,Completed,Sedan,8.91,36,55.61,5.95,3.0,App Wallet,Airport Transfer,5,4
7199646,6238833,San Francisco,37.70475,-122.42148,37.68819,-122.38543,2022-07-09 14:39:30,2022-07-09 14:44:30,Completed,Electric Sedan,2.28,5,7.06,0.39,1.0,Credit Card,Medical Appointment,4,10
3137177,7785400,Boston,42.31988,-71.15559,42.37571,-70.96293,2022-11-21 19:14:03,2022-11-21 19:45:03,Completed,Sedan,10.57,31,25.83,8.2,1.2,Corporate,Event,5,4
5788801,2614385,Houston,29.67663,-95.34554,29.85244,-95.37715,2024-10-10 00:30:46,2024-10-10 01:34:46,Completed,Electric Sedan,12.29,64,27.08,2.02,1.0,Promo Credit,Night Out,5,8
9333195,1049396,San Francisco,37.72444,-122.36053,37.83864,-122.32527,2023-04-04 18:13:09,2023-04-04 18:51:09,Completed,Sedan,8.12,38,17.12,3.5,1.0,App Wallet,Business Meeting,4,15
1334816,3612819,Chicago,41.97518,-87.70075,41.80706,-87.68759,2023-12-28 09:03:16,2023-12-28 09:49:16,Completed,SUV,11.64,46,50.59,2.1,1.8,Debit Card,Airport Transfer,5,20
1193132,4553959,Chicago,41.82749,-87.64051,41.88306,-87.54481,2024-05-04 09:32:27,2024-05-04 09:51:27,Completed,Electric Sedan,6.24,19,17.98,0.71,1.2,Credit Card,Daily Commute,5,6
8490185,4986797,San Francisco,37.82344,-122.4235,37.77719,-122.32216,2024-12-13 09:15:19,2024-12-13 09:44:19,Completed,Compact,6.39,29,18.13,3.05,1.5,Credit Card,Airport Transfer,4,3
3010797,1302220,Los Angeles,34.00569,-118.15373,34.09753,-118.1559,2022-01-01 05:56:26,2022-01-01 06:26:26,Completed,Sedan,6.35,30,13.93,0.92,1.0,Credit Card,Event,5,20
3358118,8413246,Seattle,47.55068,-122.39026,47.62091,-122.2815,2024-03-01 14:35:43,2024-03-01 15:09:43,Cancelled,Sedan,7.02,34,0.0,0.0,2.5,App Wallet,Event,,5
9233807,2387570,Houston,29.78846,-95.30523,29.76225,-95.28129,2023-05-06 12:13:30,2023-05-06 12:18:30,In Progress,Sedan,2.31,5,0.0,0.0,1.2,App Wallet,Food Delivery,,5
3059787,8946071,Houston,29.85353,-95.42105,29.68819,-95.40292,2023-02-20 17:53:37,2023-02-20 18:55:37,Completed,Minivan,11.48,62,25.46,0.27,1.0,Debit Card,Airport Transfer,5,3
6905191,9825329,Los Angeles,34.04543,-118.24318,34.11476,-118.22324,2024-01-26 11:30:51,2024-01-26 11:44:51,Cancelled,Sedan,4.92,14,0.0,0.0,1.2,Credit Card,Night Out,,6
3726826,7983518,Las Vegas,36.14068,-115.06293,36.20508,-115.04927,2024-04-06 19:21:28,2024-04-06 19:30:28,Completed,SUV,4.51,9,18.63,0.02,1.5,Debit Card,Daily Commute,5,3
8957899,5713952,San Diego,32.78715,-117.22114,32.71152,-117.17786,2024-01-26 03:43:00,2024-01-26 04:09:00,Completed,SUV,5.8,26,15.26,0.19,1.0,Corporate,Shopping,4,5
9716646,4321096,San Diego,32.76314,-117.11651,32.6925,-117.2511,2024-10-07 21:28:22,2024-10-07 21:50:22,Completed,Sedan,9.22,22,38.19,0.27,2.0,Debit Card,Night Out,4,15
4168013,9154277,Los Angeles,34.05149,-118.25719,34.01585,-118.27551,2024-05-27 21:22:01,2024-05-27 21:35:01,Completed,Sedan,2.68,13,7.32,0.39,1.0,Promo Credit,Medical Appointment,4,3
4518572,4675024,Denver,39.80658,-105.05004,39.83967,-105.06444,2022-05-19 16:42:13,2022-05-19 16:48:13,Cancelled,Compact,2.41,6,0.0,0.0,1.8,Credit Card,Airport Transfer,,2
8189710,4555656,Dallas,32.70877,-96.76315,32.77504,-96.73193,2022-09-04 13:59:05,2022-09-04 14:22:05,Completed,SUV,4.93,23,13.35,3.04,1.0,Promo Credit,Daily Commute,5,4
7907421,6725828,Dallas,32.69494,-96.87919,32.75,-96.87623,2024-03-30 00:31:15,2024-03-30 00:42:15,No-show,Electric Sedan,3.81,11,0.0,0.0,2.0,Promo Credit,Daily Commute,,6
2787718,9214156,Chicago,41.9798,-87.69362,41.95451,-87.56659,2022-05-28 01:28:57,2022-05-28 01:53:57,Completed,Sedan,6.76,25,17.6,0.41,1.2,Debit Card,Daily Commute,3,15
4792399,8933813,Orlando,28.61427,-81.39454,28.56644,-81.39452,2023-05-07 11:42:30,2023-05-07 12:01:30,Completed,Sedan,3.3,19,12.66,5.23,1.5,Credit Card,Medical Appointment,3,5
6065333,2827497,San Francisco,37.73395,-122.37269,37.8536,-122.41942,2023-02-15 10:33:39,2023-02-15 11:10:39,Completed,Sedan,8.65,37,18.07,2.17,1.0,Corporate,Tourist,4,3
1361273,7475358,Detroit,42.4199,-83.10493,42.3403,-83.05216,2022-02-09 22:25:34,2022-02-09 22:50:34,Completed,Sedan,6.12,25,13.52,0.7,1.0,App Wallet,Shopping,5,1
6384651,6596086,Minneapolis,45.04543,-93.26547,44.92736,-93.27884,2022-01-22 21:37:16,2022-01-22 22:11:16,Completed,Sedan,8.18,34,17.22,5.86,1.0,App Wallet,Daily Commute,4,4
1774723,7617066,Las Vegas,36.17893,-115.13205,36.15296,-115.10394,2022-11-04 21:09:46,2022-11-04 21:20:46,Completed,Sedan,2.38,11,6.78,1.25,1.0,App Wallet,Daily Commute,5,4
7015745,9834608,Las Vegas,36.17433,-115.07092,36.20776,-115.13758,2022-07-05 10:30:55,2022-07-05 10:46:55,Completed,Minivan,4.38,16,11.26,0.29,1.0,Credit Card,Daily Commute,4,8
5072910,3310112,Las Vegas,36.15093,-115.12276,36.1664,-115.22199,2023-04-06 16:22:33,2023-04-06 16:44:33,Cancelled,Compact,5.64,22,0.0,0.0,1.8,Credit Card,Business Meeting,,12
8305405,9502769,Detroit,42.38047,-83.00328,42.26068,-83.13915,2023-07-07 00:24:54,2023-07-07 01:10:54,Cancelled,Sedan,10.8,46,0.0,0.0,1.5,Debit Card,Shopping,,5
2060545,5013956,Denver,39.82762,-104.95883,39.81881,-104.94139,2023-04-08 12:34:43,2023-04-08 12:40:43,Completed,Minivan,1.11,6,4.72,1.41,1.0,App Wallet,Daily Commute,5,2
5131373,7930027,Seattle,47.57806,-122.41926,47.69596,-122.40127,2022-04-09 04:24:27,2022-04-09 04:58:27,In Progress,Sedan,8.19,34,0.0,0.0,1.0,Promo Credit,Medical Appointment,,8
9189290,8181602,Austin,30.35364,-97.67634,30.17586,-97.8011,2023-05-23 13:54:21,2023-05-23 15:05:21,Completed,Electric SUV,14.36,71,36.96,0.86,1.0,Credit Card,Business Meeting,5,4
9835101,7821540,Detroit,42.24453,-83.04269,42.25062,-83.08947,2024-05-30 03:29:23,2024-05-30 03:43:23,Completed,Compact,2.43,14,6.15,0.79,1.0,App Wallet,Night Out,5,5
5689155,4806107,Portland,45.50087,-122.616,45.44993,-122.64602,2023-09-17 03:11:09,2023-09-17 03:25:09,Cancelled,Compact,3.81,14,0.0,0.0,2.0,Credit Card,Event,,2
5860673,2301436,Las Vegas,36.17543,-115.18995,36.25636,-115.07948,2023-08-01 05:09:46,2023-08-01 05:35:46,Completed,Sedan,8.32,26,26.21,0.32,1.5,App Wallet,Business Meeting,4,20
2154864,6387028,Los Angeles,34.03411,-118.17109,34.04463,-118.15903,2022-11-15 09:39:48,2022-11-15 09:43:48,Completed,Electric Sedan,1.0,4,5.4,2.59,1.2,Corporate,Daily Commute,4,4
5853719,9837936,Seattle,47.63958,-122.31804,47.69289,-122.29527,2023-10-08 14:15:18,2023-10-08 14:32:18,Completed,Sedan,3.83,17,18.79,0.23,2.0,Corporate,Shopping,5,5
1638514,7044522,Chicago,41.79507,-87.55406,41.85828,-87.66228,2024-05-30 11:58:10,2024-05-30 12:16:10,Completed,SUV,7.08,18,21.69,0.65,1.2,Debit Card,Airport Transfer,4,4
7026123,8207358,Dallas,32.73069,-96.71098,32.85522,-96.80147,2022-08-25 21:09:16,2022-08-25 22:03:16,Completed,SUV,10.08,54,24.68,0.92,1.0,App Wallet,Tourist,5,2
3330318,9075015,Seattle,47.64742,-122.28973,47.61634,-122.24668,2022-11-14 07:24:58,2022-11-14 07:40:58,Completed,Electric Sedan,2.94,16,8.38,1.92,1.0,Credit Card,Tourist,3,8
5087284,2553471,Chicago,41.95425,-87.6581,41.97697,-87.63683,2022-07-21 15:33:20,2022-07-21 15:41:20,Completed,Sedan,1.91,8,5.94,10.82,1.0,Promo Credit,Airport Transfer,5,3
2403778,1088365,Houston,29.79182,-95.42667,29.70514,-95.40005,2023-03-25 17:20:44,2023-03-25 17:44:44,Completed,Luxury,6.2,24,24.2,0.28,1.0,Credit Card,Business Meeting,3,4
8292518,1799820,Los Angeles,34.02458,-118.16147,34.058,-118.23546,2023-11-19 06:45:33,2023-11-19 07:08:33,Completed,Electric Sedan,4.82,23,24.28,0.16,2.0,Credit Card,Shopping,4,3
4956645,2614385,New York,40.62146,-74.07678,40.64792,-73.99933,2022-05-24 23:41:38,2022-05-25 00:04:38,Completed,Electric Sedan,4.45,23,11.4,1.51,1.0,App Wallet,Medical Appointment,4,3
7094762,1776542,Los Angeles,34.0886,-118.34,34.01817,-118.16804,2023-11-27 11:09:21,2023-11-27 11:53:21,Completed,SUV,10.98,44,26.66,0.38,1.0,App Wallet,Food Delivery,4,1
2847691,3017518,Los Angeles,34.04059,-118.22048,33.99423,-118.17254,2024-11-13 09:39:29,2024-11-13 09:48:29,Completed,Minivan,4.22,9,10.94,8.22,1.0,Credit Card,Business Meeting,1,20
3754060,5745299,Atlanta,33.79479,-84.44886,33.74649,-84.43222,2024-03-08 10:50:55,2024-03-08 11:02:55,Cancelled,Minivan,3.47,12,0.0,0.0,1.8,Promo Credit,Daily Commute,,6
2088263,7739048,Miami,25.84368,-80.23582,25.82561,-80.19789,2024-09-25 11:02:33,2024-09-25 11:08:33,Completed,Luxury,2.67,6,21.32,0.76,1.8,Corporate,Daily Commute,5,2
2652330,5180555,Dallas,32.8791,-96.82633,32.69532,-96.71422,2022-09-23 04:53:56,2022-09-23 05:41:56,No-show,SUV,14.27,48,0.0,0.0,1.2,Credit Card,Night Out,,4
5303043,4435068,Dallas,32.8695,-96.87083,32.72917,-96.84596,2022-10-07 10:04:52,2022-10-07 10:29:52,Completed,Sedan,9.8,25,20.14,2.24,1.0,App Wallet,Daily Commute,4,5
2014635,2626768,San Francisco,37.79677,-122.36073,37.71196,-122.46533,2023-07-13 11:54:42,2023-07-13 12:41:42,Completed,Electric SUV,8.18,47,39.84,8.37,1.8,Credit Card,Airport Transfer,3,5
5486171,4568153,Nashville,36.11731,-86.83721,36.25479,-86.71075,2023-01-07 12:04:07,2023-01-07 12:38:07,Completed,Electric SUV,11.83,34,30.89,0.84,1.0,Credit Card,Airport Transfer,4,4
6586781,4466235,San Diego,32.73218,-117.24198,32.63189,-117.20939,2024-04-22 02:28:27,2024-04-22 03:09:27,Completed,Electric Sedan,7.18,41,30.35,0.0,1.8,App Wallet,Medical Appointment,5,3
6210984,5887375,San Francisco,37.78316,-122.34564,37.83489,-122.47348,2022-03-23 01:30:39,2022-03-23 01:47:39,Completed,SUV,7.84,17,19.75,0.1,1.0,Crypto,Shopping,5,3
5968178,3463351,Miami,25.69023,-80.20591,25.73096,-80.28053,2023-04-18 06:23:36,2023-04-18 06:44:36,Completed,Compact,5.43,21,10.64,3.5,1.0,App Wallet,Food Delivery,4,1
7357039,3535502,San Diego,32.78115,-117.18879,32.73915,-117.22722,2022-02-08 17:56:45,2022-02-08 18:11:45,Completed,Electric Sedan,3.66,15,19.64,0.47,2.0,App Wallet,School Run,1,1
3728569,5063633,Houston,29.8433,-95.32408,29.66259,-95.43805,2024-08-29 17:43:19,2024-08-29 18:21:19,Completed,SUV,14.24,38,33.83,0.51,1.0,Corporate,Daily Commute,4,5
2764704,1921981,Los Angeles,34.07689,-118.19345,34.07252,-118.14453,2022-11-26 10:32:19,2022-11-26 10:46:19,Completed,Electric SUV,2.82,14,9.27,1.68,1.0,App Wallet,Shopping,5,4
3831982,6767405,Detroit,42.35771,-83.13902,42.30368,-83.05318,2022-03-18 01:35:02,2022-03-18 01:51:02,Completed,Minivan,5.76,16,14.02,2.15,1.0,Promo Credit,Event,3,5
4479780,3395933,Chicago,41.79742,-87.65129,41.81732,-87.64117,2022-12-19 21:41:45,2022-12-19 21:45:45,Completed,Luxury,1.47,4,7.64,0.93,1.0,Debit Card,School Run,5,10
5887528,6466327,Chicago,41.8958,-87.72407,41.95902,-87.69421,2022-08-23 12:04:33,2022-08-23 12:18:33,Completed,Electric SUV,4.63,14,16.33,0.16,1.2,Debit Card,Daily Commute,5,8
2806840,4680632,Phoenix,33.44803,-112.04868,33.53377,-112.00055,2024-06-23 00:33:48,2024-06-23 00:56:48,Cancelled,Compact,6.54,23,0.0,0.0,1.5,App Wallet,Business Meeting,,2
7672752,7742956,Seattle,47.51616,-122.37111,47.60885,-122.39144,2023-11-24 00:05:58,2023-11-24 00:32:58,Completed,Electric SUV,6.47,27,27.04,0.8,1.5,Credit Card,Tourist,4,8
7280056,1980623,New York,40.66791,-74.03521,40.65058,-73.97473,2023-11-09 08:27:16,2023-11-09 08:42:16,Completed,Electric SUV,3.39,15,12.76,1.47,1.2,Debit Card,Daily Commute,5,2
1368216,5319087,Seattle,47.51531,-122.41593,47.58815,-122.40849,2022-06-22 00:43:02,2022-06-22 00:58:02,Completed,SUV,5.04,15,13.59,0.79,1.0,App Wallet,Business Meeting,1,4
9184419,8692987,Los Angeles,34.03658,-118.259,34.14854,-118.19952,2022-09-20 02:41:31,2022-09-20 03:04:31,In Progress,Minivan,8.45,23,0.0,0.0,1.0,App Wallet,Medical Appointment,,5
2038876,7491524,Detroit,42.31486,-82.99878,42.41688,-83.12662,2023-01-24 19:07:24,2023-01-24 19:49:24,Completed,Sedan,9.61,42,19.8,2.19,1.0,App Wallet,Shopping,5,2
6050023,2887599,Las Vegas,36.11538,-115.18456,36.13273,-115.20553,2023-06-25 12:59:08,2023-06-25 13:07:08,Completed,Electric Sedan,1.68,8,14.65,3.37,2.5,Corporate,Airport Transfer,5,3
9992035,6030416,San Francisco,37.68099,-122.3941,37.85075,-122.45659,2022-10-25 09:12:43,2022-10-25 10:16:43,Completed,Sedan,12.22,64,24.5,0.0,1.0,Credit Card,Daily Commute,3,4
9129309,2118047,New York,40.73686,-74.10466,40.77977,-73.91234,2023-11-16 19:46:57,2023-11-16 20:45:57,Completed,Sedan,10.49,59,25.66,0.91,1.2,Credit Card,Airport Transfer,4,15
1201717,2446859,Austin,30.19794,-97.65944,30.24676,-97.78551,2023-11-30 17:44:33,2023-11-30 18:04:33,Completed,SUV,8.25,20,30.98,0.27,1.5,Credit Card,Shopping,5,6
1846720,2895197,Austin,30.25734,-97.78921,30.17479,-97.76915,2022-03-25 13:27:14,2022-03-25 13:57:14,In Progress,Sedan,5.83,30,0.0,0.0,1.0,Credit Card,Business Meeting,,4
8387193,4213350,New York,40.73538,-74.08378,40.6916,-74.08042,2022-06-27 13:06:03,2022-06-27 13:22:03,Completed,Luxury,3.03,16,13.1,2.15,1.0,Debit Card,Daily Commute,5,3
2520311,8897422,San Diego,32.64911,-117.06657,32.7182,-117.18635,2022-09-04 00:03:58,2022-09-04 00:52:58,Completed,Sedan,8.44,49,26.54,0.22,1.5,Credit Card,Airport Transfer,2,6
8515256,3321736,San Francisco,37.79472,-122.45441,37.83727,-122.37485,2022-05-19 12:13:47,2022-05-19 12:43:47,Cancelled,SUV,5.24,30,0.0,0.0,1.5,Corporate,Business Meeting,,1
2786012,2638511,Austin,30.34382,-97.80074,30.3164,-97.80306,2022-11-20 06:48:50,2022-11-20 06:58:50,Cancelled,SUV,1.9,10,0.0,0.0,1.5,Corporate,Airport Transfer,,20
5602166,4555648,Los Angeles,34.13471,-118.23479,34.08939,-118.27117,2023-01-24 19:03:49,2023-01-24 19:14:49,Completed,Compact,3.76,11,8.14,0.54,1.0,Corporate,Night Out,4,5
8919295,2852286,San Francisco,37.69984,-122.40178,37.6905,-122.37635,2023-01-26 14:49:08,2023-01-26 14:53:08,Completed,Sedan,1.53,4,5.25,5.25,1.0,App Wallet,Shopping,5,1
7030047,6701591,Portland,45.51763,-122.59456,45.59819,-122.68154,2022-07-09 20:03:38,2022-07-09 20:25:38,Completed,Sedan,6.98,22,18.08,8.01,1.2,Debit Card,Event,4,4
1110738,2529938,Las Vegas,36.21579,-115.08617,36.09253,-115.07973,2023-07-31 12:43:39,2023-07-31 13:11:39,Completed,Compact,8.52,28,15.28,0.04,1.0,Credit Card,Shopping,5,5
8136077,1103728,Austin,30.31504,-97.70542,30.17613,-97.6751,2024-12-13 17:01:04,2024-12-13 17:43:04,Completed,SUV,9.77,42,43.19,3.66,1.8,Credit Card,Event,5,15
5494386,1052280,Houston,29.70733,-95.42817,29.70396,-95.35059,2023-06-07 12:00:56,2023-06-07 12:12:56,Cancelled,Sedan,4.66,12,0.0,0.0,2.0,App Wallet,Tourist,,6
6074983,6171279,Atlanta,33.77006,-84.32559,33.69479,-84.33239,2023-11-07 20:37:07,2023-11-07 21:07:07,Completed,Sedan,5.22,30,14.28,0.41,1.2,Promo Credit,Night Out,5,15
1970446,1146384,Houston,29.68937,-95.42817,29.72019,-95.27894,2022-06-16 06:59:53,2022-06-16 07:37:53,Completed,Sedan,9.21,38,34.34,8.29,1.8,Debit Card,Daily Commute,4,3
2103063,1219022,Chicago,41.97535,-87.66566,41.93464,-87.72431,2024-06-02 19:21:54,2024-06-02 19:43:54,Cancelled,Sedan,4.12,22,0.0,0.0,1.0,Promo Credit,Daily Commute,,1
9149062,8960545,New York,40.71546,-74.04109,40.70914,-74.10348,2023-01-08 13:57:32,2023-01-08 14:04:32,Completed,SUV,3.3,7,14.64,2.73,1.5,Credit Card,Medical Appointment,5,8
3479795,6194372,Boston,42.35993,-70.97739,42.32805,-71.14582,2024-09-04 03:40:59,2024-09-04 04:03:59,Completed,Sedan,8.88,23,22.18,1.31,1.2,Credit Card,Airport Transfer,5,5
5065965,9808286,Austin,30.30785,-97.73408,30.26917,-97.81322,2024-08-29 02:01:59,2024-08-29 02:21:59,Completed,Sedan,5.43,20,12.27,0.05,1.0,Credit Card,Airport Transfer,4,6
4602346,1908213,Austin,30.34978,-97.69159,30.1769,-97.74573,2023-05-04 22:43:39,2023-05-04 23:19:39,Completed,Compact,12.37,36,21.05,5.84,1.0,Debit Card,Night Out,4,8
8135537,4924978,San Diego,32.6598,-117.23469,32.75578,-117.07819,2024-03-05 21:26:00,2024-03-05 22:12:00,No-show,Sedan,11.26,46,0.0,0.0,1.0,Debit Card,Airport Transfer,,3
7904759,2093437,Los Angeles,34.04299,-118.17227,34.08074,-118.28486,2024-02-04 06:07:41,2024-02-04 06:30:41,Disputed,SUV,6.95,23,0.0,0.0,1.5,Debit Card,Airport Transfer,,2
3016100,4348619,Orlando,28.52972,-81.40492,28.60732,-81.44989,2024-07-03 16:01:50,2024-07-03 16:13:50,Completed,Compact,6.02,12,13.84,5.48,1.2,Credit Card,Event,5,2
1400726,5265243,Chicago,41.83809,-87.53795,41.89603,-87.56108,2024-06-11 19:08:09,2024-06-11 19:28:09,Completed,Compact,4.18,20,10.52,1.78,1.2,Debit Card,Business Meeting,5,1
2220690,4956653,New York,40.79304,-74.08737,40.75788,-73.92939,2022-09-21 06:30:23,2022-09-21 06:57:23,Completed,Electric SUV,8.62,27,41.74,2.65,1.8,Credit Card,Night Out,4,5
6106704,4540337,Atlanta,33.69778,-84.41094,33.74861,-84.33059,2023-04-16 00:02:29,2023-04-16 00:24:29,Cancelled,SUV,5.8,22,0.0,0.0,1.0,App Wallet,Night Out,,4
5375234,1049396,Boston,42.30463,-71.13381,42.3036,-71.11742,2024-02-25 13:56:51,2024-02-25 13:59:51,Disputed,Compact,0.84,3,0.0,0.0,1.2,Debit Card,Airport Transfer,,2
2558140,5736552,Seattle,47.55203,-122.33981,47.62966,-122.37145,2023-12-22 22:25:23,2023-12-22 22:45:23,Completed,Minivan,5.56,20,13.62,2.3,1.0,Crypto,Medical Appointment,4,10
6323983,8430665,Denver,39.71335,-105.03735,39.80786,-105.06831,2024-11-23 20:44:55,2024-11-23 21:07:55,Completed,Sedan,6.73,23,29.23,0.42,2.0,Credit Card,Event,5,6
5592210,8010729,Miami,25.82531,-80.1099,25.70373,-80.24448,2022-08-30 02:19:52,2022-08-30 03:09:52,Completed,Compact,11.86,50,20.29,0.21,1.0,App Wallet,Business Meeting,4,4
9035669,9099345,Detroit,42.42413,-83.03755,42.3713,-83.0385,2023-11-26 04:39:15,2023-11-26 04:46:15,Completed,SUV,3.65,7,10.53,0.0,1.0,Credit Card,Daily Commute,5,2
8747309,9104596,Los Angeles,34.12499,-118.27831,33.99968,-118.20921,2023-11-02 12:57:24,2023-11-02 13:51:24,Completed,Sedan,9.52,54,23.56,2.82,1.2,App Wallet,Daily Commute,3,10
8096304,2380003,Miami,25.80901,-80.21525,25.72991,-80.19909,2024-01-08 08:59:25,2024-01-08 09:23:25,Completed,Sedan,5.56,24,15.01,0.53,1.2,App Wallet,Airport Transfer,1,2
8071372,1005291,Las Vegas,36.25853,-115.12987,36.13384,-115.05033,2024-06-12 21:57:38,2024-06-12 22:22:38,Completed,Minivan,9.69,25,43.76,1.71,2.0,Debit Card,Shopping,4,2
5551928,7025313,Phoenix,33.42716,-112.039,33.48709,-112.14257,2022-11-15 08:20:45,2022-11-15 08:50:45,Completed,Minivan,7.27,30,20.45,0.89,1.2,App Wallet,Night Out,5,10
6634659,1379531,Los Angeles,34.14302,-118.15592,34.06817,-118.15938,2023-06-25 20:32:57,2023-06-25 20:48:57,Completed,Sedan,5.18,16,29.56,0.1,2.5,Debit Card,Shopping,4,5
9646905,9652612,Portland,45.53395,-122.72923,45.60812,-122.62892,2024-12-08 19:38:28,2024-12-08 19:59:28,Completed,SUV,7.06,21,27.05,3.44,1.5,Credit Card,Daily Commute,4,2
2394290,9132101,Seattle,47.65615,-122.33386,47.62247,-122.23522,2024-08-28 13:40:35,2024-08-28 13:59:35,Cancelled,Sedan,5.15,19,0.0,0.0,1.0,Promo Credit,Daily Commute,,1
9952392,9058098,Detroit,42.3451,-82.96492,42.25164,-83.03002,2022-05-13 19:29:58,2022-05-13 20:04:58,Completed,SUV,7.26,35,18.47,1.09,1.0,Credit Card,School Run,3,5
3680458,5021888,Phoenix,33.46033,-112.157,33.49999,-112.04309,2023-12-30 18:30:10,2023-12-30 18:50:10,Completed,SUV,7.11,20,21.77,3.3,1.2,Debit Card,Daily Commute,5,12
3377475,5769262,Houston,29.73465,-95.42708,29.67822,-95.35162,2024-11-18 02:12:24,2024-11-18 02:37:24,Completed,SUV,5.98,25,15.66,0.61,1.0,App Wallet,Airport Transfer,1,6
9129085,8507953,San Diego,32.66743,-117.13768,32.80505,-117.11212,2022-09-09 05:18:47,2022-09-09 05:50:47,Completed,Luxury,9.62,32,36.17,10.46,1.0,Promo Credit,Daily Commute,5,5
7520652,3310759,Austin,30.25866,-97.81827,30.26269,-97.81649,2023-05-21 21:36:13,2023-05-21 21:39:13,No-show,Compact,0.4,3,0.0,0.0,3.0,Crypto,Tourist,,3
2268007,7621880,New York,40.73521,-74.00424,40.71903,-74.00422,2022-07-24 16:29:14,2022-07-24 16:35:14,Completed,Electric Sedan,1.12,6,5.69,0.06,1.2,Debit Card,School Run,1,4
2436402,5275417,Los Angeles,34.05871,-118.21927,34.12103,-118.25223,2023-08-21 23:29:43,2023-08-21 23:46:43,Disputed,SUV,4.7,17,0.0,0.0,1.2,App Wallet,Tourist,,12
9956339,4633529,Atlanta,33.73321,-84.34038,33.83556,-84.48896,2022-01-14 14:11:32,2022-01-14 14:54:32,Completed,SUV,11.08,43,48.38,0.29,1.8,Debit Card,Business Meeting,4,1
7333183,8313452,San Francisco,37.67081,-122.42128,37.72778,-122.34729,2023-03-23 04:45:42,2023-03-23 05:07:42,Completed,Electric Sedan,5.64,22,16.54,0.18,1.2,Debit Card,Daily Commute,5,2
9235746,1496733,Nashville,36.13028,-86.80204,36.23861,-86.83711,2022-08-10 04:32:51,2022-08-10 04:53:51,Completed,Compact,7.74,21,14.11,0.19,1.0,Credit Card,Night Out,5,4
2638187,4644313,San Francisco,37.79482,-122.45342,37.80325,-122.39233,2023-02-17 21:46:58,2023-02-17 21:53:58,Completed,Electric Sedan,3.39,7,16.7,0.67,1.8,App Wallet,Shopping,5,8
1409117,3527176,San Francisco,37.85931,-122.47524,37.69127,-122.40356,2022-10-07 12:26:31,2022-10-07 13:08:31,Completed,Sedan,12.25,42,24.55,0.41,1.0,Debit Card,Airport Transfer,3,3
3555782,7182330,Los Angeles,34.13955,-118.30976,34.01625,-118.20095,2022-05-18 19:47:31,2022-05-18 20:32:31,Completed,Sedan,10.55,45,21.49,2.38,1.0,Debit Card,Daily Commute,4,4
4570614,7761723,Seattle,47.6226,-122.23777,47.67971,-122.25631,2022-03-14 21:24:19,2022-03-14 21:44:19,Completed,Sedan,4.04,20,14.66,0.38,1.5,Credit Card,Business Meeting,5,6
7042522,4321096,San Francisco,37.83013,-122.47547,37.69421,-122.43539,2023-12-18 05:29:40,2023-12-18 05:52:40,Completed,SUV,9.64,23,28.45,0.61,1.2,Promo Credit,School Run,5,6
9835817,9184946,Orlando,28.44254,-81.33587,28.54077,-81.39239,2022-01-01 18:58:57,2022-01-01 19:22:57,Disputed,SUV,7.61,24,0.0,0.0,1.0,Credit Card,Food Delivery,,1
7276570,5300887,Las Vegas,36.26654,-115.0508,36.15464,-115.23632,2024-09-29 13:15:59,2024-09-29 14:27:59,Completed,Sedan,12.91,72,25.74,0.01,1.0,Debit Card,Tourist,2,6
4094149,9126775,Portland,45.51766,-122.75052,45.46778,-122.72062,2023-10-28 22:37:50,2023-10-28 22:53:50,In Progress,Electric Sedan,3.74,16,0.0,0.0,1.0,Credit Card,Daily Commute,,1
1840466,2726985,San Francisco,37.72815,-122.42598,37.80552,-122.34521,2022-03-17 21:02:01,2022-03-17 21:32:01,Completed,SUV,6.93,30,21.3,0.13,1.2,Credit Card,Night Out,4,5
9349139,4935934,Miami,25.77275,-80.18095,25.79429,-80.13675,2023-12-13 22:52:02,2023-12-13 23:02:02,Completed,SUV,3.13,10,9.39,0.4,1.0,Credit Card,Business Meeting,5,4
1100190,3424948,Dallas,32.78367,-96.74183,32.76166,-96.73565,2022-06-01 14:41:58,2022-06-01 14:49:58,Completed,Compact,1.56,8,5.81,0.77,1.2,Corporate,Daily Commute,5,1
7323378,1886030,Miami,25.74485,-80.22452,25.8156,-80.11218,2023-05-02 19:12:49,2023-05-02 19:41:49,Completed,Minivan,8.53,29,19.56,0.68,1.0,Debit Card,Medical Appointment,5,8
3978807,2333128,Las Vegas,36.21877,-115.07202,36.24988,-115.21157,2024-01-23 15:34:02,2024-01-23 15:53:02,Completed,SUV,8.07,19,20.25,10.05,1.0,App Wallet,Airport Transfer,4,4
1833749,8119759,Denver,39.64343,-105.00604,39.78944,-105.01873,2024-12-25 19:52:24,2024-12-25 20:47:24,Completed,Sedan,10.11,55,20.7,1.5,1.0,Credit Card,Daily Commute,3,10
8447021,6123077,Atlanta,33.82239,-84.29325,33.71402,-84.35119,2023-09-28 08:08:00,2023-09-28 08:27:00,Completed,SUV,8.19,19,20.52,5.35,1.0,Credit Card,Business Meeting,3,1
9342365,1579934,Seattle,47.53313,-122.36805,47.51217,-122.30385,2023-01-08 00:42:10,2023-01-08 00:59:10,Completed,Compact,3.33,17,7.5,0.32,1.0,App Wallet,Medical Appointment,4,20
2901223,2514922,Denver,39.83646,-104.90349,39.73652,-105.00542,2023-06-26 21:11:55,2023-06-26 22:00:55,Completed,Sedan,8.77,49,21.94,0.96,1.2,Debit Card,Food Delivery,4,12
8842724,8409138,Seattle,47.54132,-122.38161,47.68303,-122.39362,2024-08-04 15:02:57,2024-08-04 15:23:57,Cancelled,SUV,9.81,21,0.0,0.0,3.0,Credit Card,Food Delivery,,15
8680483,9340418,Miami,25.80236,-80.20593,25.80136,-80.26285,2023-01-15 20:26:44,2023-01-15 20:35:44,Completed,Minivan,3.54,9,9.58,0.58,1.0,Credit Card,Event,5,15
5956369,1980623,Minneapolis,44.89099,-93.18977,45.05616,-93.26288,2022-02-02 15:59:24,2022-02-02 17:06:24,Cancelled,Luxury,11.96,67,0.0,0.0,1.8,App Wallet,Food Delivery,,12
3865532,8755233,San Diego,32.77436,-117.10343,32.65156,-117.07234,2024-03-07 21:10:53,2024-03-07 21:39:53,Completed,SUV,8.68,29,43.19,8.04,2.0,Credit Card,Food Delivery,3,5
4453404,5930713,Atlanta,33.82195,-84.44725,33.77988,-84.40772,2024-08-10 06:19:00,2024-08-10 06:30:00,Completed,SUV,3.69,11,10.62,0.02,1.0,Credit Card,Medical Appointment,5,5
4554585,5195354,San Francisco,37.69594,-122.48526,37.84162,-122.42497,2024-10-16 18:00:42,2024-10-16 18:26:42,Cancelled,Compact,10.59,26,0.0,0.0,1.0,App Wallet,Airport Transfer,,4
3126319,4610741,New York,40.80145,-73.91805,40.6578,-74.07544,2024-12-27 08:37:32,2024-12-27 09:49:32,Completed,Sedan,12.9,72,25.72,0.42,1.0,Corporate,Airport Transfer,5,4
6177148,1884579,Miami,25.72589,-80.28623,25.6818,-80.14408,2022-02-04 15:12:50,2022-02-04 15:40:50,Completed,SUV,9.36,28,23.09,1.82,1.0,Credit Card,Airport Transfer,4,4
4648294,3908067,San Francisco,37.86115,-122.42068,37.75461,-122.48845,2022-09-22 17:21:27,2022-09-22 17:41:27,Completed,SUV,8.24,20,37.13,0.31,1.8,App Wallet,Shopping,5,20
9300461,2563875,San Francisco,37.70767,-122.51907,37.74496,-122.40293,2022-03-08 11:24:03,2022-03-08 11:40:03,In Progress,SUV,6.85,16,0.0,0.0,1.0,Credit Card,Business Meeting,,3
4571859,7927463,San Francisco,37.76222,-122.47017,37.70167,-122.36261,2023-03-19 13:27:12,2023-03-19 13:43:12,Cancelled,Sedan,7.21,16,0.0,0.0,2.0,Credit Card,Business Meeting,,2
9721712,8371789,Minneapolis,44.9926,-93.31984,44.95596,-93.2633,2023-11-10 09:23:45,2023-11-10 09:39:45,Completed,Compact,3.75,16,8.12,0.77,1.0,Promo Credit,Airport Transfer,5,5
2984847,4831414,Dallas,32.75222,-96.82363,32.85283,-96.76748,2024-09-19 23:28:39,2024-09-20 00:07:39,Completed,Electric Sedan,7.68,39,17.86,0.76,1.0,Credit Card,Event,4,6
7301536,4664764,Phoenix,33.37722,-111.98923,33.39886,-112.08145,2023-09-04 18:42:08,2023-09-04 18:53:08,Completed,Luxury,5.53,11,21.86,3.57,1.0,Credit Card,School Run,5,5
1432363,6780896,Chicago,41.85772,-87.69033,41.82854,-87.72424,2023-01-12 03:01:16,2023-01-12 03:10:16,Completed,Sedan,2.67,9,7.31,10.86,1.0,Corporate,Daily Commute,5,5
4974666,3507798,Orlando,28.45654,-81.40228,28.45437,-81.30849,2022-08-09 01:02:30,2022-08-09 01:18:30,Cancelled,Electric SUV,5.7,16,0.0,0.0,2.5,App Wallet,Night Out,,8
1165331,8128656,Phoenix,33.3928,-112.09342,33.3973,-112.00356,2022-10-23 05:10:47,2022-10-23 05:31:47,Completed,Sedan,5.19,21,11.84,0.11,1.0,Debit Card,Daily Commute,4,4
7478769,6676234,Los Angeles,34.10508,-118.15235,33.99771,-118.22926,2023-10-26 01:32:22,2023-10-26 02:17:22,Completed,Compact,8.63,45,18.53,0.4,1.2,Credit Card,Night Out,4,2
7456057,9757424,Portland,45.51296,-122.71501,45.55346,-122.64207,2023-12-04 01:49:37,2023-12-04 01:58:37,Completed,Compact,4.5,9,11.1,3.68,1.2,Debit Card,Business Meeting,4,4
6783344,5637705,Phoenix,33.53069,-112.15328,33.42608,-112.09342,2024-08-23 00:36:15,2024-08-23 00:56:15,Completed,Sedan,8.01,20,33.84,0.01,2.0,Credit Card,Daily Commute,5,4
3022491,3950076,San Diego,32.73566,-117.24153,32.67648,-117.10803,2024-10-08 11:31:39,2024-10-08 12:15:39,Completed,Compact,8.77,44,23.48,15.91,1.5,Debit Card,Daily Commute,5,20
5467582,3819828,Denver,39.8194,-105.02315,39.79974,-105.05417,2022-01-26 12:46:29,2022-01-26 12:51:29,Completed,Electric Sedan,2.13,5,13.52,8.9,2.0,Credit Card,Event,5,5
7332374,9713400,Las Vegas,36.17946,-115.07946,36.25715,-115.07179,2024-04-18 17:43:46,2024-04-18 18:14:46,Completed,Sedan,5.38,31,12.18,0.27,1.0,Debit Card,Daily Commute,4,10
2365049,2734461,Boston,42.39913,-71.09701,42.28866,-71.00229,2022-02-11 19:52:59,2022-02-11 20:44:59,Completed,SUV,9.04,52,44.78,0.27,2.0,Credit Card,Shopping,5,15
8877219,3176634,Chicago,41.93707,-87.59636,41.812,-87.6321,2023-01-27 15:31:07,2023-01-27 15:54:07,Completed,Sedan,8.84,23,27.62,15.57,1.5,App Wallet,Airport Transfer,4,20
2862297,6334003,Portland,45.57846,-122.58659,45.59245,-122.64324,2022-05-18 16:09:02,2022-05-18 16:18:02,In Progress,SUV,2.9,9,0.0,0.0,1.2,Credit Card,Night Out,,4
2366936,9249579,Los Angeles,34.11675,-118.15486,33.98243,-118.29004,2024-12-17 14:21:22,2024-12-17 14:57:22,No-show,Electric Sedan,12.08,36,0.0,0.0,1.0,Debit Card,Night Out,,3
3144252,3819828,Los Angeles,34.03889,-118.15276,34.02091,-118.21148,2024-12-23 04:29:12,2024-12-23 04:45:12,Completed,Sedan,3.58,16,10.73,0.72,1.2,Debit Card,Daily Commute,5,5
6081878,2423691,Seattle,47.65355,-122.41521,47.64521,-122.26589,2022-05-06 17:45:28,2022-05-06 18:04:28,Completed,Electric SUV,6.97,19,19.23,3.77,1.0,Credit Card,Airport Transfer,5,10
9279476,7038923,San Diego,32.74303,-117.14844,32.68797,-117.11807,2022-09-26 08:35:41,2022-09-26 08:45:41,Cancelled,SUV,4.19,10,0.0,0.0,1.0,Credit Card,Night Out,,3
4443292,5003324,Las Vegas,36.23659,-115.16638,36.07335,-115.13797,2024-06-11 15:09:23,2024-06-11 15:43:23,Disputed,SUV,11.39,34,0.0,0.0,1.0,Debit Card,Tourist,,15
8581310,1791863,Houston,29.85915,-95.34836,29.81362,-95.33601,2023-06-12 20:20:05,2023-06-12 20:28:05,Cancelled,Compact,3.23,8,0.0,0.0,2.0,Credit Card,Shopping,,5
8860623,6960581,Dallas,32.78787,-96.89937,32.76176,-96.7295,2022-04-14 05:36:39,2022-04-14 06:10:39,No-show,Sedan,10.03,34,0.0,0.0,2.0,App Wallet,Event,,2
8255274,6472302,Portland,45.60024,-122.60154,45.58032,-122.74808,2023-08-30 22:13:07,2023-08-30 22:32:07,Completed,Electric SUV,7.22,19,19.83,0.71,1.0,App Wallet,Business Meeting,4,5
9376199,1977744,Detroit,42.36333,-82.99258,42.35179,-83.02651,2022-06-12 07:29:04,2022-06-12 07:36:04,Disputed,Sedan,1.91,7,0.0,0.0,1.5,Credit Card,Daily Commute,,10
5252070,9930977,Chicago,41.96203,-87.58893,41.96395,-87.59208,2022-07-24 02:17:29,2022-07-24 02:20:29,Completed,Sedan,0.4,3,3.22,3.02,1.0,Credit Card,Daily Commute,4,5
6667428,2684783,Orlando,28.44775,-81.34919,28.62559,-81.39779,2024-11-17 08:47:47,2024-11-17 09:18:47,Completed,Minivan,12.64,31,50.0,3.47,1.8,Credit Card,Daily Commute,5,3
1259424,3443803,Austin,30.209,-97.65472,30.32549,-97.64752,2023-10-28 19:45:21,2023-10-28 20:07:21,Cancelled,SUV,8.06,22,0.0,0.0,2.5,App Wallet,Medical Appointment,,4
8148632,2863813,Austin,30.20401,-97.66864,30.3591,-97.69218,2023-07-11 12:46:11,2023-07-11 13:18:11,Completed,SUV,10.81,32,39.42,0.22,1.5,App Wallet,School Run,4,2
8825099,6986028,Orlando,28.46624,-81.45598,28.54511,-81.37878,2024-10-29 14:11:42,2024-10-29 14:53:42,Completed,Electric Sedan,7.19,42,16.88,3.24,1.0,Credit Card,Business Meeting,5,3
9913371,6387028,San Francisco,37.67852,-122.4307,37.68873,-122.47697,2023-12-15 10:51:50,2023-12-15 11:04:50,Completed,Compact,2.63,13,6.45,3.63,1.0,App Wallet,Business Meeting,3,2
4529159,3369869,Atlanta,33.84512,-84.37922,33.73531,-84.34812,2024-05-11 11:23:15,2024-05-11 11:39:15,Cancelled,Electric Sedan,7.79,16,0.0,0.0,1.0,Debit Card,Event,,1
9931546,1072112,Seattle,47.62646,-122.26053,47.69859,-122.29403,2022-02-22 20:51:45,2022-02-22 21:02:45,Cancelled,Sedan,5.22,11,0.0,0.0,1.0,Credit Card,Daily Commute,,2
9151078,9923437,Detroit,42.36119,-82.96921,42.31156,-82.97465,2024-03-24 15:53:53,2024-03-24 16:05:53,Completed,Compact,3.44,12,15.32,5.69,2.0,App Wallet,Business Meeting,2,1
3041772,6254177,Detroit,42.28746,-83.02125,42.29787,-83.10798,2022-05-04 03:25:16,2022-05-04 03:39:16,Completed,Compact,4.49,14,23.09,10.42,2.5,App Wallet,Airport Transfer,3,4
2468464,4021127,Los Angeles,33.97457,-118.32691,33.96532,-118.17049,2024-07-12 19:02:30,2024-07-12 19:47:30,Completed,SUV,8.99,45,22.28,1.76,1.0,Credit Card,Shopping,2,6
7221970,5269164,Miami,25.83551,-80.25878,25.81298,-80.24734,2023-08-07 05:39:48,2023-08-07 05:48:48,Completed,Electric SUV,1.71,9,6.6,0.74,1.0,Debit Card,School Run,5,6
2268349,3071914,Nashville,36.07154,-86.69596,36.07501,-86.87783,2024-09-07 16:02:47,2024-09-07 16:43:47,No-show,Sedan,10.16,41,0.0,0.0,1.0,Credit Card,Daily Commute,,3
4958454,3375656,Phoenix,33.49149,-112.02488,33.44112,-112.02564,2023-03-19 23:33:35,2023-03-19 23:51:35,Completed,Electric Sedan,3.48,18,18.92,0.2,2.0,Debit Card,Daily Commute,4,3
7382356,2767413,Houston,29.83856,-95.37887,29.78046,-95.32373,2023-02-16 20:45:35,2023-02-16 21:11:35,Completed,Compact,5.2,26,18.54,2.51,1.8,App Wallet,Night Out,5,6
5963601,5964060,Nashville,36.169,-86.847,36.26027,-86.74176,2023-10-07 22:30:36,2023-10-07 22:47:36,Disputed,Minivan,8.61,17,0.0,0.0,1.5,Corporate,Daily Commute,,4
1673445,9236828,Los Angeles,34.10868,-118.33843,34.05014,-118.15521,2024-09-08 00:58:10,2024-09-08 01:40:10,Completed,Sedan,11.24,42,34.1,2.66,1.5,Promo Credit,Night Out,5,10
5273743,7827317,Seattle,47.64423,-122.39471,47.68462,-122.23016,2023-08-01 03:16:14,2023-08-01 03:33:14,Cancelled,Sedan,8.15,17,0.0,0.0,2.0,Debit Card,Airport Transfer,,3
4696965,8289552,Portland,45.60543,-122.66663,45.58933,-122.5924,2024-10-14 13:55:59,2024-10-14 14:09:59,Completed,Electric Sedan,3.76,14,10.02,15.9,1.0,Debit Card,Daily Commute,5,2
2411303,2065680,Denver,39.70964,-104.96693,39.76939,-105.05904,2022-01-24 17:29:24,2022-01-24 18:06:24,Completed,Sedan,6.4,37,14.02,0.51,1.0,Debit Card,Daily Commute,4,5
4949684,3052680,Austin,30.33996,-97.67298,30.25788,-97.72303,2023-04-02 23:56:17,2023-04-03 00:17:17,Completed,Electric Sedan,6.41,21,15.32,0.39,1.0,Credit Card,Shopping,3,20
3431955,5928815,San Francisco,37.76354,-122.49798,37.7808,-122.3526,2024-02-16 04:20:53,2024-02-16 05:05:53,Completed,Sedan,8.03,45,16.95,3.46,1.0,Debit Card,Airport Transfer,4,5
4268745,7989220,Phoenix,33.54796,-112.06641,33.39417,-112.10382,2023-01-09 03:06:26,2023-01-09 03:32:26,Completed,Electric Sedan,10.84,26,48.36,0.63,2.0,Corporate,Business Meeting,5,4
7320778,2922699,Chicago,41.93187,-87.57907,41.81085,-87.53619,2023-04-27 21:56:27,2023-04-27 22:29:27,Completed,Sedan,8.65,33,36.14,2.7,2.0,App Wallet,Business Meeting,5,6
9209916,3362668,New York,40.69418,-74.0332,40.70293,-73.99062,2024-07-05 14:58:48,2024-07-05 15:07:48,No-show,SUV,2.31,9,0.0,0.0,1.0,Credit Card,Daily Commute,,4
2967452,3293406,Phoenix,33.37411,-112.08718,33.37936,-112.14398,2024-11-20 03:42:06,2024-11-20 03:49:06,Completed,SUV,3.3,7,14.64,0.37,1.5,Credit Card,Daily Commute,5,1
8607069,5256817,Phoenix,33.4305,-112.07924,33.45225,-112.12612,2022-08-02 15:43:38,2022-08-02 15:51:38,Completed,Sedan,3.09,8,8.06,0.09,1.0,Debit Card,Night Out,5,5
4998692,7500754,Chicago,41.81141,-87.64439,41.93445,-87.60362,2024-09-22 08:45:25,2024-09-22 09:06:25,Completed,Sedan,8.76,21,18.27,0.2,1.0,App Wallet,Airport Transfer,4,10
4744517,1854422,Los Angeles,34.03282,-118.2016,33.95827,-118.1419,2022-07-29 22:55:38,2022-07-29 23:28:38,Completed,Sedan,6.18,33,24.52,1.54,1.8,App Wallet,Shopping,5,6
8654112,8612078,New York,40.74286,-73.93481,40.80853,-73.98484,2023-04-12 03:05:02,2023-04-12 03:27:02,Completed,Compact,5.24,22,12.43,0.91,1.2,Debit Card,Night Out,2,3
2564461,4553959,Orlando,28.51758,-81.31429,28.505,-81.36813,2024-08-13 10:27:06,2024-08-13 10:42:06,Completed,Sedan,3.38,15,12.88,1.9,1.5,Credit Card,Daily Commute,5,5
1360738,3111842,San Francisco,37.70632,-122.45989,37.7799,-122.45981,2022-02-19 18:07:47,2022-02-19 18:34:47,Cancelled,Sedan,5.08,27,0.0,0.0,1.0,Credit Card,Night Out,,4
7985865,6744900,Chicago,41.80675,-87.62594,41.79021,-87.66363,2023-03-21 23:19:27,2023-03-21 23:26:27,Completed,Electric Sedan,2.25,7,12.6,2.52,1.8,Credit Card,Tourist,3,3
3770336,5097720,Las Vegas,36.26522,-115.15308,36.12898,-115.19107,2022-10-02 06:32:29,2022-10-02 06:57:29,Disputed,Sedan,9.65,25,0.0,0.0,1.0,App Wallet,Shopping,,1
7141442,2964675,Portland,45.50072,-122.748,45.5336,-122.71601,2023-11-06 14:19:47,2023-11-06 14:29:47,Completed,Sedan,2.75,10,7.45,1.58,1.0,App Wallet,Business Meeting,3,6
4210427,4884601,Phoenix,33.35704,-111.97263,33.36225,-112.09351,2023-02-12 12:34:56,2023-02-12 12:58:56,Completed,Luxury,6.99,24,40.45,0.72,1.5,Promo Credit,Night Out,5,2
6655695,3706046,San Francisco,37.84773,-122.39503,37.7923,-122.33511,2022-04-05 04:43:45,2022-04-05 05:06:45,Completed,Luxury,5.04,23,30.21,0.13,1.5,Corporate,Event,5,3
4475694,4880187,Chicago,41.91372,-87.54167,41.94817,-87.70135,2023-08-04 05:27:45,2023-08-04 05:51:45,Completed,Sedan,8.55,24,26.84,0.59,1.5,Promo Credit,School Run,3,1
9774414,1378556,Houston,29.82687,-95.4442,29.68701,-95.40465,2023-06-10 02:02:05,2023-06-10 02:58:05,Completed,Electric SUV,9.95,56,26.38,0.73,1.0,Credit Card,Shopping,5,8
5569678,3264864,Seattle,47.54739,-122.42092,47.70222,-122.36934,2024-12-19 21:40:05,2024-12-19 22:31:05,Completed,Compact,10.96,51,18.94,0.07,1.0,Promo Credit,Shopping,5,20
9711149,1799820,Las Vegas,36.22252,-115.21929,36.10412,-115.10767,2023-02-23 16:18:33,2023-02-23 17:11:33,Cancelled,Sedan,10.28,53,0.0,0.0,1.2,Credit Card,Business Meeting,,3
5787185,2041282,Orlando,28.505,-81.38453,28.46962,-81.37981,2023-05-04 03:04:17,2023-05-04 03:13:17,Disputed,Electric SUV,2.46,9,0.0,0.0,1.0,Credit Card,Airport Transfer,,4
7995167,8476854,Phoenix,33.52576,-111.97332,33.52917,-112.10218,2024-01-25 16:10:00,2024-01-25 16:50:00,Completed,Sedan,7.43,40,15.87,0.18,1.0,Crypto,Airport Transfer,4,20
7420696,4806107,Miami,25.71621,-80.27438,25.75651,-80.09996,2023-06-18 22:20:43,2023-06-18 23:03:43,Completed,Minivan,11.21,43,37.38,8.25,1.5,Promo Credit,Daily Commute,5,10
3572046,8253284,San Francisco,37.80866,-122.48511,37.80572,-122.35151,2022-05-10 08:34:14,2022-05-10 08:56:14,Cancelled,Sedan,7.3,22,0.0,0.0,1.0,App Wallet,Night Out,,3
9193823,5760015,Chicago,41.89997,-87.59034,41.93085,-87.70091,2024-07-10 01:44:50,2024-07-10 02:13:50,Cancelled,Compact,6.07,29,0.0,0.0,1.2,Credit Card,Food Delivery,,6
9392081,3639500,Austin,30.17049,-97.72391,30.2143,-97.71533,2023-02-05 12:14:08,2023-02-05 12:28:08,Completed,Electric SUV,3.07,14,19.74,10.8,2.0,Credit Card,Business Meeting,5,4
3872162,9273827,Atlanta,33.83294,-84.4079,33.80696,-84.31192,2024-06-30 18:57:21,2024-06-30 19:23:21,Completed,SUV,5.79,26,22.86,10.47,1.5,Credit Card,Airport Transfer,4,12
1959580,4454348,New York,40.70524,-73.9414,40.80759,-73.97185,2024-05-30 15:12:26,2024-05-30 15:29:26,Completed,Sedan,7.25,17,18.66,0.01,1.2,App Wallet,Daily Commute,5,5
9467567,3711110,Atlanta,33.72101,-84.3834,33.70422,-84.48619,2024-01-27 08:49:36,2024-01-27 09:09:36,Completed,SUV,6.02,20,23.62,0.95,1.5,App Wallet,Event,5,5
9537423,3310759,Portland,45.58901,-122.64745,45.60471,-122.77304,2024-01-20 07:08:11,2024-01-20 07:20:11,Cancelled,SUV,6.17,12,0.0,0.0,1.0,Credit Card,Airport Transfer,,8
4408147,9835542,Seattle,47.56859,-122.40562,47.68908,-122.34153,2022-10-07 18:25:48,2022-10-07 19:14:48,No-show,Sedan,8.84,49,0.0,0.0,1.0,Credit Card,Shopping,,3
9066273,5192059,Phoenix,33.47326,-112.08118,33.43831,-112.07553,2023-03-03 15:45:29,2023-03-03 15:54:29,Completed,Luxury,2.44,9,11.04,0.69,1.0,App Wallet,Night Out,4,15
9381588,1251372,Atlanta,33.82119,-84.34757,33.79851,-84.29896,2022-11-30 21:27:54,2022-11-30 21:40:54,Cancelled,Compact,3.2,13,0.0,0.0,1.0,Credit Card,Business Meeting,,2
6540872,9942458,Los Angeles,33.95933,-118.21652,34.04293,-118.23102,2024-12-28 09:58:26,2024-12-28 10:31:26,Completed,Sedan,5.84,33,19.52,0.98,1.5,Debit Card,School Run,4,5
7237782,4962093,Chicago,41.78536,-87.57864,41.89732,-87.62081,2024-10-23 00:55:36,2024-10-23 01:24:36,Completed,Electric Sedan,8.03,29,18.56,1.55,1.0,App Wallet,Airport Transfer,3,2
1813547,4902730,Dallas,32.77544,-96.70371,32.68077,-96.72512,2024-02-09 13:24:10,2024-02-09 13:48:10,Completed,SUV,6.66,24,25.73,2.95,1.5,App Wallet,Airport Transfer,5,5
4375245,9939218,San Diego,32.63814,-117.08129,32.62608,-117.25277,2024-06-18 02:43:48,2024-06-18 03:23:48,Cancelled,Electric Sedan,10.01,40,0.0,0.0,2.5,Credit Card,Tourist,,2
8992226,6054195,Los Angeles,34.02584,-118.32373,33.98249,-118.20348,2023-03-01 09:17:45,2023-03-01 09:51:45,Completed,Luxury,7.51,34,28.79,1.28,1.0,App Wallet,Daily Commute,5,6
6096762,2752306,Portland,45.52453,-122.76282,45.48557,-122.75457,2024-02-10 19:11:56,2024-02-10 19:27:56,Completed,Sedan,2.72,16,22.19,0.85,3.0,Credit Card,Airport Transfer,5,2
1075157,5392224,Los Angeles,33.97035,-118.19752,34.04946,-118.24455,2024-12-18 03:52:45,2024-12-18 04:26:45,Completed,Electric Sedan,6.09,34,29.36,1.17,2.0,Corporate,Daily Commute,3,3
7196341,4454348,Portland,45.49015,-122.64683,45.4613,-122.75519,2023-09-15 12:30:53,2023-09-15 12:48:53,Completed,Compact,5.62,18,32.79,8.62,3.0,Credit Card,Food Delivery,4,5
2239176,7265758,Phoenix,33.47614,-112.10156,33.48679,-112.06282,2023-03-06 02:56:24,2023-03-06 03:09:24,Completed,Electric SUV,2.35,13,8.14,0.22,1.0,App Wallet,Business Meeting,5,12
3796712,4792419,Seattle,47.63487,-122.41415,47.59424,-122.36538,2022-06-29 22:43:39,2022-06-29 22:58:39,Completed,Sedan,3.61,15,9.0,1.72,1.0,App Wallet,Daily Commute,3,5
4814341,7411592,San Diego,32.66964,-117.14765,32.79972,-117.06127,2024-06-18 03:30:32,2024-06-18 04:12:32,Completed,Compact,10.29,42,21.52,1.36,1.2,Promo Credit,Shopping,2,3
7200122,8516487,Houston,29.76599,-95.41716,29.82586,-95.42128,2024-08-08 05:02:21,2024-08-08 05:16:21,Completed,Minivan,4.14,14,12.94,1.36,1.2,Debit Card,Business Meeting,4,3
6404810,4960796,Detroit,42.24382,-83.01968,42.35267,-83.04487,2023-09-12 19:57:06,2023-09-12 20:34:06,Completed,Electric Sedan,7.63,37,17.76,5.02,1.0,Credit Card,Tourist,5,2
3030196,7426084,Houston,29.79905,-95.46474,29.83432,-95.38882,2022-11-19 14:09:58,2022-11-19 14:30:58,Completed,Compact,5.16,21,15.36,0.11,1.5,Promo Credit,Daily Commute,5,15
2429063,8313452,Portland,45.59514,-122.77995,45.45769,-122.74345,2022-12-12 19:14:45,2022-12-12 19:53:45,Completed,SUV,9.66,39,23.75,5.87,1.0,Credit Card,Business Meeting,5,6
7585539,5765472,Portland,45.43384,-122.62312,45.60018,-122.61983,2023-12-28 16:07:38,2023-12-28 17:07:38,Completed,Sedan,11.49,60,27.82,1.52,1.2,App Wallet,Daily Commute,2,3
1612188,7461593,Las Vegas,36.18152,-115.11941,36.10322,-115.11746,2023-04-19 01:15:10,2023-04-19 01:25:10,Completed,Electric Sedan,5.41,10,23.98,0.56,1.8,Debit Card,Airport Transfer,5,2
4413557,7978421,San Francisco,37.69399,-122.51373,37.70727,-122.4794,2022-05-20 16:11:28,2022-05-20 16:22:28,Completed,Minivan,2.09,11,13.36,1.77,2.0,Credit Card,Daily Commute,5,4
8173135,6596608,San Francisco,37.72854,-122.36215,37.86621,-122.35332,2024-05-01 21:48:26,2024-05-01 22:33:26,Completed,Minivan,9.52,45,32.31,0.46,1.5,Debit Card,Airport Transfer,5,8
3490835,5051198,Nashville,36.1593,-86.68444,36.25168,-86.85754,2024-11-18 22:36:01,2024-11-18 23:34:01,Completed,Luxury,11.57,58,43.0,0.93,1.0,Promo Credit,Daily Commute,4,8
4689786,6424540,San Diego,32.63021,-117.25253,32.81804,-117.0663,2023-06-29 06:35:59,2023-06-29 08:06:59,Completed,SUV,16.9,91,47.62,15.48,1.2,Debit Card,Airport Transfer,5,5
1752122,4860109,San Diego,32.8053,-117.11645,32.70508,-117.13299,2022-11-04 19:47:46,2022-11-04 20:19:46,Completed,Electric Sedan,6.99,32,16.48,0.44,1.0,Credit Card,Shopping,4,20
9219213,7521594,San Diego,32.69536,-117.25882,32.74545,-117.23092,2023-01-15 03:20:18,2023-01-15 03:28:18,Completed,Electric SUV,3.82,8,11.67,1.4,1.0,Debit Card,Tourist,4,12
8110362,9087326,San Diego,32.77677,-117.1533,32.64143,-117.22083,2022-03-13 06:03:23,2022-03-13 06:29:23,Completed,Sedan,10.14,26,41.5,0.38,2.0,App Wallet,Night Out,5,3
8213933,7892642,Houston,29.73948,-95.42226,29.6962,-95.27203,2024-04-06 21:14:55,2024-04-06 21:59:55,Completed,Electric SUV,9.5,45,37.95,8.78,1.5,Corporate,Airport Transfer,5,6
6662370,9259539,Boston,42.41607,-71.15713,42.29324,-70.96106,2023-04-14 05:12:12,2023-04-14 06:27:12,Completed,Electric Sedan,13.12,75,71.85,15.94,2.5,App Wallet,Business Meeting,5,2
3274333,8824155,Phoenix,33.51068,-112.14628,33.41966,-112.02579,2023-09-15 07:52:59,2023-09-15 08:28:59,Disputed,Sedan,9.37,36,0.0,0.0,1.2,Credit Card,Airport Transfer,,5
7018986,3565100,Detroit,42.39253,-83.01436,42.31131,-83.00551,2023-05-22 07:47:51,2023-05-22 08:13:51,Completed,SUV,5.63,26,14.89,15.06,1.0,Debit Card,Business Meeting,5,15
2708068,4619100,Austin,30.30369,-97.76408,30.31435,-97.67491,2022-12-24 20:33:50,2022-12-24 21:01:50,Completed,SUV,5.37,28,14.31,5.81,1.0,App Wallet,Daily Commute,5,5
5131449,1569088,San Diego,32.7844,-117.08018,32.76077,-117.21968,2022-09-16 10:08:44,2022-09-16 10:47:44,Cancelled,SUV,8.27,39,0.0,0.0,1.8,App Wallet,School Run,,10
7805112,5296631,Seattle,47.70437,-122.39049,47.59739,-122.26772,2024-05-06 14:54:05,2024-05-06 15:38:05,Completed,Sedan,9.34,44,19.31,10.25,1.0,App Wallet,Event,3,5
4081971,9071840,San Francisco,37.83588,-122.50288,37.71363,-122.43044,2023-11-23 10:00:48,2023-11-23 10:24:48,Cancelled,Sedan,9.33,24,0.0,0.0,1.0,Debit Card,Business Meeting,,4
3929810,2341588,Los Angeles,33.99422,-118.31904,34.08633,-118.1648,2024-02-06 08:39:36,2024-02-06 09:39:36,Completed,Sedan,10.89,60,22.1,0.9,1.0,Promo Credit,Daily Commute,4,3
6249685,8408380,Austin,30.35932,-97.69868,30.25653,-97.79726,2023-07-26 02:17:23,2023-07-26 02:54:23,Completed,SUV,9.22,37,27.34,1.6,1.2,Credit Card,Medical Appointment,4,5
5967931,9820300,New York,40.67927,-74.06301,40.72677,-74.08843,2024-12-24 23:40:01,2024-12-24 23:58:01,Completed,SUV,3.54,18,10.29,0.56,1.0,Credit Card,Medical Appointment,5,3
4225419,7546412,Miami,25.8382,-80.23081,25.83031,-80.12953,2022-12-18 01:43:10,2022-12-18 02:07:10,Completed,Sedan,6.32,24,13.88,2.1,1.0,Crypto,Shopping,4,5
1403598,9848683,Detroit,42.40727,-82.96415,42.42273,-82.95054,2023-06-15 08:08:10,2023-06-15 08:12:10,Completed,Sedan,1.27,4,4.79,5.33,1.0,Debit Card,Airport Transfer,5,2
7138113,5745299,Chicago,41.94333,-87.68386,41.96397,-87.72531,2022-02-03 11:40:25,2022-02-03 11:49:25,Completed,SUV,2.56,9,16.26,0.14,2.0,App Wallet,Tourist,5,3
5877833,8535474,Denver,39.68004,-104.90577,39.74086,-104.89991,2023-10-30 04:03:18,2023-10-30 04:15:18,Completed,Electric Sedan,4.21,12,10.92,0.53,1.0,Credit Card,Airport Transfer,5,3
1354581,8875447,San Diego,32.78026,-117.12588,32.62413,-117.1842,2023-06-26 22:30:17,2023-06-26 23:09:17,No-show,Electric SUV,11.31,39,0.0,0.0,1.0,Credit Card,School Run,,5
6044528,5954851,Seattle,47.56625,-122.3896,47.51962,-122.35938,2022-01-22 14:16:55,2022-01-22 14:23:55,Completed,Minivan,3.52,7,14.31,15.29,1.5,Debit Card,Night Out,5,10
4490291,4454168,New York,40.73189,-73.92439,40.68059,-73.92454,2023-05-04 14:45:19,2023-05-04 15:04:19,In Progress,Luxury,3.54,19,0.0,0.0,2.0,Debit Card,Night Out,,20
9452249,7133842,Austin,30.29248,-97.70075,30.34576,-97.65468,2022-04-01 20:59:12,2022-04-01 21:16:12,Completed,Sedan,4.59,17,10.76,0.35,1.0,Crypto,Food Delivery,4,6
7819021,1414612,Atlanta,33.67611,-84.43307,33.73667,-84.42992,2023-09-10 15:37:00,2023-09-10 15:55:00,Completed,Sedan,4.19,18,10.04,2.75,1.0,App Wallet,Daily Commute,5,8
9956525,9441375,Austin,30.28254,-97.70543,30.24615,-97.82016,2024-10-25 13:14:41,2024-10-25 13:36:41,Completed,Electric SUV,7.29,22,35.99,0.04,1.8,Debit Card,Shopping,4,5
7346332,3441581,Las Vegas,36.07697,-115.18632,36.21661,-115.06385,2022-07-20 06:24:17,2022-07-20 07:32:17,Completed,SUV,11.82,68,28.5,0.71,1.0,Debit Card,Daily Commute,4,20
3106467,9605727,New York,40.69718,-73.99432,40.76782,-74.07273,2024-08-25 13:11:07,2024-08-25 13:32:07,Completed,Sedan,6.38,21,20.98,5.65,1.5,Debit Card,Daily Commute,4,6
8277092,7749867,Chicago,41.81374,-87.67554,41.8067,-87.65079,2022-02-05 17:17:18,2022-02-05 17:23:18,Completed,Sedan,1.36,6,4.95,0.71,1.0,Crypto,Airport Transfer,4,4
7204164,3120511,Los Angeles,33.98702,-118.29958,33.96404,-118.22637,2023-08-30 21:59:58,2023-08-30 22:25:58,Cancelled,SUV,4.49,26,0.0,0.0,1.0,Debit Card,Shopping,,4
6626910,1724474,New York,40.72264,-74.09008,40.61083,-74.02548,2022-11-23 22:05:51,2022-11-23 22:49:51,Completed,Sedan,8.43,44,21.21,0.37,1.2,App Wallet,Shopping,5,2
3314255,7991279,Houston,29.83987,-95.28135,29.83526,-95.4438,2023-07-08 13:28:53,2023-07-08 14:04:53,Completed,Sedan,9.74,36,20.03,0.21,1.0,Credit Card,Daily Commute,4,4
7304615,5393391,Las Vegas,36.23185,-115.12413,36.22489,-115.14286,2024-03-09 12:38:23,2024-03-09 12:43:23,Completed,Electric Sedan,1.15,5,7.2,2.72,1.5,Credit Card,Daily Commute,3,8
1555847,7863304,Phoenix,33.47519,-112.11948,33.41449,-112.05703,2023-09-12 09:08:54,2023-09-12 09:25:54,Cancelled,Minivan,5.53,17,0.0,0.0,1.2,Credit Card,Tourist,,5
7761506,9249579,Miami,25.68617,-80.13028,25.84021,-80.1935,2022-02-07 06:41:02,2022-02-07 07:14:02,Completed,Electric Sedan,11.35,33,25.2,0.37,1.0,Debit Card,Daily Commute,2,4
1659167,2322911,Los Angeles,34.03785,-118.31717,34.04583,-118.24285,2022-02-01 13:46:11,2022-02-01 13:55:11,Completed,Minivan,4.29,9,27.7,1.27,2.5,Debit Card,Food Delivery,3,8
8821609,5719718,Los Angeles,33.98486,-118.17408,33.96829,-118.17305,2024-10-22 23:16:09,2024-10-22 23:21:09,Cancelled,Compact,1.15,5,0.0,0.0,1.0,Credit Card,Business Meeting,,6
3644927,1633021,Detroit,42.42366,-83.02975,42.28449,-83.04051,2024-06-28 22:39:28,2024-06-28 23:17:28,Completed,Compact,9.63,38,25.42,0.5,1.5,Credit Card,Daily Commute,5,8
2896410,6450608,Dallas,32.69629,-96.72468,32.77335,-96.70062,2022-06-09 09:14:52,2022-06-09 09:32:52,Completed,Sedan,5.5,18,22.32,10.57,1.8,Debit Card,Airport Transfer,5,8
4656842,8686861,San Francisco,37.74958,-122.42283,37.77432,-122.34699,2024-03-03 21:09:34,2024-03-03 21:28:34,Completed,Luxury,4.48,19,32.72,3.59,1.8,Credit Card,Daily Commute,5,3
5645798,8764565,Dallas,32.79605,-96.86242,32.77575,-96.89109,2024-08-15 17:34:30,2024-08-15 17:46:30,Completed,Minivan,2.18,12,6.86,8.42,1.0,Debit Card,Daily Commute,2,3
2282434,9612923,Chicago,41.89188,-87.59901,41.84508,-87.71638,2023-04-23 00:40:02,2023-04-23 01:06:02,Completed,Sedan,6.85,26,14.83,2.94,1.0,Credit Card,School Run,1,2
1180052,5116502,Los Angeles,33.95888,-118.17498,34.01248,-118.20362,2022-07-03 17:06:24,2022-07-03 17:21:24,Completed,SUV,4.05,15,17.12,5.13,1.5,Credit Card,Daily Commute,4,10
3890062,9959321,Chicago,41.92926,-87.61511,41.85669,-87.554,2023-06-06 09:17:16,2023-06-06 09:33:16,Completed,Sedan,5.92,16,13.16,2.72,1.0,Debit Card,Airport Transfer,5,2
3198376,3572252,Chicago,41.87859,-87.6681,41.91545,-87.63711,2022-05-05 16:41:03,2022-05-05 16:54:03,Completed,Minivan,3.0,13,12.75,0.49,1.5,Credit Card,Night Out,4,6
8865482,9980039,San Francisco,37.84556,-122.36232,37.83028,-122.37258,2024-03-25 19:48:43,2024-03-25 19:53:43,Completed,Sedan,1.2,5,4.66,0.2,1.0,Debit Card,Event,5,3
4363317,1030012,Phoenix,33.52215,-112.01615,33.43502,-111.97798,2023-05-19 11:53:05,2023-05-19 12:18:05,Completed,Sedan,6.41,25,25.27,5.52,1.8,Credit Card,Night Out,5,5
1320321,9317510,Orlando,28.47766,-81.33978,28.47803,-81.39199,2024-02-27 03:18:44,2024-02-27 03:27:44,Completed,Electric Sedan,3.17,9,15.91,1.97,1.8,Credit Card,School Run,5,15
1311624,4602078,Austin,30.29049,-97.75131,30.18848,-97.78522,2024-01-02 15:33:51,2024-01-02 16:13:51,Completed,SUV,7.33,40,18.63,0.03,1.0,Credit Card,Business Meeting,4,3
8774301,9282121,Detroit,42.35559,-83.05276,42.38841,-83.10392,2023-06-25 07:07:40,2023-06-25 07:15:40,Completed,Electric Sedan,3.46,8,9.42,3.74,1.0,App Wallet,Food Delivery,3,3
3193121,1869887,Los Angeles,34.14093,-118.23303,34.12154,-118.25101,2024-11-27 19:07:32,2024-11-27 19:15:32,Cancelled,Compact,1.69,8,0.0,0.0,1.2,Credit Card,Shopping,,4
8635933,5967071,Phoenix,33.39657,-112.00324,33.42398,-112.10941,2023-02-15 08:36:53,2023-02-15 09:06:53,Completed,Sedan,6.41,30,14.04,2.87,1.0,Credit Card,Food Delivery,5,12
3195943,9293838,Chicago,41.86454,-87.71608,41.9279,-87.60801,2024-08-18 03:48:18,2024-08-18 04:28:18,Completed,Sedan,7.08,40,15.24,0.72,1.0,Corporate,Airport Transfer,5,2
2037851,7777627,San Francisco,37.79146,-122.43501,37.72782,-122.39794,2024-02-09 23:10:50,2024-02-09 23:31:50,Completed,Electric SUV,4.84,21,25.41,1.39,1.8,App Wallet,Daily Commute,5,5
9592520,8692987,Phoenix,33.41278,-112.07644,33.52782,-112.10898,2024-12-09 19:03:31,2024-12-09 19:38:31,Cancelled,Compact,8.17,35,0.0,0.0,1.0,Credit Card,Medical Appointment,,12
1702712,5695798,Las Vegas,36.19758,-115.16055,36.12721,-115.06259,2022-08-11 15:09:26,2022-08-11 15:37:26,Disputed,Sedan,7.31,28,0.0,0.0,1.2,Promo Credit,Daily Commute,,2
8038395,6784649,Miami,25.71941,-80.26075,25.83505,-80.20174,2024-05-29 10:57:53,2024-05-29 11:48:53,Completed,Compact,8.79,51,18.82,0.54,1.2,App Wallet,Food Delivery,5,5
6187930,2913678,New York,40.73656,-73.9699,40.69183,-73.98748,2022-10-06 12:45:01,2022-10-06 12:59:01,Completed,Electric Sedan,3.22,14,8.94,0.23,1.0,App Wallet,Event,4,8
3407889,1141334,Nashville,36.16788,-86.82914,36.20105,-86.69081,2023-08-07 08:12:53,2023-08-07 08:49:53,Completed,Luxury,8.05,37,30.68,5.63,1.0,App Wallet,Airport Transfer,4,20
2604122,4722416,New York,40.7403,-74.07771,40.72404,-74.02768,2024-07-29 03:25:17,2024-07-29 03:39:17,Completed,SUV,2.85,14,8.77,0.61,1.0,App Wallet,Night Out,3,2
2858203,3685892,San Francisco,37.714,-122.51582,37.77882,-122.5019,2024-04-03 11:22:59,2024-04-03 11:43:59,Completed,Electric SUV,4.54,21,13.4,0.07,1.0,App Wallet,Medical Appointment,4,4
8950986,6372521,Los Angeles,34.10772,-118.3141,34.02698,-118.3295,2022-05-19 15:54:40,2022-05-19 16:12:40,Completed,Sedan,5.65,18,12.67,2.05,1.0,Debit Card,Daily Commute,2,6
8757570,1886030,Los Angeles,34.1084,-118.29387,34.11431,-118.32809,2023-05-17 10:54:00,2023-05-17 11:01:00,Completed,SUV,2.0,7,13.8,2.22,2.0,Promo Credit,Tourist,5,10
3522359,3255165,Orlando,28.60668,-81.38412,28.50947,-81.40284,2022-06-20 00:16:53,2022-06-20 00:43:53,Completed,Compact,6.81,27,12.71,0.91,1.0,Debit Card,Airport Transfer,5,8
1167300,9273827,San Diego,32.73598,-117.14713,32.6855,-117.22648,2022-07-23 15:06:38,2022-07-23 15:18:38,Completed,Luxury,5.78,12,27.28,2.4,1.2,Credit Card,Airport Transfer,4,6
7412719,3767329,San Francisco,37.80649,-122.50893,37.85023,-122.3642,2023-04-12 03:49:59,2023-04-12 04:30:59,Completed,Sedan,8.46,41,17.73,0.38,1.0,Credit Card,Night Out,5,4
3025016,1643594,New York,40.74932,-74.06754,40.69916,-73.96913,2022-10-11 19:11:27,2022-10-11 19:40:27,Completed,Electric Sedan,6.21,29,22.38,0.04,1.5,App Wallet,Daily Commute,5,5
8703997,3343494,San Diego,32.68565,-117.09853,32.79483,-117.11705,2022-11-04 11:52:29,2022-11-04 12:28:29,In Progress,Compact,7.62,36,0.0,0.0,1.0,Credit Card,Daily Commute,,6
6191358,2661939,Miami,25.70258,-80.16144,25.77622,-80.24457,2024-08-12 23:41:37,2024-08-13 00:04:37,Completed,Sedan,7.26,23,15.57,0.59,1.0,App Wallet,Business Meeting,4,10
1679178,3527176,Phoenix,33.46827,-112.08112,33.36594,-112.03498,2022-12-30 09:57:55,2022-12-30 10:33:55,Completed,Compact,7.55,36,13.82,5.86,1.0,Corporate,Daily Commute,5,5
9444467,2817046,Atlanta,33.79652,-84.47855,33.77192,-84.48616,2022-06-06 02:14:54,2022-06-06 02:20:54,Completed,Sedan,1.75,6,8.48,0.29,1.5,App Wallet,Daily Commute,1,1
3061738,7150314,Seattle,47.58333,-122.28137,47.6701,-122.28126,2023-10-22 04:21:32,2023-10-22 04:36:32,Cancelled,Sedan,6.0,15,0.0,0.0,1.2,App Wallet,Event,,5
9336651,1674635,New York,40.65641,-74.05169,40.66551,-74.06897,2024-01-02 22:39:44,2024-01-02 22:43:44,Completed,Sedan,1.1,4,5.38,0.37,1.2,Corporate,Shopping,5,2
8436013,1706629,Chicago,41.91147,-87.68558,41.79886,-87.65629,2022-02-08 05:38:28,2022-02-08 05:54:28,Completed,Minivan,7.93,16,22.03,0.91,1.2,Credit Card,Night Out,5,4
2224917,1961533,Detroit,42.34252,-83.09489,42.41562,-83.04345,2024-01-15 04:59:11,2024-01-15 05:13:11,Completed,Compact,5.69,14,11.04,1.08,1.0,Credit Card,Airport Transfer,5,2
2822102,6989795,Denver,39.81333,-104.91872,39.76364,-104.9559,2024-09-13 03:24:32,2024-09-13 03:32:32,Completed,Compact,3.96,8,21.1,5.76,2.5,Credit Card,Tourist,5,4
5827008,4507394,New York,40.7392,-74.0901,40.80447,-73.9133,2024-08-15 19:31:25,2024-08-15 20:10:25,Completed,Compact,10.29,39,44.84,10.23,2.5,Credit Card,Daily Commute,5,20
3674863,2061237,Denver,39.64217,-104.92731,39.80684,-105.05949,2022-07-29 15:10:52,2022-07-29 16:14:52,In Progress,Compact,13.37,64,0.0,0.0,1.5,Credit Card,Daily Commute,,1
3265323,5554302,Orlando,28.52959,-81.44241,28.59278,-81.29222,2023-12-01 00:52:24,2023-12-01 01:38:24,Completed,SUV,10.11,46,24.74,0.82,1.0,Credit Card,Daily Commute,2,4
1481215,5330480,Las Vegas,36.14036,-115.06208,36.18868,-115.20705,2024-10-26 07:42:49,2024-10-26 08:12:49,Cancelled,Sedan,8.75,30,0.0,0.0,1.0,Credit Card,Airport Transfer,,5
9438675,6669327,Minneapolis,44.98643,-93.24775,44.98491,-93.28651,2024-10-14 06:37:46,2024-10-14 06:48:46,Completed,Sedan,1.9,11,5.92,0.97,1.0,App Wallet,School Run,5,2
8512776,8151105,Phoenix,33.52657,-112.10456,33.40051,-111.9732,2024-09-02 07:33:59,2024-09-02 08:00:59,Completed,SUV,11.54,27,27.89,0.44,1.0,App Wallet,Shopping,4,3
4439187,6457321,Portland,45.58949,-122.77872,45.46402,-122.681,2022-12-21 10:10:46,2022-12-21 10:54:46,Completed,Sedan,9.88,44,24.34,5.83,1.2,Credit Card,Shopping,5,10
8594824,4223996,Austin,30.21128,-97.68844,30.1862,-97.71265,2022-05-30 23:14:01,2022-05-30 23:26:01,Completed,Minivan,2.26,12,8.42,5.86,1.2,App Wallet,Daily Commute,5,5
2880143,1822380,Miami,25.83681,-80.27484,25.84759,-80.09126,2024-04-30 12:21:19,2024-04-30 13:13:19,Completed,Minivan,11.44,52,25.38,0.28,1.0,App Wallet,Airport Transfer,5,4
1226681,5195354,Denver,39.83287,-105.07458,39.66319,-104.93906,2024-04-02 17:18:02,2024-04-02 18:26:02,Completed,Sedan,13.76,68,32.72,2.99,1.2,Credit Card,Business Meeting,4,5
1424869,4684487,Boston,42.37213,-71.1386,42.41438,-71.08129,2024-04-30 18:47:10,2024-04-30 19:05:10,Completed,Electric Sedan,4.13,18,10.76,2.59,1.0,Debit Card,Business Meeting,2,5
8637305,1909414,Seattle,47.59986,-122.4049,47.68964,-122.25588,2023-01-17 16:33:06,2023-01-17 16:53:06,Cancelled,Electric SUV,9.31,20,0.0,0.0,1.0,Promo Credit,Tourist,,5
6264075,7617066,Phoenix,33.36671,-112.00472,33.47509,-112.16936,2022-08-26 21:10:57,2022-08-26 22:14:57,Completed,Electric SUV,12.09,64,31.52,5.19,1.0,Debit Card,Event,4,8
1850601,1036134,Las Vegas,36.13906,-115.1899,36.13529,-115.21009,2023-08-14 22:43:08,2023-08-14 22:48:08,Completed,Electric SUV,1.16,5,5.28,1.86,1.0,Crypto,Event,5,2
1163125,1334204,Boston,42.40369,-71.08046,42.44124,-71.08704,2024-08-22 09:01:14,2024-08-22 09:07:14,Completed,Compact,2.62,6,6.43,2.14,1.0,App Wallet,Airport Transfer,5,3
8918972,4131085,Phoenix,33.48347,-111.97249,33.45062,-112.13018,2023-12-05 11:35:24,2023-12-05 12:04:24,Completed,SUV,9.37,29,34.67,10.17,1.5,Credit Card,Food Delivery,4,4
8686128,4722416,New York,40.64751,-74.06929,40.7797,-74.08335,2024-04-15 16:35:49,2024-04-15 16:55:49,Completed,Sedan,9.16,20,18.99,3.2,1.0,Credit Card,Food Delivery,5,4
3130667,3308235,Houston,29.66093,-95.28133,29.74159,-95.45759,2022-10-27 02:46:02,2022-10-27 03:22:02,Completed,Electric Sedan,11.96,36,26.42,0.79,1.0,Debit Card,School Run,5,8
9209326,1509431,Los Angeles,34.01471,-118.33268,33.97315,-118.25492,2024-12-16 20:06:22,2024-12-16 20:35:22,Completed,Electric SUV,5.3,29,15.22,0.94,1.0,App Wallet,Daily Commute,4,3
2868332,4884601,Boston,42.31598,-71.12456,42.3828,-71.112,2023-04-15 22:45:22,2023-04-15 23:09:22,Completed,Sedan,4.66,24,10.89,15.08,1.0,Credit Card,Business Meeting,4,20
8955203,1746694,New York,40.78902,-73.99604,40.70085,-74.05986,2024-06-08 01:33:16,2024-06-08 01:48:16,Completed,Electric SUV,6.95,15,34.52,0.94,1.8,Debit Card,Tourist,5,8
6008441,5081171,San Francisco,37.74017,-122.34448,37.79771,-122.39862,2024-07-26 01:10:07,2024-07-26 01:20:07,Completed,SUV,4.95,10,13.39,0.38,1.0,Credit Card,Event,4,4
7385784,1974038,Detroit,42.32189,-82.95659,42.39757,-82.96516,2022-03-29 03:07:19,2022-03-29 03:22:19,Completed,Sedan,5.25,15,23.9,0.92,2.0,App Wallet,Daily Commute,3,4
9286469,5786230,Los Angeles,34.04352,-118.25213,33.96188,-118.3355,2024-08-24 00:45:33,2024-08-24 01:03:33,Completed,Minivan,7.39,18,31.1,2.48,1.8,Debit Card,Daily Commute,5,6
5746028,1316971,Nashville,36.22796,-86.87765,36.1296,-86.85795,2022-01-08 11:06:51,2022-01-08 11:24:51,No-show,Minivan,6.88,18,0.0,0.0,1.2,Debit Card,Shopping,,20
8039236,8376828,Houston,29.69821,-95.36412,29.79932,-95.29383,2023-05-08 05:39:46,2023-05-08 06:08:46,Cancelled,Sedan,8.16,29,0.0,0.0,1.0,App Wallet,Airport Transfer,,15
2601843,9259539,San Francisco,37.75563,-122.46041,37.67513,-122.49403,2022-06-02 22:54:12,2022-06-02 23:20:12,Completed,Electric Sedan,5.86,26,14.22,2.17,1.0,Credit Card,Tourist,4,4
9034913,5664704,Chicago,41.85887,-87.65922,41.94818,-87.72352,2024-10-14 09:55:59,2024-10-14 10:36:59,Completed,SUV,7.0,41,35.8,0.9,2.0,App Wallet,Daily Commute,5,15
3255082,7955686,San Francisco,37.76504,-122.51742,37.7353,-122.33393,2022-06-18 14:55:40,2022-06-18 15:28:40,Cancelled,Sedan,10.23,33,0.0,0.0,1.0,Debit Card,Daily Commute,,10
6159182,6596608,Los Angeles,34.07369,-118.27035,34.01422,-118.31965,2024-03-31 04:07:05,2024-03-31 04:20:05,Completed,Minivan,4.99,13,14.98,1.29,1.2,Debit Card,Night Out,2,3
4295356,7276595,Chicago,41.80538,-87.55639,41.86969,-87.61985,2024-11-16 02:06:48,2024-11-16 02:21:48,Completed,SUV,5.52,15,14.64,0.07,1.0,App Wallet,Shopping,4,20
7715286,4940077,New York,40.61651,-74.05924,40.63259,-74.05867,2024-01-19 19:37:41,2024-01-19 19:40:41,Completed,Electric Sedan,1.11,3,4.72,0.94,1.0,Credit Card,Business Meeting,5,4
7298494,1088365,Los Angeles,33.9532,-118.23285,34.1246,-118.22067,2024-10-07 08:18:44,2024-10-07 09:16:44,In Progress,Sedan,11.86,58,0.0,0.0,1.0,Credit Card,Event,,12
1469697,9529208,Denver,39.83114,-105.06098,39.71611,-105.0212,2024-11-11 06:36:56,2024-11-11 07:09:56,Completed,Sedan,8.22,33,20.76,0.62,1.2,Credit Card,School Run,5,5
5047649,7544254,Miami,25.74027,-80.21208,25.83915,-80.23872,2024-02-15 00:59:14,2024-02-15 01:31:14,Completed,Electric Sedan,7.03,32,16.56,0.92,1.0,Crypto,Daily Commute,5,4
9156309,7634218,Seattle,47.51678,-122.364,47.65043,-122.26811,2024-09-21 18:18:30,2024-09-21 19:08:30,Completed,Sedan,10.26,50,25.16,0.02,1.2,App Wallet,Tourist,5,1
9234922,9718927,Nashville,36.24806,-86.85523,36.14414,-86.70375,2023-07-10 12:50:50,2023-07-10 13:54:50,Completed,SUV,11.09,64,53.8,0.39,2.0,Debit Card,Tourist,5,4
1380224,9278977,Austin,30.18666,-97.69443,30.18171,-97.75046,2023-01-04 06:16:24,2023-01-04 06:29:24,Completed,Sedan,3.36,13,10.26,0.17,1.2,Credit Card,Event,5,5
6252058,6147755,Chicago,41.9606,-87.5601,41.93035,-87.57215,2022-07-03 23:11:19,2022-07-03 23:23:19,Completed,SUV,2.18,12,14.59,0.61,2.0,Debit Card,Shopping,5,6
7865913,3081446,Denver,39.64408,-104.99799,39.67749,-105.05499,2022-07-07 05:27:24,2022-07-07 05:37:24,Completed,Compact,3.81,10,8.21,3.61,1.0,Credit Card,Airport Transfer,5,6
4433061,1309775,Los Angeles,34.10024,-118.2111,34.09587,-118.24862,2022-04-20 02:09:11,2022-04-20 02:14:11,Completed,Sedan,2.17,5,7.69,2.42,1.2,Debit Card,Event,4,4
7627080,2159983,Houston,29.66924,-95.29387,29.72695,-95.41779,2023-09-27 05:31:52,2023-09-27 06:03:52,Disputed,Electric SUV,8.44,32,0.0,0.0,1.0,Credit Card,Shopping,,3
7699476,3957032,San Diego,32.80884,-117.12217,32.79962,-117.1678,2024-12-11 00:53:54,2024-12-11 01:08:54,Completed,Minivan,2.73,15,7.96,5.44,1.0,App Wallet,Business Meeting,5,1
1793386,6641043,San Diego,32.78661,-117.09427,32.64424,-117.14537,2023-06-15 21:03:03,2023-06-15 21:28:03,Completed,SUV,10.28,25,25.12,10.58,1.0,Promo Credit,Night Out,5,5
7534494,3184034,Las Vegas,36.14915,-115.05246,36.17514,-115.06123,2023-11-27 16:56:29,2023-11-27 17:04:29,Cancelled,Sedan,1.86,8,0.0,0.0,2.0,Credit Card,Business Meeting,,2
7622386,8817326,Houston,29.68331,-95.4262,29.71596,-95.33251,2024-09-02 00:33:44,2024-09-02 01:08:44,Completed,Electric Sedan,6.06,35,17.54,15.85,1.2,App Wallet,Food Delivery,5,1
4759140,2375010,San Diego,32.71783,-117.12301,32.80611,-117.11152,2022-06-01 04:19:12,2022-06-01 04:38:12,Completed,Electric SUV,6.14,19,17.24,0.9,1.0,Credit Card,School Run,4,8
6151139,1568871,Las Vegas,36.07286,-115.11367,36.21295,-115.19471,2023-03-26 02:34:11,2023-03-26 03:02:11,Completed,Electric SUV,10.68,28,28.13,0.57,1.0,Debit Card,Daily Commute,5,1
3759628,3714699,Nashville,36.24657,-86.72934,36.07033,-86.86904,2024-06-05 01:01:05,2024-06-05 02:15:05,Disputed,Luxury,14.46,74,0.0,0.0,1.0,Credit Card,Shopping,,4
9507208,8888791,San Francisco,37.72876,-122.43916,37.86401,-122.33061,2022-06-28 22:52:19,2022-06-28 23:27:19,Disputed,SUV,11.07,35,0.0,0.0,1.0,Credit Card,Tourist,,4
9592288,3071683,Seattle,47.67889,-122.29039,47.56676,-122.3386,2024-05-11 15:29:36,2024-05-11 16:06:36,Cancelled,Sedan,8.07,37,0.0,0.0,2.0,Credit Card,Daily Commute,,5
2478814,5987882,Miami,25.67856,-80.27963,25.85648,-80.23013,2024-12-15 16:49:25,2024-12-15 17:33:25,Completed,SUV,12.67,44,30.37,0.19,1.0,Corporate,Shopping,5,3
6802923,7334757,Detroit,42.36673,-83.02674,42.27334,-83.02852,2022-10-31 11:19:01,2022-10-31 11:48:01,Completed,Sedan,6.45,29,14.11,0.11,1.0,App Wallet,Tourist,4,4
6189370,2661554,San Francisco,37.85984,-122.51101,37.83996,-122.35612,2024-10-19 22:47:55,2024-10-19 23:22:55,Completed,Sedan,8.56,35,17.91,5.27,1.0,Credit Card,Airport Transfer,4,10
7613824,5983404,Los Angeles,34.08241,-118.15115,34.10592,-118.26876,2022-09-03 05:19:48,2022-09-03 05:58:48,Completed,SUV,6.92,39,17.72,0.5,1.0,Promo Credit,Daily Commute,4,4
8838663,5719718,Dallas,32.75012,-96.76271,32.73903,-96.74139,2023-08-18 12:48:54,2023-08-18 12:56:54,Cancelled,SUV,1.46,8,0.0,0.0,1.0,App Wallet,Airport Transfer,,8
8029941,5902613,Chicago,41.93241,-87.60166,41.81663,-87.62106,2022-02-24 10:53:51,2022-02-24 11:27:51,Completed,Sedan,8.06,34,20.41,8.2,1.2,Corporate,Daily Commute,3,15
3234868,3614373,Dallas,32.85795,-96.7234,32.82882,-96.87597,2023-12-24 22:31:08,2023-12-24 23:16:08,No-show,Electric Sedan,9.08,45,0.0,0.0,1.0,App Wallet,Tourist,,3
7410673,9300503,Los Angeles,34.02566,-118.14304,34.10403,-118.28353,2022-12-14 05:36:55,2022-12-14 06:04:55,Completed,SUV,9.69,28,28.58,0.25,1.2,Debit Card,Daily Commute,5,2
7406507,3697801,Chicago,41.78982,-87.65407,41.86667,-87.64253,2024-04-08 04:51:32,2024-04-08 05:21:32,Completed,SUV,5.34,30,17.1,0.97,1.2,Debit Card,Business Meeting,4,8
3150312,8748358,New York,40.76611,-74.05569,40.74572,-73.99945,2024-10-23 21:44:54,2024-10-23 21:58:54,Completed,Sedan,3.26,14,8.37,1.55,1.0,Credit Card,Airport Transfer,5,3
7026484,1800928,Las Vegas,36.13872,-115.12781,36.24788,-115.14633,2022-03-30 19:07:52,2022-03-30 19:25:52,Cancelled,Compact,7.61,18,0.0,0.0,1.5,App Wallet,Night Out,,2
5351326,4918467,Miami,25.78289,-80.18151,25.83312,-80.2766,2022-04-28 17:24:34,2022-04-28 17:39:34,Completed,Electric Sedan,6.86,15,16.22,0.07,1.0,Corporate,Airport Transfer,4,10
3107037,5645937,Boston,42.30956,-71.09363,42.37996,-71.05803,2022-11-26 01:15:38,2022-11-26 01:44:38,Completed,Minivan,5.19,29,12.88,1.15,1.0,Credit Card,School Run,5,8
8734477,9259539,Austin,30.20537,-97.75408,30.31567,-97.71316,2024-12-10 02:17:28,2024-12-10 02:49:28,Completed,Electric SUV,8.0,32,32.55,0.33,1.5,Credit Card,Shopping,3,2
7238528,4795380,San Francisco,37.68892,-122.49021,37.77019,-122.40473,2024-03-06 17:47:18,2024-03-06 18:08:18,Completed,SUV,7.3,21,46.4,10.3,2.5,Debit Card,Shopping,4,4
3411539,1173326,Dallas,32.7161,-96.77123,32.84985,-96.74965,2024-11-04 23:54:02,2024-11-05 00:23:02,Completed,Sedan,9.33,29,28.94,0.77,1.5,Credit Card,Shopping,5,12
2608924,8130489,Los Angeles,34.00629,-118.24734,34.02797,-118.31606,2024-12-22 02:48:40,2024-12-22 03:03:40,Completed,Sedan,4.21,15,10.08,10.03,1.0,App Wallet,Medical Appointment,5,12
7492090,3472642,Los Angeles,34.07455,-118.25282,34.02338,-118.32174,2024-06-07 02:36:21,2024-06-07 03:03:21,Completed,Sedan,5.3,27,21.67,5.19,1.8,App Wallet,Tourist,4,8
3743953,5057126,Austin,30.17902,-97.82929,30.1875,-97.69295,2023-08-07 03:03:31,2023-08-07 03:34:31,Completed,Compact,8.16,31,14.74,0.04,1.0,Credit Card,Night Out,5,20
6289634,3374074,Phoenix,33.43538,-112.10975,33.50877,-112.1304,2022-07-10 16:16:38,2022-07-10 16:28:38,Completed,Minivan,5.21,12,12.92,1.4,1.0,Credit Card,Daily Commute,3,2
9578811,2214430,San Francisco,37.79571,-122.4489,37.8353,-122.43897,2023-03-18 01:13:59,2023-03-18 01:20:59,Completed,Compact,2.79,7,6.69,1.68,1.0,Corporate,Daily Commute,5,6
8266932,7491524,San Francisco,37.70636,-122.48577,37.73134,-122.44251,2024-06-22 05:48:04,2024-06-22 06:01:04,Completed,Minivan,2.93,13,8.36,2.78,1.0,Corporate,Daily Commute,5,4
6324658,9273827,Detroit,42.23162,-83.04545,42.26881,-83.08176,2022-05-09 23:37:49,2022-05-09 23:43:49,Completed,Sedan,3.17,6,8.21,10.11,1.0,Debit Card,Daily Commute,4,3
5753257,5333257,Miami,25.78562,-80.10865,25.77934,-80.28944,2024-01-21 08:46:19,2024-01-21 09:32:19,Cancelled,SUV,11.26,46,0.0,0.0,1.0,Debit Card,Airport Transfer,,6
3007179,4190823,Miami,25.82976,-80.12129,25.81958,-80.27439,2022-08-28 22:45:23,2022-08-28 23:22:23,Completed,Minivan,9.55,37,25.92,0.57,1.2,App Wallet,Event,3,5
4228980,3804522,Houston,29.7586,-95.35256,29.84664,-95.4603,2023-02-27 13:32:02,2023-02-27 14:20:02,Completed,Electric Sedan,8.87,48,20.24,10.34,1.0,App Wallet,Tourist,5,2
9976350,6547155,Dallas,32.81996,-96.85025,32.72177,-96.86678,2022-09-13 03:46:54,2022-09-13 04:01:54,Completed,Compact,6.85,15,19.16,5.74,1.5,Debit Card,Airport Transfer,5,6
3517617,8119088,Las Vegas,36.14663,-115.12839,36.18332,-115.12599,2022-06-28 09:30:40,2022-06-28 09:44:40,Completed,Compact,2.54,14,7.57,0.3,1.2,Promo Credit,School Run,4,6
6040791,1643594,Atlanta,33.70252,-84.39458,33.78437,-84.42238,2024-10-31 02:07:32,2024-10-31 02:40:32,Cancelled,Electric Sedan,5.88,33,0.0,0.0,1.2,Credit Card,School Run,,4
5205472,6725828,Chicago,41.92445,-87.69001,41.87041,-87.56385,2023-01-15 13:20:02,2023-01-15 13:53:02,Cancelled,Minivan,7.49,33,0.0,0.0,1.0,App Wallet,Business Meeting,,12
7957489,1576513,Boston,42.34248,-71.11564,42.28482,-71.0421,2023-01-15 22:36:44,2023-01-15 22:59:44,Completed,Sedan,5.48,23,12.36,15.15,1.0,Credit Card,Daily Commute,5,6
3306472,3240404,Houston,29.82555,-95.30154,29.76889,-95.27601,2023-05-25 09:57:34,2023-05-25 10:18:34,Completed,SUV,4.2,21,11.74,0.74,1.0,Credit Card,Night Out,5,15
1274506,2525533,Los Angeles,34.02468,-118.30802,34.14595,-118.16789,2024-10-16 13:16:01,2024-10-16 14:25:01,Completed,Sedan,11.6,69,23.38,3.79,1.0,Credit Card,Daily Commute,5,3
9635734,7795037,Detroit,42.32528,-82.97515,42.31146,-83.06034,2023-11-26 22:07:58,2023-11-26 22:24:58,Completed,SUV,4.46,17,12.31,0.86,1.0,Debit Card,Daily Commute,5,5
3182356,9502769,Portland,45.48384,-122.64072,45.49353,-122.75703,2024-01-10 14:31:29,2024-01-10 14:47:29,Completed,Sedan,5.67,16,15.25,8.23,1.2,Debit Card,Shopping,5,20
8203609,3821463,Nashville,36.21339,-86.74449,36.22885,-86.81776,2022-07-15 22:39:31,2022-07-15 22:56:31,Completed,SUV,4.22,17,11.78,0.42,1.0,Credit Card,Business Meeting,4,3
2386204,3612213,Atlanta,33.80005,-84.48499,33.73272,-84.39012,2023-12-13 00:08:36,2023-12-13 00:26:36,No-show,SUV,7.16,18,0.0,0.0,1.0,Debit Card,Airport Transfer,,3
7895223,7785400,Orlando,28.63799,-81.43158,28.60169,-81.33375,2023-02-25 03:04:05,2023-02-25 03:19:05,Completed,Electric Sedan,6.44,15,27.68,0.69,1.8,Credit Card,Tourist,5,5
7714500,3424167,Los Angeles,33.99244,-118.26262,33.98194,-118.25803,2024-11-27 21:28:20,2024-11-27 21:31:20,Completed,Electric Sedan,0.77,3,6.06,0.03,1.5,Debit Card,Food Delivery,4,6
1272256,7689696,Seattle,47.60874,-122.3818,47.5844,-122.36862,2023-04-18 03:42:43,2023-04-18 03:52:43,Cancelled,Minivan,1.79,10,0.0,0.0,1.2,App Wallet,Daily Commute,,6
5548825,2897342,Austin,30.33292,-97.70937,30.31569,-97.68656,2024-07-20 22:15:54,2024-07-20 22:18:54,Completed,Luxury,1.81,3,8.84,15.42,1.0,App Wallet,Food Delivery,4,3
8296754,7855379,Chicago,41.89225,-87.58269,41.88086,-87.58525,2024-08-01 13:13:41,2024-08-01 13:16:41,In Progress,Electric Sedan,0.8,3,0.0,0.0,1.0,Credit Card,Shopping,,15
5793028,9747000,Detroit,42.28399,-83.10108,42.35641,-82.9568,2024-08-04 14:56:33,2024-08-04 15:21:33,Completed,Minivan,8.91,25,20.32,10.41,1.0,Debit Card,Daily Commute,5,8
5146616,1082005,Orlando,28.46315,-81.34986,28.59319,-81.28519,2022-10-21 14:34:08,2022-10-21 15:02:08,Completed,SUV,9.81,28,24.08,0.07,1.0,App Wallet,Medical Appointment,5,4
4389281,2852286,New York,40.61467,-74.07167,40.75197,-73.94639,2024-07-01 10:16:23,2024-07-01 11:13:23,Cancelled,Compact,11.54,57,0.0,0.0,1.2,Credit Card,Tourist,,2
2651489,8096240,Detroit,42.37593,-83.0512,42.42242,-82.97093,2023-11-20 11:35:51,2023-11-20 11:51:51,Completed,SUV,5.21,16,25.13,0.24,1.8,Debit Card,Daily Commute,5,20
5967734,1569394,Phoenix,33.50336,-112.08968,33.45945,-111.97218,2024-03-28 15:28:44,2024-03-28 16:08:44,Completed,Electric Sedan,7.42,40,20.81,0.23,1.2,Promo Credit,Airport Transfer,5,10
1806534,6771855,Los Angeles,34.04718,-118.17664,34.05652,-118.27057,2023-09-17 16:01:24,2023-09-17 16:16:24,Completed,Sedan,5.42,15,24.51,0.56,2.0,Credit Card,Daily Commute,4,4
5225942,4216867,Miami,25.79221,-80.09092,25.72793,-80.25443,2022-01-20 00:31:02,2022-01-20 01:21:02,Completed,SUV,11.1,50,26.92,0.45,1.0,Promo Credit,Night Out,4,8
2065876,4664764,New York,40.75783,-73.91879,40.70411,-73.92831,2022-06-14 09:50:27,2022-06-14 09:59:27,Completed,Luxury,3.75,9,15.62,0.03,1.0,Credit Card,School Run,5,5
2070016,8295865,Denver,39.69958,-104.99119,39.80818,-105.06713,2022-01-20 17:28:13,2022-01-20 18:02:13,Completed,Electric SUV,8.52,34,34.42,0.7,1.5,Credit Card,Shopping,5,15
4888214,1416408,Austin,30.31974,-97.6641,30.24692,-97.81153,2022-04-19 19:32:42,2022-04-19 20:09:42,Completed,Sedan,10.13,37,20.73,0.4,1.0,Promo Credit,Daily Commute,5,8
5089873,7775213,Phoenix,33.49127,-112.01568,33.5354,-112.01502,2024-11-26 01:41:58,2024-11-26 01:53:58,In Progress,Sedan,3.05,12,0.0,0.0,1.2,Credit Card,Tourist,,8
8818795,8023950,Chicago,41.83536,-87.65886,41.82212,-87.71541,2022-03-21 03:47:22,2022-03-21 04:03:22,Cancelled,Electric Sedan,3.05,16,0.0,0.0,1.0,Credit Card,Airport Transfer,,3
3196152,5936022,Portland,45.50158,-122.62889,45.48282,-122.59103,2023-10-05 02:57:38,2023-10-05 03:08:38,Completed,SUV,2.25,11,14.9,0.9,2.0,Debit Card,Night Out,5,3
4339527,3659905,Denver,39.67959,-104.95248,39.79856,-104.95479,2023-02-04 11:15:28,2023-02-04 11:57:28,Completed,Sedan,8.22,42,17.3,8.34,1.0,Corporate,Daily Commute,5,4
3168730,9701824,Miami,25.71314,-80.10356,25.68309,-80.25611,2023-01-16 19:31:47,2023-01-16 20:00:47,Completed,SUV,9.72,29,59.71,1.99,2.5,Debit Card,School Run,5,10
5104689,2726985,Chicago,41.8967,-87.72371,41.92542,-87.60876,2022-07-04 09:39:08,2022-07-04 10:02:08,Completed,SUV,6.23,23,16.21,0.2,1.0,App Wallet,Business Meeting,4,8
4408329,9713271,Los Angeles,34.07055,-118.28808,34.03434,-118.28116,2022-03-28 02:18:16,2022-03-28 02:24:16,Cancelled,SUV,2.53,6,0.0,0.0,1.0,Debit Card,Medical Appointment,,15
1147676,8234953,New York,40.76984,-73.94393,40.70332,-73.95841,2024-01-14 19:35:59,2024-01-14 19:52:59,Completed,Electric Sedan,4.66,17,17.73,0.86,1.5,Credit Card,Food Delivery,3,2
6766775,7009705,Chicago,41.87756,-87.70116,41.85085,-87.54299,2024-01-23 14:44:23,2024-01-23 15:02:23,Completed,Electric Sedan,8.35,18,19.2,0.25,1.0,App Wallet,Event,4,3
1499606,6436539,San Francisco,37.72355,-122.50356,37.76626,-122.49007,2022-05-19 05:38:27,2022-05-19 05:54:27,Completed,SUV,3.04,16,22.97,3.64,2.5,Credit Card,Business Meeting,5,4
5200480,7643777,Chicago,41.9737,-87.56331,41.91853,-87.61514,2024-04-18 23:20:28,2024-04-18 23:29:28,Completed,SUV,4.65,9,15.28,0.64,1.2,Debit Card,Business Meeting,5,5
1621890,7446396,Seattle,47.67202,-122.30492,47.64998,-122.29787,2022-10-28 00:18:12,2022-10-28 00:23:12,Completed,Sedan,1.56,5,9.55,0.59,1.8,Debit Card,Airport Transfer,5,4
2117666,8759053,Los Angeles,34.12809,-118.18636,34.13814,-118.28251,2023-08-22 03:47:49,2023-08-22 04:11:49,Completed,Sedan,5.54,24,22.45,0.98,1.8,Credit Card,Tourist,3,10
4079468,7576829,Houston,29.80057,-95.46193,29.72945,-95.30185,2022-04-16 12:55:59,2022-04-16 13:49:59,Completed,Sedan,10.79,54,21.92,10.81,1.0,Credit Card,Airport Transfer,3,4
9663258,4742150,Chicago,41.97835,-87.6722,41.81453,-87.58997,2024-03-12 10:13:34,2024-03-12 10:38:34,Cancelled,Electric SUV,12.08,25,0.0,0.0,1.8,Credit Card,Shopping,,6
3729906,2622536,Phoenix,33.45648,-112.14827,33.46673,-112.13955,2023-08-28 16:32:02,2023-08-28 16:37:02,Completed,Sedan,0.87,5,4.07,0.23,1.0,App Wallet,Daily Commute,5,8
8885827,5755654,New York,40.7135,-74.09647,40.76112,-74.10023,2023-12-07 18:09:17,2023-12-07 18:18:17,Completed,SUV,3.3,9,11.71,0.88,1.2,App Wallet,Tourist,1,12
1415516,8788277,Denver,39.81107,-104.93635,39.68408,-105.07379,2022-10-13 23:34:34,2022-10-14 00:08:34,Completed,Sedan,11.41,34,41.47,2.42,1.8,Credit Card,School Run,5,3
6213392,5770659,Denver,39.71518,-104.90146,39.7387,-105.05208,2024-08-14 18:06:57,2024-08-14 18:47:57,Completed,Sedan,8.17,41,30.97,15.41,1.8,Credit Card,Shopping,5,12
2819351,8774407,Denver,39.67656,-104.88449,39.7409,-104.89418,2022-02-14 13:25:30,2022-02-14 13:38:30,Completed,Sedan,4.48,13,12.68,2.24,1.2,Corporate,Tourist,4,3
7779617,2723882,New York,40.65216,-74.00384,40.72574,-74.05853,2024-02-07 21:06:00,2024-02-07 21:20:00,Completed,SUV,5.84,14,27.63,15.83,1.8,Debit Card,Daily Commute,4,10
5622909,3424167,Miami,25.73128,-80.0929,25.73605,-80.1881,2023-12-18 17:51:37,2023-12-18 18:07:37,Completed,Compact,5.93,16,11.39,3.77,1.0,Credit Card,Night Out,4,4
6378250,4540337,Phoenix,33.4625,-111.99701,33.44844,-112.16828,2022-11-29 08:41:16,2022-11-29 09:39:16,Completed,Sedan,9.92,58,24.43,0.41,1.2,Debit Card,Daily Commute,2,1
1585650,2689255,New York,40.67867,-73.95691,40.75114,-74.06825,2023-11-18 17:21:57,2023-11-18 17:44:57,Completed,Sedan,7.69,23,19.61,0.86,1.2,App Wallet,Shopping,5,4
5728278,4444337,Atlanta,33.84499,-84.45064,33.8288,-84.40462,2024-06-08 22:48:59,2024-06-08 23:03:59,Completed,Electric Sedan,2.87,15,20.6,0.63,2.5,Credit Card,Event,5,2
3049213,3154362,Austin,30.35269,-97.71461,30.24116,-97.74709,2022-08-21 20:01:06,2022-08-21 20:42:06,Completed,Electric Sedan,7.95,41,33.12,1.79,1.8,App Wallet,Airport Transfer,2,4
1264848,1185446,Boston,42.34434,-71.09043,42.35276,-71.07885,2024-12-13 07:44:20,2024-12-13 07:47:20,Completed,Compact,0.83,3,3.75,10.18,1.0,Debit Card,Event,5,1
8781797,7068362,Phoenix,33.35019,-112.15844,33.48324,-112.08064,2022-04-07 01:48:02,2022-04-07 02:32:02,Completed,Electric Sedan,10.23,44,22.96,3.16,1.0,App Wallet,Medical Appointment,5,15
9786682,3874978,Boston,42.45188,-71.01026,42.35532,-71.11632,2023-08-02 06:41:49,2023-08-02 07:09:49,Completed,Luxury,8.59,28,32.56,0.19,1.0,Promo Credit,Shopping,5,15
3162931,2719137,Phoenix,33.46758,-112.00833,33.36904,-112.10751,2022-12-22 22:38:57,2022-12-22 23:13:57,Completed,Sedan,8.89,35,18.5,0.02,1.0,App Wallet,Tourist,4,20
4119746,5075438,San Francisco,37.77791,-122.49917,37.74219,-122.39967,2022-11-16 23:01:01,2022-11-16 23:26:01,Disputed,Sedan,5.97,25,0.0,0.0,1.5,App Wallet,Shopping,,2
6356584,6644429,Denver,39.65485,-104.92215,39.83653,-104.92995,2022-08-21 12:35:27,2022-08-21 13:04:27,Completed,Electric Sedan,12.56,29,82.86,2.49,3.0,Credit Card,Shopping,5,8
4412043,1219022,Chicago,41.90709,-87.72651,41.80274,-87.66092,2022-11-07 16:08:14,2022-11-07 16:29:14,Completed,SUV,7.96,21,20.01,0.27,1.0,Promo Credit,Medical Appointment,4,4
1807156,6372521,Phoenix,33.47539,-112.068,33.35094,-112.13638,2023-12-08 01:38:15,2023-12-08 02:27:15,Completed,Sedan,9.46,49,48.82,0.92,2.5,Credit Card,Event,5,10
5032334,5673813,Boston,42.43896,-71.14135,42.35924,-70.99086,2023-09-17 21:00:11,2023-09-17 21:22:11,Completed,Sedan,9.45,22,23.41,10.92,1.2,Credit Card,School Run,4,2
7871554,8364052,Orlando,28.48585,-81.38891,28.56345,-81.32245,2022-04-02 05:26:30,2022-04-02 05:42:30,In Progress,Luxury,6.71,16,0.0,0.0,1.0,Credit Card,Business Meeting,,4
5992406,1194669,Los Angeles,33.95813,-118.16928,33.95006,-118.2112,2022-08-31 15:01:27,2022-08-31 15:14:27,Completed,Luxury,2.47,13,13.37,3.38,1.2,Debit Card,Airport Transfer,4,5
4550610,8151105,Houston,29.80632,-95.38685,29.759,-95.41825,2024-12-27 23:42:25,2024-12-27 23:59:25,Completed,Minivan,3.77,17,20.08,0.61,2.0,Credit Card,Business Meeting,4,6
2793191,9598116,Phoenix,33.49625,-112.07935,33.51548,-112.15919,2022-06-04 10:16:44,2022-06-04 10:40:44,Completed,Electric Sedan,4.79,24,18.12,0.41,1.5,App Wallet,Business Meeting,5,8
3667621,4195093,Austin,30.18875,-97.8169,30.29479,-97.70039,2022-03-23 06:35:44,2022-03-23 07:08:44,Completed,Sedan,10.1,33,20.68,1.38,1.0,Credit Card,Business Meeting,5,3
4604126,6874348,Seattle,47.5353,-122.41642,47.56359,-122.35993,2023-10-08 12:12:49,2023-10-08 12:30:49,Completed,Compact,3.28,18,7.42,1.59,1.0,App Wallet,Medical Appointment,2,8
7858805,1215079,Los Angeles,33.9845,-118.24932,34.13238,-118.16924,2023-11-22 09:39:08,2023-11-22 10:33:08,Completed,Compact,11.2,54,23.16,2.59,1.2,App Wallet,Tourist,3,6
5281386,2065680,Houston,29.70549,-95.36723,29.7371,-95.45719,2023-11-23 04:10:55,2023-11-23 04:34:55,Completed,Compact,5.82,24,11.23,0.94,1.0,App Wallet,Shopping,5,2
8064326,2698365,Austin,30.1748,-97.79885,30.33284,-97.64076,2023-01-30 23:21:57,2023-01-31 00:31:57,Completed,Luxury,14.43,70,95.41,0.43,1.8,Credit Card,Daily Commute,5,3
2666863,8255185,Detroit,42.32513,-82.95597,42.34625,-83.06834,2022-11-01 13:00:45,2022-11-01 13:13:45,Cancelled,SUV,5.92,13,0.0,0.0,1.8,Credit Card,Event,,5
5104188,8132652,Dallas,32.87355,-96.83708,32.7309,-96.7981,2024-01-13 15:19:24,2024-01-13 16:03:24,Completed,Minivan,10.11,44,34.08,2.98,1.5,Credit Card,Daily Commute,5,1
6326775,1744521,Las Vegas,36.07584,-115.10057,36.2162,-115.09684,2022-07-03 16:11:33,2022-07-03 16:40:33,Cancelled,Sedan,9.7,29,0.0,0.0,1.0,Credit Card,Daily Commute,,20
5499197,7526710,Houston,29.74194,-95.3452,29.81631,-95.33878,2022-04-14 18:29:31,2022-04-14 18:52:31,Completed,Electric Sedan,5.15,23,12.8,5.39,1.0,App Wallet,Airport Transfer,5,4
8189231,9563982,Austin,30.32376,-97.71517,30.19912,-97.77826,2024-02-09 00:00:20,2024-02-09 00:31:20,Completed,Minivan,9.4,31,25.56,5.06,1.2,App Wallet,Shopping,5,5
3035520,8247773,Miami,25.74636,-80.13062,25.69603,-80.25037,2022-08-18 22:14:07,2022-08-18 22:58:07,Completed,Sedan,8.23,44,17.31,0.67,1.0,Debit Card,Airport Transfer,5,8
6030808,5249008,Austin,30.34058,-97.7146,30.17821,-97.80734,2024-01-10 20:06:03,2024-01-10 20:46:03,Cancelled,Sedan,12.51,40,0.0,0.0,1.0,App Wallet,Daily Commute,,20
5436549,1257131,Chicago,41.97171,-87.54152,41.9493,-87.54216,2023-11-12 10:21:25,2023-11-12 10:29:25,Cancelled,Electric Sedan,1.55,8,0.0,0.0,1.0,Credit Card,Night Out,,10
1869818,1573140,Denver,39.81485,-105.06191,39.83226,-104.96715,2024-05-05 08:36:11,2024-05-05 08:50:11,Completed,SUV,5.17,14,24.97,0.76,1.8,Corporate,Night Out,5,2
7392406,5091123,Miami,25.73516,-80.14282,25.73422,-80.16129,2023-12-15 13:36:34,2023-12-15 13:39:34,Completed,SUV,1.15,3,7.54,3.28,1.5,Credit Card,Daily Commute,5,12
9849276,1791863,Phoenix,33.49808,-112.04729,33.3712,-111.97453,2024-02-27 20:25:14,2024-02-27 21:02:14,Completed,Electric SUV,9.72,37,38.74,0.09,1.5,App Wallet,Daily Commute,5,6
9030101,7138397,Houston,29.76216,-95.36377,29.80699,-95.38444,2022-10-10 14:18:31,2022-10-10 14:27:31,Completed,SUV,3.34,9,9.85,0.8,1.0,Promo Credit,School Run,5,3
5436767,8051659,Phoenix,33.51418,-112.03222,33.39833,-112.05918,2022-10-02 17:39:33,2022-10-02 18:17:33,Completed,SUV,8.15,38,20.43,5.02,1.0,App Wallet,Airport Transfer,4,2
9857786,7392948,Miami,25.81242,-80.20838,25.69384,-80.19685,2023-02-19 16:45:26,2023-02-19 17:15:26,Completed,SUV,8.22,30,24.7,2.17,1.2,Promo Credit,Tourist,2,2
4187941,5964060,Los Angeles,34.1437,-118.18153,34.10702,-118.29765,2024-01-23 03:30:01,2024-01-23 04:02:01,Completed,SUV,7.11,32,36.28,10.35,2.0,Credit Card,Event,5,4
2967905,9133241,Austin,30.36039,-97.73602,30.28145,-97.70405,2024-04-23 02:34:42,2024-04-23 02:54:42,Completed,Minivan,5.78,20,14.06,3.86,1.0,Debit Card,Tourist,5,4
1639711,9564266,Denver,39.65339,-104.95634,39.7713,-105.02524,2023-09-25 06:32:23,2023-09-25 06:58:23,Completed,SUV,8.93,26,39.86,3.4,1.8,Credit Card,Business Meeting,5,1
3269735,4246701,San Diego,32.76248,-117.12013,32.78831,-117.20958,2023-06-27 15:48:15,2023-06-27 16:04:15,Completed,Sedan,5.49,16,12.38,8.1,1.0,App Wallet,Airport Transfer,3,6
1338837,8544672,Phoenix,33.36916,-112.0834,33.39408,-112.0392,2022-12-17 06:41:37,2022-12-17 06:55:37,Completed,Minivan,3.08,14,21.65,0.08,2.5,App Wallet,Airport Transfer,4,2
2118538,1316971,Minneapolis,44.91286,-93.24255,45.01153,-93.31624,2023-04-21 11:56:29,2023-04-21 12:34:29,In Progress,SUV,7.71,38,0.0,0.0,1.8,Debit Card,Airport Transfer,,1
9767349,2841269,Chicago,41.84048,-87.72243,41.966,-87.63483,2024-01-06 23:32:00,2024-01-07 00:01:00,Completed,Electric SUV,9.77,29,25.95,5.29,1.0,Promo Credit,Daily Commute,5,3
8914625,4113622,Nashville,36.17985,-86.80542,36.23284,-86.73674,2024-12-13 17:01:13,2024-12-13 17:18:13,Completed,Electric Sedan,5.3,17,19.65,0.92,1.5,Credit Card,Medical Appointment,5,8
2830237,9132101,Phoenix,33.52,-112.13505,33.38824,-112.0438,2022-05-28 04:33:50,2022-05-28 05:12:50,Completed,SUV,10.51,39,38.43,0.39,1.5,Credit Card,Daily Commute,5,10
7464336,4429318,Nashville,36.1196,-86.7554,36.08012,-86.83142,2024-05-20 10:18:06,2024-05-20 10:37:06,Completed,SUV,5.05,19,16.33,0.99,1.2,App Wallet,Medical Appointment,5,10
8525282,4413665,Los Angeles,34.03343,-118.20995,34.1137,-118.28237,2023-12-22 09:26:16,2023-12-22 09:51:16,Completed,Sedan,6.92,25,14.96,2.91,1.0,Debit Card,Medical Appointment,4,2
5735009,1496733,Detroit,42.29974,-83.12187,42.29172,-83.09605,2024-08-03 08:16:19,2024-08-03 08:20:19,Completed,Sedan,1.43,4,5.07,0.09,1.0,Credit Card,Night Out,5,4
3679187,2563317,Seattle,47.6378,-122.26177,47.55631,-122.42759,2022-08-07 12:10:28,2022-08-07 12:56:28,Completed,SUV,9.56,46,23.53,3.84,1.0,Corporate,Event,5,1
8267030,3184088,Los Angeles,34.07012,-118.32383,33.97716,-118.14106,2023-08-18 20:10:09,2023-08-18 20:37:09,No-show,Compact,12.28,27,0.0,0.0,1.2,Credit Card,Airport Transfer,,3
8683361,7500754,Los Angeles,33.97745,-118.19762,34.11199,-118.19847,2024-10-07 17:08:36,2024-10-07 17:49:36,Completed,SUV,9.3,41,45.92,0.06,2.0,Corporate,Night Out,4,5
6511007,1438146,Dallas,32.76861,-96.89502,32.73216,-96.80148,2022-11-07 12:13:08,2022-11-07 12:34:08,Cancelled,SUV,5.99,21,0.0,0.0,3.0,App Wallet,Daily Commute,,8
9431512,1175497,Detroit,42.31195,-82.97119,42.24212,-83.13522,2022-10-08 00:02:49,2022-10-08 00:26:49,Completed,Electric SUV,9.67,24,25.71,2.2,1.0,App Wallet,Medical Appointment,5,4
4817064,9058336,San Diego,32.65175,-117.12558,32.64243,-117.09697,2023-06-17 18:12:50,2023-06-17 18:21:50,Completed,Minivan,1.78,9,12.12,3.97,2.0,Credit Card,Shopping,5,8
4886222,4377952,Minneapolis,45.00214,-93.22802,44.9501,-93.30694,2023-07-03 08:41:15,2023-07-03 08:52:15,Completed,SUV,5.27,11,14.09,0.66,1.0,App Wallet,Night Out,5,4
2082175,2446859,Detroit,42.36042,-82.95129,42.31503,-83.10872,2023-02-24 18:58:11,2023-02-24 19:30:11,Completed,Sedan,8.63,32,27.05,0.29,1.5,Promo Credit,Food Delivery,4,2
9602675,7043092,Miami,25.77463,-80.20279,25.84736,-80.13127,2022-11-03 06:09:17,2022-11-03 06:37:17,Completed,SUV,6.71,28,20.71,2.91,1.2,Promo Credit,Business Meeting,4,3
8425650,9938487,Los Angeles,34.1119,-118.19709,34.1489,-118.2469,2024-03-10 13:16:40,2024-03-10 13:38:40,Completed,Sedan,3.83,22,11.27,8.07,1.2,Debit Card,School Run,5,1
6693764,1765049,Austin,30.24076,-97.75866,30.24307,-97.81352,2023-09-28 18:24:51,2023-09-28 18:40:51,Cancelled,Sedan,3.28,16,0.0,0.0,1.0,Debit Card,Night Out,,6
6009171,9827052,Orlando,28.54187,-81.35259,28.519,-81.45965,2023-09-07 01:29:35,2023-09-07 02:00:35,No-show,SUV,6.69,31,0.0,0.0,1.0,Credit Card,Business Meeting,,20
4387814,6402895,Las Vegas,36.09868,-115.04273,36.19593,-115.23762,2022-09-29 21:11:04,2022-09-29 21:47:04,Cancelled,SUV,12.78,36,0.0,0.0,1.2,Corporate,Daily Commute,,2
6575936,4433235,Houston,29.73827,-95.43276,29.71136,-95.33778,2023-07-25 23:11:34,2023-07-25 23:25:34,Completed,Minivan,5.99,14,26.06,0.74,1.8,App Wallet,Shopping,5,5
6170285,6260440,Nashville,36.18619,-86.77013,36.21947,-86.83169,2022-12-17 09:37:01,2022-12-17 09:47:01,Completed,Electric SUV,4.13,10,14.89,0.45,1.2,App Wallet,Daily Commute,5,20
7884630,6956936,Austin,30.17101,-97.67913,30.33238,-97.70765,2024-06-14 04:15:46,2024-06-14 05:13:46,Completed,SUV,11.28,58,40.97,3.41,1.5,Credit Card,Food Delivery,2,20
9517473,7800385,Chicago,41.95454,-87.64613,41.90055,-87.56961,2023-10-27 19:32:05,2023-10-27 19:58:05,Cancelled,Luxury,5.42,26,0.0,0.0,1.0,Credit Card,Business Meeting,,5
4041216,8503643,New York,40.7353,-74.09039,40.70363,-73.9297,2022-01-01 12:35:35,2022-01-01 13:11:35,Disputed,Minivan,8.69,36,0.0,0.0,2.0,Credit Card,Tourist,,15
2671721,8817326,Phoenix,33.51695,-111.99181,33.42718,-112.0197,2023-01-29 05:14:25,2023-01-29 05:51:25,Completed,Minivan,6.41,37,15.32,0.89,1.0,Credit Card,Business Meeting,1,10
9411554,2690516,New York,40.6325,-74.07403,40.66244,-73.94822,2024-02-01 11:00:26,2024-02-01 11:21:26,Completed,Electric Sedan,6.91,21,16.32,5.44,1.0,Credit Card,Airport Transfer,5,8
9967422,5673813,Boston,42.3601,-71.03816,42.34107,-71.0762,2023-07-08 10:25:40,2023-07-08 10:31:40,Completed,SUV,2.35,6,7.67,1.26,1.0,App Wallet,Shopping,2,3
5634745,6720545,Seattle,47.64719,-122.28953,47.51657,-122.37693,2024-02-17 22:52:49,2024-02-17 23:35:49,Completed,Sedan,9.9,43,20.32,2.37,1.0,Credit Card,Daily Commute,5,8
2540614,6133236,Boston,42.34512,-71.09623,42.33998,-70.96455,2023-06-16 17:20:02,2023-06-16 17:57:02,Completed,Sedan,6.73,37,14.61,2.89,1.0,App Wallet,Airport Transfer,3,4
7098430,8940553,Boston,42.4473,-70.97454,42.35191,-71.02925,2023-11-05 16:03:06,2023-11-05 16:38:06,Completed,Compact,7.16,35,15.89,2.49,1.2,App Wallet,Shopping,5,5
4361604,8051659,Houston,29.75922,-95.35117,29.70024,-95.2806,2024-11-30 02:49:25,2024-11-30 03:11:25,Completed,Electric SUV,5.88,22,24.92,2.58,1.5,App Wallet,Tourist,4,3
4718345,8476854,Detroit,42.25605,-83.12563,42.32145,-83.0991,2024-03-26 11:56:12,2024-03-26 12:09:12,Completed,Sedan,4.72,13,11.0,1.42,1.0,Promo Credit,Tourist,5,2
1942392,4120039,Houston,29.83006,-95.30337,29.74404,-95.4069,2024-04-19 22:02:24,2024-04-19 22:39:24,Completed,Sedan,8.59,37,17.96,0.93,1.0,Debit Card,Food Delivery,5,4
6879069,6093024,San Diego,32.78087,-117.2001,32.71252,-117.1695,2024-04-26 07:30:29,2024-04-26 07:50:29,Completed,Sedan,5.05,20,17.38,0.81,1.5,Credit Card,Daily Commute,4,2
9800598,7816423,Phoenix,33.43149,-112.01693,33.45826,-111.97948,2022-05-15 22:09:23,2022-05-15 22:21:23,No-show,Electric Sedan,2.84,12,0.0,0.0,1.0,Debit Card,Daily Commute,,10
1595524,4370890,San Diego,32.6739,-117.25872,32.66177,-117.06381,2022-07-07 12:56:57,2022-07-07 13:30:57,Completed,Compact,11.37,34,23.47,5.61,1.2,Debit Card,Daily Commute,5,8
4059436,2690516,Dallas,32.78236,-96.80348,32.69561,-96.78555,2024-07-21 14:10:33,2024-07-21 14:45:33,Completed,Sedan,6.08,35,24.2,0.06,1.8,App Wallet,Food Delivery,5,4
1662957,4507394,Los Angeles,33.95442,-118.21051,33.96076,-118.33462,2023-09-12 09:49:08,2023-09-12 10:07:08,Completed,Compact,7.13,18,13.2,10.37,1.0,Credit Card,Night Out,4,3
9910330,2063052,Nashville,36.17502,-86.83687,36.20191,-86.71002,2024-01-01 10:56:25,2024-01-01 11:21:25,Completed,Sedan,7.31,25,15.66,0.44,1.0,App Wallet,Daily Commute,2,4
8582404,5943210,Los Angeles,34.01632,-118.29631,34.13625,-118.32157,2022-07-07 02:02:41,2022-07-07 02:41:41,No-show,SUV,8.41,39,0.0,0.0,1.8,App Wallet,Food Delivery,,2
1698657,7150314,Chicago,41.90272,-87.6245,41.90353,-87.66393,2024-04-18 04:45:20,2024-04-18 04:54:20,Cancelled,Sedan,2.03,9,0.0,0.0,1.5,Credit Card,Airport Transfer,,4
1104169,1661389,Denver,39.73109,-104.88122,39.83871,-104.88038,2023-07-16 17:20:42,2023-07-16 17:39:42,Completed,Electric Sedan,7.44,19,31.28,2.9,1.8,Credit Card,Daily Commute,2,3
4768348,1313211,Seattle,47.67458,-122.29665,47.68375,-122.41694,2023-12-04 09:47:41,2023-12-04 10:11:41,Completed,Sedan,5.63,24,15.16,2.52,1.2,Credit Card,Business Meeting,5,2
8409311,7990479,Seattle,47.67653,-122.36962,47.52194,-122.25509,2022-05-08 09:35:38,2022-05-08 10:15:38,Completed,Minivan,11.94,40,31.66,15.56,1.2,Credit Card,Shopping,5,3
8128476,4527914,Austin,30.24429,-97.80225,30.26573,-97.71811,2024-12-06 18:53:38,2024-12-06 19:23:38,Completed,SUV,5.24,30,14.03,2.11,1.0,Corporate,Business Meeting,5,6
8992797,3838350,Dallas,32.84492,-96.89941,32.84099,-96.72458,2022-08-22 07:40:38,2022-08-22 08:02:38,Completed,Electric Sedan,10.15,22,41.04,0.2,1.8,Credit Card,Airport Transfer,2,6
1802121,5566039,Seattle,47.56393,-122.32924,47.68969,-122.2549,2024-07-18 03:46:03,2024-07-18 04:23:03,Completed,Compact,9.35,37,16.52,5.04,1.0,App Wallet,Night Out,5,8
9411997,5378266,Austin,30.33843,-97.76694,30.34639,-97.65114,2023-12-28 07:56:34,2023-12-28 08:32:34,Completed,Compact,6.93,36,15.47,0.1,1.2,App Wallet,Night Out,5,1
9605820,2719137,Seattle,47.63054,-122.36569,47.56234,-122.31848,2023-11-25 07:43:19,2023-11-25 07:55:19,Completed,Sedan,5.2,12,11.86,5.32,1.0,App Wallet,Daily Commute,4,5
5897424,7209216,Boston,42.38127,-71.13088,42.39005,-71.0081,2024-04-30 17:57:50,2024-04-30 18:13:50,Completed,SUV,6.3,16,16.36,0.14,1.0,Corporate,Food Delivery,5,8
2894931,1575083,Atlanta,33.69757,-84.34312,33.67579,-84.45474,2022-04-19 07:33:11,2022-04-19 08:11:11,Completed,SUV,6.59,38,42.5,0.65,2.5,Debit Card,Airport Transfer,5,2
6088551,6171279,Dallas,32.74987,-96.7671,32.70111,-96.82034,2024-05-03 09:24:52,2024-05-03 09:43:52,Completed,Electric Sedan,4.57,19,11.64,5.86,1.0,Debit Card,Business Meeting,5,3
8788329,4190823,New York,40.80733,-73.92498,40.68152,-74.00313,2023-07-10 17:17:31,2023-07-10 18:04:31,In Progress,SUV,9.61,47,0.0,0.0,1.2,App Wallet,Night Out,,5
3860410,4518863,Phoenix,33.38756,-112.05742,33.41285,-112.01131,2023-08-19 15:44:32,2023-08-19 15:54:32,Cancelled,SUV,3.18,10,0.0,0.0,1.0,Debit Card,Airport Transfer,,5
7484709,7180336,San Francisco,37.85539,-122.3371,37.70408,-122.39655,2023-01-31 16:56:45,2023-01-31 17:20:45,Completed,Sedan,10.95,24,39.98,0.61,1.8,App Wallet,Daily Commute,3,2
1846980,8788277,Dallas,32.77265,-96.70983,32.77059,-96.79484,2024-08-21 16:49:03,2024-08-21 17:07:03,Completed,Compact,4.94,18,9.91,0.81,1.0,Debit Card,Airport Transfer,4,2
8179355,6612773,Houston,29.83991,-95.40895,29.83538,-95.2895,2023-01-28 03:37:30,2023-01-28 03:52:30,Completed,SUV,7.17,15,18.27,0.68,1.0,App Wallet,Medical Appointment,5,3
9885770,3297376,Denver,39.79827,-105.06813,39.82187,-104.95699,2022-08-28 06:45:57,2022-08-28 07:11:57,Cancelled,Luxury,6.12,26,0.0,0.0,1.0,Debit Card,Event,,6
5881695,2224818,New York,40.6284,-73.97619,40.77913,-74.07052,2023-08-09 08:47:07,2023-08-09 09:28:07,Completed,SUV,11.53,41,27.87,2.74,1.0,Debit Card,School Run,5,8
5760781,9623483,Nashville,36.17816,-86.86716,36.25116,-86.69824,2023-09-16 16:57:09,2023-09-16 17:44:09,Completed,Electric SUV,10.68,47,28.13,0.47,1.0,Credit Card,Daily Commute,3,4
8445733,5356929,Los Angeles,34.14993,-118.2351,34.08266,-118.21166,2023-07-05 02:22:03,2023-07-05 02:42:03,Completed,SUV,4.84,20,13.15,5.62,1.0,Credit Card,Airport Transfer,5,6
4410848,1500223,Miami,25.83171,-80.28677,25.82613,-80.24596,2023-01-11 16:37:53,2023-01-11 16:45:53,Completed,Compact,2.57,8,7.63,0.51,1.2,Credit Card,Airport Transfer,3,10
8495410,7200209,Phoenix,33.39171,-112.0566,33.45813,-112.04279,2024-11-06 16:45:25,2024-11-06 17:04:25,No-show,SUV,4.66,19,0.0,0.0,1.0,Credit Card,Airport Transfer,,4
6849978,9563982,Miami,25.69629,-80.28838,25.80004,-80.21734,2024-08-08 18:42:26,2024-08-08 19:18:26,Disputed,Minivan,8.42,36,0.0,0.0,1.5,Credit Card,Medical Appointment,,3
5622202,8836487,Las Vegas,36.11219,-115.19392,36.0983,-115.22498,2022-08-18 09:28:38,2022-08-18 09:34:38,Completed,Compact,1.98,6,6.56,1.08,1.2,Credit Card,Business Meeting,4,2
3985233,2652000,San Francisco,37.82965,-122.3693,37.81095,-122.35867,2024-03-15 06:09:33,2024-03-15 06:14:33,Completed,Sedan,1.42,5,6.07,0.01,1.2,Credit Card,Airport Transfer,4,6
5680039,3507798,Detroit,42.38876,-83.03246,42.36513,-82.9524,2024-11-25 02:35:09,2024-11-25 02:54:09,Completed,Sedan,4.4,19,15.63,0.83,1.5,Debit Card,Medical Appointment,5,10
9432751,7461593,Los Angeles,33.9677,-118.33812,33.962,-118.30166,2023-07-31 05:48:25,2023-07-31 05:53:25,Completed,Electric Sedan,2.13,5,6.76,3.65,1.0,Debit Card,Night Out,5,20
5551776,3297376,Las Vegas,36.25503,-115.05922,36.23091,-115.05419,2024-03-28 07:55:18,2024-03-28 08:03:18,Completed,SUV,1.69,8,6.22,0.77,1.0,Credit Card,Food Delivery,5,5
8158748,1921981,Phoenix,33.37204,-112.12441,33.46002,-112.14302,2022-07-30 11:13:25,2022-07-30 11:47:25,Completed,SUV,6.17,34,32.15,0.87,2.0,Crypto,Airport Transfer,5,4
4213359,9605727,Phoenix,33.38245,-111.99954,33.42501,-112.16922,2024-03-23 23:44:09,2024-03-24 00:36:09,Completed,Electric SUV,10.22,52,27.03,2.2,1.0,Credit Card,Airport Transfer,4,3
2295635,1879926,New York,40.61376,-73.99889,40.69063,-73.9577,2022-12-28 10:07:18,2022-12-28 10:36:18,Completed,Sedan,5.73,29,12.81,0.1,1.0,Promo Credit,Food Delivery,5,3
7906503,9923437,Dallas,32.85473,-96.83828,32.68974,-96.79607,2024-03-17 15:26:25,2024-03-17 15:55:25,Completed,SUV,11.66,29,28.15,1.91,1.0,Credit Card,Airport Transfer,5,6
4434109,7441997,Austin,30.22299,-97.69398,30.22509,-97.7606,2024-07-14 01:58:31,2024-07-14 02:08:31,Completed,Luxury,3.98,10,16.43,0.46,1.0,Credit Card,Food Delivery,5,15
3200144,1280901,Chicago,41.78613,-87.71885,41.82752,-87.67796,2023-05-20 17:46:03,2023-05-20 18:06:03,Completed,Sedan,3.55,20,8.89,10.67,1.0,Credit Card,Daily Commute,4,3
6785095,3197833,Nashville,36.13771,-86.79506,36.11979,-86.84351,2022-12-07 13:47:07,2022-12-07 13:59:07,Completed,SUV,2.97,12,10.84,10.5,1.2,Promo Credit,Daily Commute,5,4
8784291,3514240,Portland,45.44029,-122.67745,45.58329,-122.6492,2022-02-05 18:56:54,2022-02-05 19:41:54,Completed,Compact,9.97,45,17.46,3.18,1.0,Debit Card,Medical Appointment,5,3
6233934,4113622,Austin,30.25012,-97.65907,30.25052,-97.64199,2024-12-01 19:01:51,2024-12-01 19:04:51,Completed,SUV,1.02,3,7.12,0.09,1.5,Debit Card,Tourist,4,1
1322838,7370347,San Francisco,37.81147,-122.41761,37.73929,-122.48089,2024-05-20 04:09:42,2024-05-20 04:43:42,Completed,Sedan,6.07,34,16.11,10.07,1.2,App Wallet,Medical Appointment,3,4
8472051,4377952,Miami,25.82677,-80.18815,25.76143,-80.28297,2022-04-29 13:21:06,2022-04-29 14:00:06,Completed,SUV,7.43,39,22.62,0.65,1.2,Corporate,Event,5,1
1928320,6669327,Dallas,32.68169,-96.71216,32.73546,-96.74837,2023-09-06 03:32:30,2023-09-06 03:46:30,Completed,SUV,4.27,14,17.84,0.91,1.5,Debit Card,Food Delivery,2,2
5815833,1414612,New York,40.69805,-73.92991,40.75932,-74.03978,2024-09-28 18:22:00,2024-09-28 19:04:00,In Progress,Sedan,7.14,42,0.0,0.0,1.0,Credit Card,Daily Commute,,5
5468053,6262151,New York,40.69512,-73.96177,40.70118,-74.08745,2022-08-22 07:21:11,2022-08-22 07:44:11,Completed,Minivan,6.6,23,18.84,0.46,1.2,App Wallet,Airport Transfer,4,5
7798134,5649072,Houston,29.77164,-95.4048,29.81596,-95.28263,2022-07-12 20:40:06,2022-07-12 21:09:06,Completed,SUV,7.94,29,19.97,0.95,1.0,Debit Card,Airport Transfer,4,3
1553594,9981212,Denver,39.772,-104.98625,39.77514,-105.02326,2023-03-19 02:51:13,2023-03-19 03:02:13,Completed,Sedan,1.98,11,10.92,15.85,1.8,Credit Card,Airport Transfer,1,3
8719180,6432434,Seattle,47.6471,-122.361,47.5649,-122.29605,2022-01-22 09:32:59,2022-01-22 09:58:59,Completed,SUV,6.44,26,16.67,2.08,1.0,App Wallet,Airport Transfer,5,12
2584990,8157989,Seattle,47.56571,-122.27975,47.51518,-122.24554,2022-03-28 18:55:46,2022-03-28 19:16:46,Completed,Electric SUV,3.84,21,11.72,0.18,1.0,Credit Card,Airport Transfer,4,12
1125710,8421707,Los Angeles,33.96789,-118.32303,33.98396,-118.28496,2023-06-24 22:28:34,2023-06-24 22:36:34,Completed,SUV,2.45,8,19.73,8.02,2.5,Debit Card,Night Out,5,10
8388182,1334204,Denver,39.74478,-104.97532,39.69781,-104.98873,2024-04-12 03:23:10,2024-04-12 03:33:10,Completed,Sedan,3.32,10,16.95,0.5,2.0,Credit Card,Business Meeting,4,5
8911441,1500223,New York,40.80819,-73.98445,40.7422,-73.91049,2022-02-10 17:42:13,2022-02-10 18:03:13,Completed,Compact,5.98,21,11.47,1.46,1.0,App Wallet,Shopping,5,2
5425536,3119814,Dallas,32.74197,-96.73331,32.68648,-96.71462,2024-05-14 02:12:29,2024-05-14 02:34:29,Completed,Sedan,3.99,22,9.68,3.04,1.0,App Wallet,Airport Transfer,4,5
3232172,9623483,Detroit,42.29843,-83.06369,42.30163,-83.01263,2022-02-18 16:01:07,2022-02-18 16:14:07,Completed,SUV,2.62,13,14.88,0.51,1.8,Credit Card,Event,5,12
9898430,8503643,Chicago,41.91094,-87.62681,41.90869,-87.62782,2024-12-01 17:43:28,2024-12-01 17:46:28,Completed,Compact,0.4,3,5.58,0.12,1.8,Credit Card,Business Meeting,5,3
7864673,5613480,New York,40.73118,-73.97379,40.80785,-74.08118,2023-01-18 19:40:22,2023-01-18 20:08:22,Completed,SUV,7.72,28,19.48,15.05,1.0,Debit Card,Daily Commute,3,3
5689977,1059646,Houston,29.8337,-95.38317,29.83666,-95.44426,2024-06-03 01:40:04,2024-06-03 01:58:04,Cancelled,Electric Sedan,3.67,18,0.0,0.0,1.2,Credit Card,Shopping,,4
7033996,5507189,Miami,25.75927,-80.17906,25.8193,-80.1688,2022-01-28 08:50:49,2022-01-28 09:00:49,Completed,Luxury,4.2,10,17.2,5.05,1.0,App Wallet,Airport Transfer,5,5
5309864,1041744,Los Angeles,34.09223,-118.30397,33.96818,-118.25416,2024-04-26 01:53:14,2024-04-26 02:15:14,Completed,Electric SUV,9.03,22,24.17,1.27,1.0,Crypto,Airport Transfer,4,8
4025285,1663407,Houston,29.82655,-95.43519,29.77961,-95.33986,2023-03-20 22:12:52,2023-03-20 22:34:52,Cancelled,Minivan,6.57,22,0.0,0.0,1.2,App Wallet,Food Delivery,,4
7836614,5599458,San Francisco,37.67273,-122.33052,37.85262,-122.45097,2024-09-29 04:27:06,2024-09-29 05:24:06,Completed,Electric Sedan,14.06,57,30.62,5.54,1.0,App Wallet,Business Meeting,5,5
2953429,7749867,Austin,30.2646,-97.79119,30.21723,-97.73914,2024-06-21 20:54:14,2024-06-21 21:17:14,Completed,Sedan,4.51,23,10.62,0.71,1.0,App Wallet,Daily Commute,5,4
8966547,5291123,Los Angeles,34.06584,-118.28494,34.08321,-118.18228,2023-11-01 13:16:28,2023-11-01 13:50:28,Completed,SUV,6.0,34,15.7,15.48,1.0,Credit Card,Business Meeting,5,3
3440152,8413246,Los Angeles,34.14735,-118.23934,33.95898,-118.17025,2022-11-26 12:23:35,2022-11-26 13:21:35,Completed,Luxury,13.6,58,50.1,0.45,1.0,Debit Card,School Run,2,5
1924573,6240413,Miami,25.7778,-80.17001,25.74118,-80.24671,2023-06-18 01:12:43,2023-06-18 01:39:43,Completed,Sedan,5.4,27,18.33,0.5,1.5,Crypto,Daily Commute,5,6
5338297,6387028,San Francisco,37.86366,-122.42255,37.75108,-122.36424,2024-01-19 04:40:38,2024-01-19 05:24:38,Completed,Sedan,8.4,44,17.62,0.96,1.0,Credit Card,Event,5,15
1630569,7550354,Los Angeles,33.97455,-118.24486,33.95126,-118.15513,2024-01-06 14:49:24,2024-01-06 15:10:24,Completed,Sedan,5.39,21,12.2,0.56,1.0,Crypto,Medical Appointment,4,10
3943172,7694827,Portland,45.59519,-122.66181,45.51754,-122.60346,2023-06-14 10:52:33,2023-06-14 11:26:33,Completed,Sedan,6.06,34,13.41,2.95,1.0,App Wallet,Daily Commute,5,4
6135529,4577612,Atlanta,33.83386,-84.40406,33.8434,-84.46728,2022-06-13 02:08:30,2022-06-13 02:18:30,Completed,SUV,3.69,10,10.62,0.18,1.0,Credit Card,Night Out,3,2
1498783,3151041,Seattle,47.60829,-122.37645,47.56785,-122.40853,2022-12-24 14:30:40,2022-12-24 14:43:40,Completed,SUV,3.17,13,18.95,0.7,2.0,Debit Card,Medical Appointment,2,4
4527940,7521974,Atlanta,33.76687,-84.38858,33.76272,-84.48626,2023-09-11 00:44:12,2023-09-11 01:13:12,Completed,SUV,5.62,29,14.86,3.36,1.0,Debit Card,Daily Commute,4,5
4083096,2230605,Austin,30.17596,-97.78054,30.34547,-97.73284,2023-05-27 23:55:33,2023-05-28 00:23:33,In Progress,SUV,12.05,28,0.0,0.0,1.0,Debit Card,Airport Transfer,,20
2685914,7226466,Miami,25.80682,-80.25947,25.68808,-80.26929,2024-03-18 23:10:15,2024-03-18 23:37:15,No-show,Sedan,8.23,27,0.0,0.0,1.0,App Wallet,Airport Transfer,,5
7860144,9561706,Chicago,41.94225,-87.66876,41.78234,-87.66146,2023-01-22 08:13:39,2023-01-22 09:13:39,In Progress,SUV,11.06,60,0.0,0.0,1.0,Credit Card,Night Out,,3
9421742,6108571,Austin,30.24703,-97.73772,30.3262,-97.65661,2022-04-09 07:33:42,2022-04-09 07:48:42,Completed,SUV,7.3,15,46.4,0.76,2.5,App Wallet,Daily Commute,5,8
6745604,2590895,Los Angeles,33.99902,-118.25554,33.98351,-118.21567,2022-04-11 20:05:07,2022-04-11 20:11:07,Completed,SUV,2.52,6,9.65,0.13,1.2,Credit Card,Night Out,5,10
5635448,6381199,Houston,29.70598,-95.40291,29.74167,-95.40222,2022-11-12 09:02:10,2022-11-12 09:12:10,Completed,Sedan,2.47,10,10.42,0.23,1.5,Debit Card,Airport Transfer,2,3
1866709,3052680,Chicago,41.87791,-87.65277,41.80556,-87.72987,2023-11-06 21:04:06,2023-11-06 21:38:06,Cancelled,Compact,6.38,34,0.0,0.0,1.8,Debit Card,Daily Commute,,2
4386007,1876942,Nashville,36.21081,-86.75933,36.07611,-86.8752,2024-09-24 11:39:34,2024-09-24 12:35:34,Completed,Minivan,11.33,56,37.74,8.22,1.5,Credit Card,Shopping,5,10
5837464,9534891,Miami,25.86654,-80.15897,25.77367,-80.11647,2023-05-05 16:04:33,2023-05-05 16:42:33,Completed,Sedan,6.94,38,14.99,0.62,1.0,App Wallet,Event,4,3
8420370,9099345,Orlando,28.44786,-81.43346,28.54646,-81.35432,2023-08-16 14:55:30,2023-08-16 15:19:30,No-show,Electric Sedan,8.34,24,0.0,0.0,1.0,Promo Credit,Daily Commute,,5
2013012,9326888,Atlanta,33.67262,-84.35771,33.65421,-84.37704,2024-10-17 20:15:50,2024-10-17 20:23:50,Cancelled,Electric Sedan,1.69,8,0.0,0.0,2.5,Credit Card,Airport Transfer,,10
7214403,6956936,Houston,29.84821,-95.3582,29.71538,-95.31416,2023-05-14 06:21:13,2023-05-14 06:57:13,Completed,Electric Sedan,9.55,36,32.4,3.0,1.5,Debit Card,Airport Transfer,5,20
7377068,1766078,Las Vegas,36.26353,-115.13161,36.26191,-115.11568,2023-08-13 09:03:19,2023-08-13 09:07:19,Completed,Compact,0.89,4,4.6,0.34,1.2,Debit Card,Daily Commute,5,5
7771499,1098123,Phoenix,33.41291,-112.03086,33.54547,-112.15226,2023-08-20 20:29:32,2023-08-20 21:36:32,Completed,Sedan,11.53,67,23.25,0.23,1.0,Debit Card,Airport Transfer,4,15
8852842,8364174,Dallas,32.80071,-96.8216,32.77087,-96.859,2024-08-10 11:25:04,2024-08-10 11:33:04,Completed,Sedan,3.0,8,9.48,10.47,1.2,Debit Card,Daily Commute,5,5
5978631,8324292,Seattle,47.54907,-122.3428,47.68362,-122.41295,2023-06-28 15:56:58,2023-06-28 16:24:58,Completed,Luxury,9.85,28,36.98,0.68,1.0,Corporate,Daily Commute,5,1
1652251,8366818,San Diego,32.63242,-117.2277,32.6403,-117.21186,2022-10-16 04:22:19,2022-10-16 04:27:19,Completed,Electric SUV,1.07,5,6.08,5.09,1.2,Credit Card,Event,4,5
2522171,8096240,Atlanta,33.83548,-84.30666,33.75179,-84.46749,2022-04-09 08:32:50,2022-04-09 08:56:50,No-show,Compact,10.9,24,0.0,0.0,1.0,App Wallet,Shopping,,5
1658498,6725828,Detroit,42.26575,-83.13742,42.37972,-83.02524,2024-03-27 04:37:04,2024-03-27 04:57:04,Completed,Luxury,9.74,20,91.48,8.15,2.5,Debit Card,Airport Transfer,5,6
5068193,7474980,Seattle,47.51606,-122.3063,47.55115,-122.41349,2022-10-04 22:39:58,2022-10-04 23:07:58,Completed,Sedan,5.56,28,15.01,0.64,1.2,Corporate,Night Out,4,4
7237670,6831367,Las Vegas,36.12544,-115.20627,36.08701,-115.04254,2022-04-24 12:39:06,2022-04-24 13:25:06,Completed,Compact,9.52,46,33.56,15.16,2.0,Promo Credit,Business Meeting,5,4
6224104,6188639,Orlando,28.47794,-81.43506,28.613,-81.43893,2023-08-01 23:43:54,2023-08-02 00:19:54,Completed,Electric Sedan,9.33,36,52.9,0.03,2.5,App Wallet,Tourist,5,2
9926965,8436411,San Francisco,37.71331,-122.40345,37.86864,-122.37818,2022-09-27 13:47:19,2022-09-27 14:10:19,Completed,Sedan,10.82,23,26.37,0.84,1.2,App Wallet,Daily Commute,5,10
6142911,7943278,Las Vegas,36.13017,-115.1701,36.22369,-115.16634,2024-04-28 09:26:58,2024-04-28 09:57:58,Cancelled,Sedan,6.47,31,0.0,0.0,2.0,App Wallet,Medical Appointment,,2
2821857,1876942,Portland,45.50224,-122.64337,45.5885,-122.73687,2023-01-23 08:40:23,2023-01-23 08:57:23,Completed,Sedan,7.48,17,15.96,0.19,1.0,Credit Card,School Run,5,10
5255736,7150314,Las Vegas,36.09609,-115.135,36.17129,-115.15614,2023-07-24 18:23:31,2023-07-24 18:52:31,Cancelled,Sedan,5.33,29,0.0,0.0,1.0,Promo Credit,Event,,4
6742261,4445151,Austin,30.2011,-97.79276,30.21563,-97.79044,2023-02-20 05:36:27,2023-02-20 05:39:27,Completed,Electric Sedan,1.01,3,4.52,5.45,1.0,Crypto,Airport Transfer,3,8
4597307,2093437,Chicago,41.87489,-87.60825,41.95033,-87.72057,2023-12-19 01:38:43,2023-12-19 01:59:43,Completed,Compact,7.78,21,14.17,0.63,1.0,Credit Card,Event,3,8
4640389,5273751,San Francisco,37.80313,-122.37039,37.73278,-122.39069,2024-10-17 00:40:27,2024-10-17 00:50:27,Completed,Compact,4.99,10,9.98,0.18,1.0,Credit Card,Daily Commute,3,5
5608013,4213350,Austin,30.259,-97.74706,30.34975,-97.73903,2023-06-29 12:38:17,2023-06-29 12:54:17,Completed,Sedan,6.29,16,34.55,0.05,2.5,Credit Card,Airport Transfer,3,6
1342112,9770348,San Diego,32.78925,-117.2467,32.8139,-117.11939,2024-06-10 06:51:29,2024-06-10 07:09:29,Completed,Compact,7.59,18,13.88,2.9,1.0,App Wallet,Airport Transfer,5,3
9603213,6831367,Los Angeles,33.9942,-118.17233,34.06709,-118.17379,2023-12-21 07:12:15,2023-12-21 07:39:15,Completed,SUV,5.04,27,20.38,3.96,1.5,Corporate,Business Meeting,5,6
7203851,5983404,Phoenix,33.53074,-112.03075,33.52684,-112.1311,2024-06-10 15:32:03,2024-06-10 16:00:03,Completed,Sedan,5.79,28,23.26,2.53,1.8,Credit Card,Shopping,2,3
3198767,9019504,Las Vegas,36.21034,-115.2225,36.22185,-115.10262,2023-01-07 02:52:23,2023-01-07 03:17:23,Completed,SUV,6.73,25,20.77,0.84,1.2,Debit Card,Business Meeting,2,3
6835756,7180336,Los Angeles,34.05293,-118.16613,34.00434,-118.15824,2022-03-29 02:25:49,2022-03-29 02:34:49,Completed,Sedan,3.39,9,12.9,0.23,1.5,Debit Card,Daily Commute,5,6
4179655,8492008,New York,40.80985,-74.03506,40.66966,-73.92716,2022-05-17 02:55:17,2022-05-17 03:20:17,Cancelled,SUV,11.21,25,0.0,0.0,1.0,App Wallet,Airport Transfer,,20
9206788,6991654,San Diego,32.62012,-117.17626,32.79705,-117.16831,2023-08-05 12:51:09,2023-08-05 13:41:09,Completed,Luxury,12.23,50,54.37,0.53,1.2,Debit Card,Business Meeting,5,4
9175519,9692347,Los Angeles,34.1486,-118.1819,34.14223,-118.2998,2023-05-01 01:35:12,2023-05-01 01:49:12,Completed,Minivan,6.76,14,16.02,0.31,1.0,Credit Card,Tourist,5,15
4026925,1884479,Chicago,41.7869,-87.60316,41.85576,-87.72711,2023-09-19 22:16:00,2023-09-19 23:00:00,No-show,Luxury,7.96,44,0.0,0.0,1.8,Promo Credit,Daily Commute,,6
5535956,7736128,Miami,25.85901,-80.25716,25.6906,-80.18375,2024-10-11 09:51:24,2024-10-11 10:26:24,Cancelled,Sedan,12.5,35,0.0,0.0,1.0,Credit Card,School Run,,4
2148956,7265477,Denver,39.71188,-105.00471,39.65038,-104.88002,2022-10-16 13:25:32,2022-10-16 13:59:32,Completed,SUV,7.88,34,19.84,0.31,1.0,App Wallet,Shopping,4,2
7301609,1317343,Los Angeles,34.11057,-118.23657,34.14498,-118.21047,2023-03-22 17:22:28,2023-03-22 17:30:28,Cancelled,SUV,2.81,8,0.0,0.0,2.0,App Wallet,Shopping,,3
1260919,8931128,Las Vegas,36.07724,-115.05634,36.22465,-115.05136,2024-03-15 00:01:50,2024-03-15 00:47:50,Completed,Electric SUV,10.19,46,40.43,3.25,1.5,Credit Card,Daily Commute,4,5
1993386,8208527,San Francisco,37.70682,-122.35431,37.8289,-122.37726,2024-10-05 10:11:22,2024-10-05 10:41:22,Completed,SUV,8.53,30,21.27,0.21,1.0,Promo Credit,Business Meeting,1,8
5657783,9827052,Dallas,32.68678,-96.87369,32.84907,-96.76448,2024-03-14 20:59:33,2024-03-14 21:58:33,Cancelled,Compact,12.88,59,0.0,0.0,1.0,App Wallet,Medical Appointment,,12
5736484,9938487,Houston,29.71353,-95.42278,29.73888,-95.46193,2024-03-24 19:19:49,2024-03-24 19:30:49,Completed,Electric Sedan,2.93,11,12.54,1.37,1.5,Promo Credit,Business Meeting,3,1
6997334,3016142,San Francisco,37.77814,-122.34116,37.82626,-122.5024,2023-04-16 05:07:41,2023-04-16 05:33:41,Completed,Sedan,9.41,26,19.44,0.8,1.0,Promo Credit,Daily Commute,5,5
9409040,5412313,Austin,30.36292,-97.78087,30.3654,-97.76558,2022-06-24 14:55:19,2022-06-24 15:00:19,Completed,Compact,0.93,5,3.9,0.24,1.0,Credit Card,Airport Transfer,5,5
3664905,4871844,Portland,45.60077,-122.77625,45.48929,-122.73934,2024-01-23 23:35:27,2024-01-23 23:57:27,Cancelled,Sedan,7.91,22,0.0,0.0,1.2,Credit Card,Daily Commute,,2
7467910,6005274,Las Vegas,36.09121,-115.08873,36.21538,-115.20685,2022-11-27 20:45:47,2022-11-27 21:11:47,Completed,Electric SUV,10.82,26,28.47,0.45,1.0,App Wallet,Night Out,5,3
1264025,8128656,Chicago,41.94068,-87.55399,41.89437,-87.68732,2023-11-03 22:33:34,2023-11-03 22:55:34,No-show,Sedan,7.56,22,0.0,0.0,1.5,Promo Credit,Shopping,,5
7519491,3621112,Atlanta,33.80275,-84.40157,33.70381,-84.35033,2024-10-10 03:43:15,2024-10-10 03:59:15,Cancelled,SUV,7.44,16,0.0,0.0,1.0,Debit Card,Airport Transfer,,3
7731629,3819828,New York,40.68982,-73.9345,40.7319,-74.01185,2024-10-07 21:05:35,2024-10-07 21:28:35,No-show,Compact,4.99,23,0.0,0.0,1.0,Corporate,Tourist,,20
6103037,9473056,Chicago,41.92032,-87.64114,41.90293,-87.69388,2023-12-30 23:37:43,2023-12-30 23:43:43,Completed,Sedan,2.97,6,7.85,0.34,1.0,Credit Card,Tourist,5,5
5360245,3506512,New York,40.7538,-73.95123,40.77523,-74.02908,2023-09-02 10:33:32,2023-09-02 10:57:32,Completed,Compact,4.33,24,10.79,0.68,1.2,Debit Card,Medical Appointment,5,2
2510258,4279897,New York,40.70445,-74.0891,40.7628,-73.99947,2023-11-19 02:34:33,2023-11-19 02:51:33,Completed,Sedan,6.19,17,13.64,3.7,1.0,Crypto,Medical Appointment,5,6
9736643,7803595,Austin,30.34832,-97.72444,30.19141,-97.74875,2024-08-29 07:08:16,2024-08-29 07:54:16,Completed,Sedan,10.94,46,22.19,2.34,1.0,App Wallet,School Run,5,3
5925972,4806029,San Francisco,37.80149,-122.33399,37.79542,-122.43911,2022-03-30 04:01:31,2022-03-30 04:26:31,Completed,Electric SUV,5.75,25,16.3,1.82,1.0,Crypto,Night Out,2,2
8032808,9564266,Houston,29.70274,-95.4475,29.79607,-95.37171,2023-07-12 05:06:35,2023-07-12 05:39:35,No-show,Minivan,7.89,33,0.0,0.0,1.0,Promo Credit,Shopping,,3
5928990,6960581,San Francisco,37.76846,-122.43502,37.73648,-122.40595,2022-04-14 22:21:21,2022-04-14 22:32:21,Cancelled,SUV,2.72,11,0.0,0.0,1.0,Credit Card,Food Delivery,,6
5953346,1103728,Dallas,32.85929,-96.85397,32.85621,-96.78533,2022-09-21 12:27:33,2022-09-21 12:45:33,Completed,Compact,3.99,18,15.27,0.13,1.8,Corporate,Daily Commute,5,12
7409653,8897422,Austin,30.21702,-97.82571,30.2886,-97.77025,2023-06-07 03:41:26,2023-06-07 04:06:26,Completed,Minivan,5.95,25,21.6,2.52,1.5,Credit Card,Airport Transfer,4,5
7176411,4860421,Las Vegas,36.08009,-115.15612,36.11004,-115.06038,2022-05-19 08:28:13,2022-05-19 08:40:13,Completed,Compact,5.73,12,19.97,0.68,1.8,App Wallet,Night Out,5,2
8662574,6188639,Dallas,32.82924,-96.7321,32.87632,-96.81631,2022-10-24 05:27:01,2022-10-24 06:00:01,Completed,Luxury,5.87,33,41.48,2.61,1.8,Crypto,Shopping,4,4
6471329,2701761,New York,40.64171,-74.00315,40.73538,-74.01254,2022-07-24 03:18:37,2022-07-24 03:54:37,Completed,Sedan,6.49,36,14.18,0.36,1.0,Credit Card,School Run,4,5
5774840,1490261,Boston,42.44759,-71.04644,42.27212,-70.99004,2023-11-02 04:13:43,2023-11-02 05:09:43,Completed,Luxury,12.46,56,92.22,2.49,2.0,Credit Card,Medical Appointment,4,2
6818694,5373434,New York,40.78284,-74.06718,40.66801,-74.07034,2022-11-26 09:37:35,2022-11-26 10:11:35,Completed,Luxury,7.94,34,54.52,0.93,1.8,Credit Card,School Run,4,4
6191848,9980039,Dallas,32.82173,-96.7477,32.81066,-96.81481,2023-03-14 18:30:02,2023-03-14 18:43:02,Completed,Compact,3.97,13,12.68,3.42,1.5,Debit Card,Business Meeting,4,2
4497078,7092373,Chicago,41.81324,-87.68365,41.95003,-87.63953,2024-09-28 15:08:52,2024-09-28 16:01:52,Completed,Sedan,9.72,53,20.0,3.42,1.0,Credit Card,Tourist,3,4
5614298,2330626,San Francisco,37.76053,-122.41878,37.72413,-122.44887,2022-12-25 08:04:58,2022-12-25 08:21:58,Completed,SUV,3.0,17,13.65,3.51,1.5,Corporate,Business Meeting,4,8
9961220,6108571,Chicago,41.91756,-87.61434,41.9029,-87.56474,2023-04-21 09:35:03,2023-04-21 09:43:03,Cancelled,SUV,2.74,8,0.0,0.0,1.2,Promo Credit,Shopping,,5
6243743,4222258,Atlanta,33.81627,-84.43769,33.7406,-84.47536,2024-11-22 17:24:40,2024-11-22 17:39:40,Completed,Sedan,5.66,15,15.23,2.25,1.2,Debit Card,Daily Commute,4,4
7879233,6956936,Seattle,47.60237,-122.31118,47.70726,-122.25786,2023-07-18 07:10:48,2023-07-18 07:54:48,Completed,SUV,7.66,44,34.83,1.7,1.8,App Wallet,Daily Commute,5,4
8317841,7412623,Miami,25.75483,-80.10824,25.81196,-80.12954,2022-01-04 04:25:07,2022-01-04 04:41:07,Completed,Sedan,4.16,16,14.98,2.77,1.5,App Wallet,Business Meeting,4,6
6306635,3017518,Detroit,42.28739,-83.12386,42.23315,-83.06203,2022-08-02 07:21:55,2022-08-02 07:43:55,Completed,Electric Sedan,4.9,22,14.76,10.94,1.2,Credit Card,Daily Commute,4,1
6989061,2529448,Detroit,42.24137,-82.9683,42.31292,-83.07745,2023-09-06 04:17:09,2023-09-06 04:42:09,Cancelled,Minivan,7.45,25,0.0,0.0,1.0,Promo Credit,Business Meeting,,15
3056512,4709699,Atlanta,33.72899,-84.29539,33.73119,-84.31924,2024-08-02 10:08:50,2024-08-02 10:11:50,Completed,Sedan,1.38,3,7.48,0.05,1.5,App Wallet,Airport Transfer,3,5
4988145,4918467,San Francisco,37.67792,-122.44804,37.82678,-122.51856,2023-12-21 23:02:18,2023-12-22 00:06:18,Cancelled,SUV,10.98,64,0.0,0.0,1.5,App Wallet,Medical Appointment,,6
6995035,1378556,Miami,25.7064,-80.17703,25.68177,-80.17231,2024-07-12 05:32:11,2024-07-12 05:39:11,Completed,Sedan,1.73,7,5.61,0.17,1.0,Debit Card,Daily Commute,5,4
8468895,2689285,Detroit,42.27254,-82.97528,42.24984,-82.97185,2023-07-31 13:54:42,2023-07-31 14:00:42,Completed,Compact,1.58,6,8.77,0.07,1.8,App Wallet,Business Meeting,3,8
9384876,9503681,Miami,25.79545,-80.14499,25.74576,-80.11063,2023-09-24 05:24:04,2023-09-24 05:38:04,Completed,Compact,4.04,14,12.84,2.58,1.5,App Wallet,Food Delivery,4,12
6347793,7105389,New York,40.73033,-74.04357,40.6313,-74.0529,2023-09-08 11:01:22,2023-09-08 11:20:22,Completed,Sedan,6.86,19,17.82,5.08,1.2,Credit Card,Daily Commute,5,3
9502246,6669327,Dallas,32.82214,-96.80711,32.69421,-96.7085,2022-08-01 06:58:26,2022-08-01 07:44:26,Completed,SUV,10.53,46,38.5,3.72,1.5,Credit Card,Night Out,5,5
5323873,2446859,San Francisco,37.86485,-122.36131,37.67204,-122.42207,2024-01-15 06:30:42,2024-01-15 07:49:42,Completed,Sedan,13.73,79,27.21,0.78,1.0,Credit Card,Daily Commute,5,4
6651339,3153630,Portland,45.51366,-122.72391,45.44045,-122.6015,2024-08-24 05:03:16,2024-08-24 05:39:16,Completed,Electric Sedan,7.79,36,21.7,1.79,1.2,App Wallet,Medical Appointment,4,4
3781894,4839930,Miami,25.75493,-80.12141,25.78237,-80.26542,2022-04-01 01:59:28,2022-04-01 02:52:28,Completed,Sedan,9.16,53,47.47,1.09,2.5,Promo Credit,Airport Transfer,5,5
2638311,6903153,Detroit,42.3184,-83.05217,42.34458,-83.03089,2022-05-11 05:22:06,2022-05-11 05:28:06,Cancelled,Compact,2.11,6,0.0,0.0,1.0,Credit Card,Business Meeting,,8
4003062,2018465,Phoenix,33.36402,-112.00978,33.3873,-112.14732,2024-04-01 06:23:40,2024-04-01 06:56:40,Cancelled,Compact,8.1,33,0.0,0.0,1.0,Promo Credit,Night Out,,3
7017246,4324895,Orlando,28.56765,-81.33667,28.55641,-81.43739,2022-12-01 00:40:54,2022-12-01 01:15:54,Completed,Compact,6.16,35,11.74,10.2,1.0,App Wallet,Food Delivery,4,8
9334834,6066316,San Diego,32.66589,-117.24394,32.74228,-117.06564,2022-10-02 07:22:49,2022-10-02 07:52:49,Completed,Electric Sedan,11.63,30,38.64,5.59,1.5,Promo Credit,Airport Transfer,5,4
4995902,8149522,Las Vegas,36.20071,-115.19467,36.25957,-115.11889,2024-11-28 22:15:10,2024-11-28 22:49:10,Cancelled,Compact,5.86,34,0.0,0.0,1.0,Credit Card,Food Delivery,,3
5620733,3491582,New York,40.65963,-74.0642,40.74699,-73.92346,2024-03-12 23:54:01,2024-03-13 00:47:01,Completed,Sedan,9.53,53,19.65,15.93,1.0,Promo Credit,Business Meeting,4,2
4767527,3906365,Las Vegas,36.19987,-115.17469,36.13737,-115.08427,2022-07-07 10:27:47,2022-07-07 10:58:47,Completed,Sedan,6.64,31,26.01,0.8,1.8,Debit Card,Medical Appointment,5,2
8198875,6572721,Denver,39.7031,-104.91004,39.75713,-104.98943,2022-08-22 12:21:40,2022-08-22 12:44:40,In Progress,SUV,5.63,23,0.0,0.0,1.2,Credit Card,Daily Commute,,5
5743345,2387570,Denver,39.683,-104.96353,39.6424,-104.91392,2022-06-02 02:13:14,2022-06-02 02:27:14,Completed,Sedan,3.85,14,11.32,3.87,1.2,App Wallet,Event,5,3
4487715,9770348,Chicago,41.79872,-87.63053,41.91378,-87.70978,2023-10-01 13:04:14,2023-10-01 13:56:14,Completed,Sedan,8.94,52,18.59,0.15,1.0,Credit Card,Business Meeting,4,5
2092617,9609528,Austin,30.2068,-97.81859,30.20641,-97.71227,2022-10-17 18:26:29,2022-10-17 18:44:29,Completed,Sedan,6.35,18,13.93,0.15,1.0,App Wallet,Shopping,5,2
8756926,5682371,Portland,45.47181,-122.7579,45.60268,-122.75049,2023-11-13 12:20:11,2023-11-13 12:49:11,Completed,SUV,9.05,29,44.82,5.58,2.0,Debit Card,Food Delivery,5,5
4781092,8785973,Portland,45.61836,-122.74041,45.6057,-122.65933,2022-03-17 06:15:31,2022-03-17 06:31:31,Completed,SUV,4.02,16,11.34,15.54,1.0,App Wallet,Tourist,5,10
4950059,7224721,Los Angeles,33.98317,-118.22268,34.11156,-118.24335,2023-06-05 07:38:06,2023-06-05 08:21:06,In Progress,Sedan,8.95,43,0.0,0.0,1.2,App Wallet,Daily Commute,,6
9002824,7401132,New York,40.65181,-73.98648,40.74174,-73.94049,2024-03-05 22:30:41,2024-03-05 22:59:41,In Progress,Compact,6.66,29,0.0,0.0,1.0,Credit Card,Daily Commute,,3
1618244,4940077,Las Vegas,36.1067,-115.21134,36.19565,-115.07945,2023-07-21 20:10:56,2023-07-21 20:50:56,Completed,SUV,9.59,40,35.4,0.37,1.5,App Wallet,Airport Transfer,4,8
9442005,9104596,Houston,29.82462,-95.39704,29.82986,-95.39242,2023-09-01 18:24:15,2023-09-01 18:27:15,Completed,Compact,0.46,3,5.74,2.95,1.8,Debit Card,Daily Commute,4,8
4774843,6854828,Houston,29.78169,-95.4555,29.75827,-95.27738,2024-04-22 13:58:04,2024-04-22 14:36:04,Completed,SUV,10.8,38,31.51,0.13,1.2,Credit Card,Tourist,5,10
6134847,5192059,Atlanta,33.83662,-84.33668,33.71891,-84.4458,2024-10-23 13:35:49,2024-10-23 14:07:49,Completed,Compact,10.27,32,17.91,1.15,1.0,Debit Card,Night Out,5,6
7735791,4166471,Seattle,47.64837,-122.33362,47.51927,-122.28837,2024-12-13 14:15:22,2024-12-13 14:54:22,Completed,Electric Sedan,9.17,39,25.01,0.96,1.2,Credit Card,Shopping,5,5
4758505,2018465,Orlando,28.5211,-81.33936,28.46672,-81.34012,2022-10-28 00:54:03,2022-10-28 01:06:03,Completed,Luxury,3.76,12,18.79,0.54,1.2,Credit Card,Daily Commute,4,20
3475248,7999908,San Francisco,37.68094,-122.44128,37.73596,-122.3353,2022-04-22 08:20:28,2022-04-22 08:41:28,Completed,Sedan,6.93,21,14.97,0.81,1.0,Corporate,Business Meeting,2,4
4881469,9663769,Seattle,47.68307,-122.39908,47.61712,-122.3525,2022-03-10 14:24:27,2022-03-10 14:39:27,Completed,SUV,5.05,15,13.61,0.86,1.0,Credit Card,Business Meeting,5,12
4260374,5613480,Houston,29.80983,-95.36247,29.85645,-95.39641,2023-06-11 10:16:14,2023-06-11 10:31:14,Completed,Sedan,3.81,15,9.36,0.27,1.0,Credit Card,Night Out,5,3
4525223,8437480,New York,40.62036,-74.06606,40.78375,-74.0244,2022-08-17 01:11:18,2022-08-17 01:47:18,Completed,SUV,11.5,36,41.7,10.6,1.5,App Wallet,Night Out,4,6
3329866,5786230,Dallas,32.81125,-96.731,32.87383,-96.81572,2024-09-13 21:36:24,2024-09-13 21:55:24,Completed,Electric SUV,6.55,19,18.22,0.31,1.0,App Wallet,Daily Commute,5,8
1611888,2567078,Phoenix,33.39653,-112.00388,33.43683,-112.15089,2024-07-10 11:07:20,2024-07-10 11:40:20,Completed,Compact,8.92,33,15.88,5.44,1.0,App Wallet,Airport Transfer,4,12
9601004,9936682,Chicago,41.89415,-87.67208,41.83927,-87.72373,2022-10-28 01:31:13,2022-10-28 01:57:13,Completed,SUV,4.63,26,12.69,0.89,1.0,Credit Card,Night Out,5,5
3438315,8051659,Las Vegas,36.11873,-115.1154,36.0858,-115.16274,2024-05-04 17:23:44,2024-05-04 17:35:44,Completed,Electric Sedan,3.49,12,9.48,0.51,1.0,Corporate,Business Meeting,5,4
2507666,4768549,Phoenix,33.47574,-112.16562,33.5485,-112.06423,2023-03-16 18:54:16,2023-03-16 19:20:16,Completed,Electric Sedan,7.71,26,32.26,0.76,1.8,App Wallet,Business Meeting,3,4
1412129,6541607,Chicago,41.90989,-87.71443,41.90162,-87.63443,2022-07-12 20:00:44,2022-07-12 20:09:44,Completed,Minivan,4.15,9,10.8,0.12,1.0,Debit Card,Daily Commute,5,6
4289738,2652000,Phoenix,33.37123,-112.1344,33.3869,-112.02592,2022-06-02 09:40:53,2022-06-02 10:03:53,Completed,Sedan,6.35,23,25.07,0.04,1.8,App Wallet,Business Meeting,4,4
3404643,5338256,New York,40.797,-74.05095,40.62828,-74.07848,2022-02-27 09:51:42,2022-02-27 10:29:42,Completed,Sedan,11.75,38,28.38,0.81,1.2,App Wallet,Business Meeting,5,20
6112498,9718927,Portland,45.54607,-122.71522,45.45052,-122.67641,2023-12-05 07:44:37,2023-12-05 08:20:37,Disputed,Sedan,6.86,36,0.0,0.0,1.5,App Wallet,Daily Commute,,8
3986388,9976000,Atlanta,33.81678,-84.48402,33.79552,-84.41324,2024-10-07 12:30:10,2024-10-07 12:49:10,Completed,Compact,4.32,19,8.98,0.84,1.0,Credit Card,School Run,4,3
5387270,5081171,Portland,45.47822,-122.59715,45.6184,-122.6427,2022-12-14 03:02:00,2022-12-14 03:49:00,Completed,Sedan,9.93,47,20.37,0.06,1.0,Debit Card,Daily Commute,1,8
2675026,2556898,San Francisco,37.68293,-122.50411,37.77827,-122.35513,2022-11-28 20:23:11,2022-11-28 21:25:11,Completed,Luxury,10.47,62,39.15,0.03,1.0,Debit Card,Night Out,5,4
3488668,9296165,Boston,42.35982,-71.02571,42.35369,-71.1181,2023-06-24 08:03:37,2023-06-24 08:22:37,Cancelled,Luxury,4.74,19,0.0,0.0,1.0,Credit Card,Daily Commute,,8
1897167,6436539,Nashville,36.19315,-86.80608,36.21593,-86.80853,2024-07-28 18:47:54,2024-07-28 18:55:54,Completed,Compact,1.58,8,4.87,0.3,1.0,Credit Card,Daily Commute,5,10
1068477,3151041,Denver,39.65148,-105.0007,39.73543,-104.98601,2024-10-11 06:31:37,2024-10-11 07:00:37,Completed,SUV,5.85,29,15.37,8.88,1.0,App Wallet,Daily Commute,4,15
4005332,9027783,New York,40.80493,-74.04342,40.76532,-74.06883,2023-10-28 19:04:45,2023-10-28 19:11:45,Completed,Electric SUV,3.04,7,9.8,0.29,1.0,Crypto,Daily Commute,2,5
2866994,2058890,Miami,25.71882,-80.11642,25.75988,-80.26024,2023-11-23 05:41:11,2023-11-23 06:01:11,Completed,Sedan,9.39,20,23.28,10.3,1.2,Credit Card,Airport Transfer,4,3
8580888,8855407,Miami,25.73006,-80.18388,25.69833,-80.12578,2022-05-15 23:56:39,2022-05-16 00:09:39,In Progress,Electric Sedan,4.23,13,0.0,0.0,3.0,Credit Card,Tourist,,3
1739992,6334003,Dallas,32.84917,-96.89108,32.77789,-96.81576,2023-09-04 07:21:12,2023-09-04 07:45:12,Completed,SUV,6.59,24,20.4,2.27,1.2,Crypto,School Run,3,4
9038568,1378095,Houston,29.71769,-95.40592,29.71581,-95.28498,2022-03-07 22:14:37,2022-03-07 22:50:37,Completed,Electric SUV,7.26,36,39.85,1.3,2.0,App Wallet,Daily Commute,5,5
1148866,1977744,Miami,25.77144,-80.27055,25.73856,-80.28604,2022-06-19 21:28:11,2022-06-19 21:35:11,Completed,Compact,2.47,7,6.21,15.65,1.0,App Wallet,Daily Commute,2,15
9859259,3883657,San Diego,32.65279,-117.06522,32.7205,-117.14726,2023-05-05 05:57:53,2023-05-05 06:16:53,Completed,Luxury,6.68,19,25.88,10.82,1.0,Credit Card,Daily Commute,4,4
2088551,6980745,New York,40.78712,-73.98529,40.66124,-74.03493,2024-06-16 16:57:51,2024-06-16 17:31:51,Completed,Compact,9.08,34,29.02,0.96,1.8,Crypto,Business Meeting,4,6
2016495,6767405,Portland,45.60866,-122.73454,45.56301,-122.66348,2022-01-15 05:05:04,2022-01-15 05:15:04,Completed,SUV,4.66,10,12.75,2.58,1.0,App Wallet,Airport Transfer,5,12
6592522,9564266,Nashville,36.15636,-86.68502,36.26043,-86.8202,2024-04-30 08:17:53,2024-04-30 08:39:53,Completed,SUV,10.42,22,25.42,3.59,1.0,Crypto,Airport Transfer,1,5
1320123,6354581,Phoenix,33.50504,-112.12887,33.52535,-112.00382,2023-12-10 07:32:29,2023-12-10 07:49:29,Completed,SUV,7.34,17,22.38,0.93,1.2,Credit Card,Night Out,5,12
1593855,4306618,New York,40.70032,-74.01359,40.80349,-74.01693,2024-07-04 12:29:34,2024-07-04 12:55:34,Completed,Electric SUV,7.13,26,19.61,0.57,1.0,App Wallet,Food Delivery,3,6
6635996,4131933,San Francisco,37.73636,-122.50931,37.77256,-122.51696,2023-11-17 06:48:47,2023-11-17 06:58:47,Completed,Compact,2.54,10,12.62,0.35,2.0,Credit Card,Daily Commute,5,2
5590266,8065239,San Francisco,37.83399,-122.35973,37.77148,-122.42769,2024-06-12 20:18:35,2024-06-12 20:49:35,Completed,Minivan,5.69,31,16.66,8.7,1.2,Credit Card,Airport Transfer,3,3
5038216,5739107,Orlando,28.57982,-81.36732,28.58743,-81.4173,2022-10-27 02:17:17,2022-10-27 02:31:17,Completed,SUV,3.08,14,23.19,0.05,2.5,Promo Credit,Airport Transfer,3,5
4487718,4132530,Seattle,47.70148,-122.40361,47.67977,-122.41759,2023-02-04 05:00:13,2023-02-04 05:06:13,Completed,Luxury,1.63,6,9.85,15.32,1.2,Credit Card,Business Meeting,5,15
3522025,3095147,San Diego,32.8117,-117.20653,32.71419,-117.19152,2024-01-26 03:49:50,2024-01-26 04:11:50,No-show,Sedan,6.79,22,0.0,0.0,1.0,Credit Card,Business Meeting,,20
6805449,4017995,Los Angeles,34.01987,-118.2395,34.13708,-118.18344,2023-08-03 07:44:09,2023-08-03 08:13:09,No-show,Sedan,8.71,29,0.0,0.0,2.0,Credit Card,Night Out,,3
1830939,2322842,Phoenix,33.41165,-112.15627,33.38486,-112.09816,2023-01-19 19:28:47,2023-01-19 19:45:47,Cancelled,Electric SUV,3.83,17,0.0,0.0,1.0,Credit Card,Airport Transfer,,6
2651235,6960921,New York,40.79129,-74.0965,40.63996,-74.09169,2022-10-15 00:20:38,2022-10-15 00:54:38,Completed,Compact,10.46,34,21.83,0.06,1.2,Credit Card,Shopping,3,5
8912627,7182330,San Francisco,37.75698,-122.49295,37.81422,-122.51469,2023-05-29 08:00:23,2023-05-29 08:12:23,Completed,Compact,4.13,12,8.7,1.93,1.0,App Wallet,School Run,3,4
8666422,3698562,Las Vegas,36.20198,-115.06998,36.25476,-115.19252,2024-09-21 11:01:52,2024-09-21 11:18:52,In Progress,Electric SUV,7.74,17,0.0,0.0,1.2,Promo Credit,Daily Commute,,12
6493348,9075015,Chicago,41.90849,-87.54232,41.83656,-87.54577,2023-04-29 06:49:53,2023-04-29 07:06:53,Completed,SUV,4.97,17,13.43,0.87,1.0,Credit Card,Airport Transfer,4,6
8077300,8963078,San Francisco,37.85933,-122.43909,37.72255,-122.40354,2024-07-12 04:11:49,2024-07-12 05:05:49,Cancelled,Compact,9.65,54,0.0,0.0,1.0,Credit Card,Shopping,,10
9021925,8364174,San Diego,32.74472,-117.07138,32.77668,-117.07867,2022-11-11 16:01:17,2022-11-11 16:11:17,Completed,Electric Sedan,2.25,10,8.4,0.96,1.2,Credit Card,Business Meeting,4,1
5963695,3206091,San Francisco,37.80868,-122.34708,37.6726,-122.37938,2023-12-30 22:18:08,2023-12-30 22:59:08,Completed,Luxury,9.57,41,36.0,10.75,1.0,Debit Card,Daily Commute,5,8
5255379,7757053,San Francisco,37.78502,-122.38421,37.73563,-122.35266,2022-11-05 07:05:06,2022-11-05 07:12:06,Completed,Sedan,3.82,7,11.25,3.37,1.2,Credit Card,Business Meeting,5,3
