user_id,first_name,last_name,email,phone_number,city,age,account_status,loyalty_tier,preferred_payment,signup_date,last_active_date,total_rides_taken,avg_rating_given,preferred_language,device_os,referral_source,is_business_account,promo_credits_balance,account_verified
7777627,Lucas,Flores,user7777627@gmail.com,+1-838-601-4268,Seattle,28,Active,Silver,Credit Card,2020-07-09,2022-06-24,15,3.1,Hindi,iOS,App Store,No,0.46,Yes
6684233,Mia,Thomas,user6684233@outlook.com,+1-747-182-8570,San Francisco,30,Active,Bronze,Debit Card,2019-09-30,2023-09-27,1,3.9,English,iOS,Corporate Deal,No,10.59,No
9442218,Lisa,King,user9442218@gmail.com,+1-346-417-1092,New York,19,Active,Bronze,Debit Card,2019-04-26,2020-04-01,6,4.5,Hindi,Web,Corporate Deal,No,0.4,Yes
6935921,Aisha,Carter,user6935921@proton.com,+1-327-198-2945,Minneapolis,24,Active,Bronze,Credit Card,2023-01-19,2023-03-03,30,4.0,English,iOS,Social Media,No,0.23,Yes
7068362,Fatima,Young,user7068362@proton.com,+1-544-942-7543,Phoenix,29,Active,Gold,Debit Card,2019-08-13,2023-11-18,8,2.6,English,iOS,Ad Campaign,No,0.44,Yes
4792419,Diana,Jackson,user4792419@proton.com,+1-503-548-2312,New York,61,Inactive,Silver,Corporate,2021-08-23,2022-02-03,15,3.0,English,iOS,Corporate Deal,No,10.53,No
5308988,Lucas,Carter,user5308988@proton.com,+1-399-488-6518,Chicago,73,Inactive,Bronze,App Wallet,2021-06-22,2023-03-20,30,2.9,Spanish,Web,Friend Referral,No,5.78,Yes
7991279,Emily,Hill,user7991279@yahoo.com,+1-201-634-6087,San Diego,59,Suspended,Diamond,Crypto,2020-12-19,2022-09-14,5,3.5,English,Android,Friend Referral,No,15.41,Yes
5823510,Sarah,Hall,user5823510@outlook.com,+1-578-670-5836,Phoenix,51,Active,Bronze,Promo Credit,2019-03-06,2020-01-26,2,2.6,English,Android,Ad Campaign,No,0.13,Yes
7526710,Lucas,Anderson,user7526710@proton.com,+1-786-740-8804,Seattle,28,Active,Diamond,Debit Card,2020-07-09,2023-08-01,4,3.9,Korean,Android,Organic,No,0.33,Yes
9942458,Sarah,Allen,user9942458@gmail.com,+1-248-450-9377,Austin,30,Active,Gold,Credit Card,2019-02-07,2024-01-23,4,2.8,English,Android,App Store,No,0.48,Yes
7126514,Lisa,Davis,user7126514@yahoo.com,+1-340-253-9934,San Francisco,43,Active,Gold,App Wallet,2020-09-07,2022-03-01,10,4.5,English,Android,Corporate Deal,No,0.96,Yes
1886030,Nina,Flores,user1886030@gmail.com,+1-436-485-2588,Nashville,30,Inactive,Diamond,App Wallet,2022-09-17,2023-07-06,15,2.9,Mandarin,Android,Organic,No,0.88,Yes
8447860,Tom,Rodriguez,user8447860@gmail.com,+1-492-929-5845,Seattle,21,Active,Silver,App Wallet,2021-08-31,2024-03-04,5,3.3,English,iOS,Corporate Deal,No,0.32,Yes
1579934,Ryan,Allen,user1579934@proton.com,+1-724-832-4732,Seattle,28,Active,Silver,Credit Card,2021-04-20,2023-11-24,3,4.2,English,iOS,Social Media,Yes,0.93,Yes
3210486,Mia,Martinez,user3210486@gmail.com,+1-859-136-9240,Nashville,21,Active,Diamond,Debit Card,2020-07-12,2023-01-31,50,3.0,English,iOS,App Store,Yes,20.09,Yes
4902730,Priya,Rodriguez,user4902730@proton.com,+1-955-354-3824,Houston,43,Inactive,Bronze,App Wallet,2023-02-14,2023-07-26,2,4.0,Spanish,Android,Social Media,Yes,0.22,Yes
7634218,Oliver,Miller,user7634218@gmail.com,+1-239-547-2018,Las Vegas,28,Active,Platinum,App Wallet,2019-08-14,2021-09-02,15,3.3,English,Android,Corporate Deal,No,0.29,Yes
2913881,Sarah,Johnson,user2913881@outlook.com,+1-437-244-2283,Los Angeles,43,Inactive,Bronze,Debit Card,2022-04-24,2022-12-01,8,3.0,English,iOS,Social Media,No,0.03,Yes
6763986,Emma,Nguyen,user6763986@proton.com,+1-771-997-7157,New York,33,Active,Platinum,Credit Card,2019-08-07,2019-08-10,10,2.7,Mandarin,Android,Ad Campaign,No,0.03,Yes
2719137,Lily,Johnson,user2719137@outlook.com,+1-279-895-7282,Austin,39,Active,Bronze,Debit Card,2021-08-11,2024-04-02,4,4.2,Portuguese,Android,App Store,No,20.32,No
9968851,Sofia,Scott,user9968851@proton.com,+1-546-709-2394,Orlando,32,Active,Bronze,Credit Card,2019-11-25,2022-05-04,4,4.0,English,iOS,App Store,No,5.57,Yes
6375810,Priya,Rodriguez,user6375810@outlook.com,+1-381-822-7805,Phoenix,77,Active,Platinum,App Wallet,2019-11-29,2020-01-07,30,4.7,English,iOS,Ad Campaign,No,0.84,Yes
5599081,Ryan,Carter,user5599081@proton.com,+1-422-966-9218,Houston,54,Active,Silver,Debit Card,2019-04-20,2024-06-11,4,3.5,Spanish,iOS,Friend Referral,No,0.79,Yes
6956936,Isabella,Allen,user6956936@gmail.com,+1-210-532-2448,New York,37,Active,Bronze,Credit Card,2019-08-08,2021-07-12,20,3.9,Arabic,iOS,Friend Referral,No,0.72,Yes
3906365,Fatima,Harris,user3906365@proton.com,+1-542-616-1701,Portland,39,Active,Diamond,Debit Card,2020-08-13,2021-05-16,5,4.9,Spanish,iOS,Friend Referral,Yes,0.9,No
4884674,Lily,Green,user4884674@outlook.com,+1-221-116-6636,Dallas,72,Active,Silver,Credit Card,2022-08-12,2024-08-21,8,3.9,English,Android,Ad Campaign,No,0.33,No
2686440,Tom,Williams,user2686440@yahoo.com,+1-843-194-8779,Houston,41,Active,Platinum,Debit Card,2021-07-07,2021-08-27,5,3.0,English,Android,App Store,No,20.97,Yes
2058890,Emily,Carter,user2058890@outlook.com,+1-482-517-3112,Austin,32,Active,Platinum,Promo Credit,2019-11-03,2019-11-17,5,3.1,English,Android,Organic,No,0.14,Yes
3153148,Zoe,Moore,user3153148@proton.com,+1-866-167-9188,Austin,23,Inactive,Bronze,Debit Card,2022-09-11,2024-04-29,100,2.6,English,iOS,Organic,No,0.13,Yes
6960581,James,Wright,user6960581@yahoo.com,+1-858-637-8506,San Diego,19,Active,Gold,Credit Card,2019-05-05,2019-11-22,4,4.3,English,iOS,Corporate Deal,No,15.96,No
8677952,Elijah,Allen,user8677952@outlook.com,+1-977-610-3231,Austin,30,Active,Bronze,Promo Credit,2019-03-06,2019-06-16,10,4.2,Spanish,iOS,Ad Campaign,No,0.83,Yes
5428220,Andre,Carter,user5428220@outlook.com,+1-690-100-3816,Los Angeles,56,Active,Bronze,Credit Card,2021-02-28,2023-03-13,5,3.5,English,Android,Corporate Deal,No,0.85,Yes
6400031,Aisha,Adams,user6400031@proton.com,+1-675-384-8886,Seattle,62,Active,Gold,Credit Card,2022-05-31,2023-02-05,5,2.9,Spanish,Android,Organic,No,0.58,Yes
8836487,Isabella,Thomas,user8836487@gmail.com,+1-291-329-5052,Phoenix,76,Inactive,Silver,Crypto,2020-01-01,2023-05-18,20,3.8,Mandarin,Web,Friend Referral,No,0.72,Yes
8897422,Priya,Adams,user8897422@proton.com,+1-810-993-8119,Seattle,31,Active,Gold,Credit Card,2021-03-24,2023-02-02,0,,Hindi,Android,Ad Campaign,No,0.48,Yes
4075067,Chloe,Miller,user4075067@proton.com,+1-234-791-8446,Chicago,38,Active,Bronze,Credit Card,2023-05-31,2024-06-12,4,3.6,English,Web,Organic,No,0.78,No
8208301,Jake,Martin,user8208301@gmail.com,+1-554-822-1985,Minneapolis,24,Pending Verification,Gold,Credit Card,2019-01-02,2019-12-19,15,2.8,English,Android,Friend Referral,No,10.18,Yes
6913136,Tom,Baker,user6913136@gmail.com,+1-418-917-7552,Portland,28,Suspended,Bronze,App Wallet,2021-12-13,2023-05-21,1,3.6,English,iOS,Corporate Deal,No,5.78,Yes
9292540,Maria,King,user9292540@outlook.com,+1-906-821-1057,San Francisco,36,Active,Bronze,App Wallet,2019-03-31,2021-05-31,2,2.8,Spanish,Web,Corporate Deal,No,20.26,Yes
4871844,Oliver,Davis,user4871844@outlook.com,+1-598-982-6256,New York,41,Pending Verification,Platinum,Credit Card,2019-09-02,2020-06-01,2,2.7,English,iOS,Social Media,No,15.01,Yes
4198878,Oscar,Johnson,user4198878@gmail.com,+1-358-133-6000,Seattle,50,Pending Verification,Silver,Credit Card,2023-03-27,2024-10-18,3,4.3,English,iOS,Ad Campaign,No,20.06,Yes
2895881,Noah,Nguyen,user2895881@proton.com,+1-568-243-4812,Portland,26,Active,Silver,Debit Card,2019-09-18,2024-06-23,10,4.2,English,Web,Friend Referral,No,0.75,Yes
4668325,David,Anderson,user4668325@gmail.com,+1-402-378-8165,Dallas,45,Active,Bronze,Credit Card,2022-12-22,2024-08-22,2,4.3,English,iOS,Organic,Yes,15.27,Yes
7231635,Oliver,Hill,user7231635@proton.com,+1-528-178-6807,San Diego,32,Active,Bronze,App Wallet,2020-06-24,2024-04-07,1,2.9,Spanish,Android,Corporate Deal,No,0.31,Yes
8837924,Priya,Wilson,user8837924@yahoo.com,+1-375-741-7981,Los Angeles,24,Inactive,Silver,Corporate,2022-07-17,2023-06-10,3,4.5,English,Android,Friend Referral,No,10.53,Yes
8393398,Wei,Adams,user8393398@proton.com,+1-750-452-8835,New York,45,Active,Gold,App Wallet,2022-11-10,2024-01-05,100,3.8,English,iOS,Corporate Deal,Yes,0.87,Yes
9781905,Grayson,Brown,user9781905@gmail.com,+1-814-302-9341,Boston,19,Active,Bronze,Corporate,2021-06-23,2024-11-15,5,4.2,Spanish,Android,Social Media,No,30.34,Yes
4518863,Logan,Nelson,user4518863@yahoo.com,+1-687-384-5212,New York,39,Active,Platinum,Credit Card,2021-05-13,2022-04-23,8,4.3,Hindi,iOS,Organic,No,0.84,Yes
7356632,Elijah,Carter,user7356632@yahoo.com,+1-749-480-4189,San Diego,23,Active,Bronze,Debit Card,2021-04-25,2023-09-14,5,3.8,English,Android,App Store,No,0.91,Yes
9718927,Emma,Jackson,user9718927@outlook.com,+1-531-205-1405,San Diego,22,Active,Bronze,Credit Card,2019-01-10,2024-03-26,8,4.0,English,iOS,Social Media,No,0.47,Yes
4664764,Fatima,Baker,user4664764@gmail.com,+1-285-490-4016,Seattle,29,Active,Gold,Credit Card,2022-12-07,2024-09-18,30,2.6,Spanish,Android,Organic,Yes,0.33,Yes
4893031,Aria,Lewis,user4893031@proton.com,+1-803-718-6343,Portland,32,Active,Silver,App Wallet,2019-08-31,2020-04-02,6,3.7,English,iOS,Ad Campaign,No,5.35,Yes
1772895,Fatima,Garcia,user1772895@proton.com,+1-804-984-7723,Phoenix,42,Active,Bronze,Credit Card,2019-03-08,2022-12-11,6,2.6,English,iOS,Friend Referral,No,0.64,No
6991654,Wei,Smith,user6991654@outlook.com,+1-749-428-4193,Houston,46,Active,Bronze,Debit Card,2023-01-28,2023-02-22,6,3.5,English,Android,App Store,No,5.16,No
2237523,Ryan,Scott,user2237523@gmail.com,+1-955-146-8743,Portland,36,Active,Platinum,Corporate,2023-05-13,2023-06-16,50,3.3,English,iOS,Corporate Deal,No,0.57,Yes
1568871,Logan,Lewis,user1568871@gmail.com,+1-684-612-2801,Phoenix,36,Active,Gold,Promo Credit,2019-09-29,2023-12-26,4,4.3,Korean,Web,Organic,No,0.23,Yes
3288510,Mason,Nelson,user3288510@outlook.com,+1-298-628-9186,New York,29,Suspended,Platinum,App Wallet,2019-03-08,2021-05-15,6,3.0,Spanish,iOS,Friend Referral,No,0.68,Yes
1141334,Mohammed,Robinson,user1141334@yahoo.com,+1-831-244-2772,Miami,44,Inactive,Silver,Debit Card,2022-09-13,2024-04-24,30,4.7,English,Web,Ad Campaign,Yes,0.65,Yes
9924829,Chloe,Moore,user9924829@yahoo.com,+1-960-239-6919,San Francisco,23,Active,Bronze,Debit Card,2022-09-19,2024-12-07,6,4.8,Hindi,iOS,Friend Referral,No,50.76,Yes
6767405,Tom,Carter,user6767405@gmail.com,+1-268-997-4747,New York,35,Active,Silver,Credit Card,2021-04-16,2024-07-29,10,4.0,Spanish,Android,App Store,No,0.49,Yes
8534159,Mei,Harris,user8534159@gmail.com,+1-332-695-1845,Dallas,21,Active,Gold,App Wallet,2019-01-03,2024-01-07,5,4.7,Spanish,iOS,Friend Referral,No,30.21,Yes
1053378,Ethan,Jackson,user1053378@outlook.com,+1-883-339-2753,Miami,29,Active,Bronze,App Wallet,2022-09-01,2024-07-27,5,3.8,English,Android,Organic,No,5.18,Yes
2470522,Ava,Wilson,user2470522@proton.com,+1-515-492-8485,Portland,34,Active,Bronze,Debit Card,2021-02-15,2022-08-11,8,2.8,Portuguese,Android,Social Media,No,0.63,Yes
4619100,Liam,Wilson,user4619100@outlook.com,+1-378-394-2583,Boston,34,Active,Bronze,Debit Card,2022-07-23,2023-09-06,4,4.6,Spanish,Android,Organic,No,0.98,Yes
4884601,Carlos,Brown,user4884601@outlook.com,+1-703-634-4794,San Francisco,37,Active,Bronze,Credit Card,2023-03-14,2024-06-10,30,3.0,Korean,Android,App Store,Yes,0.17,No
4224735,Liam,Martinez,user4224735@outlook.com,+1-389-947-1422,New York,37,Active,Bronze,Credit Card,2019-01-18,2020-04-15,30,3.8,English,Android,App Store,No,15.62,Yes
7439377,Zoe,Adams,user7439377@gmail.com,+1-563-242-4025,Austin,33,Inactive,Silver,Credit Card,2019-09-26,2024-08-11,2,4.0,English,Android,App Store,No,0.92,Yes
9099345,Ryan,Taylor,user9099345@proton.com,+1-750-496-2921,Austin,41,Active,Platinum,Credit Card,2020-01-10,2024-12-27,3,4.6,Korean,Android,Organic,No,10.59,Yes
3071914,Wei,Brown,user3071914@proton.com,+1-200-998-5265,Denver,49,Active,Bronze,Debit Card,2020-03-27,2023-12-23,6,3.0,English,Android,Ad Campaign,No,20.63,Yes
5664704,Oscar,Rodriguez,user5664704@outlook.com,+1-851-719-1119,Dallas,29,Active,Silver,Debit Card,2020-01-11,2024-05-31,1,3.3,English,iOS,App Store,No,0.08,Yes
8711695,Lucas,Brown,user8711695@gmail.com,+1-821-940-2882,Seattle,19,Inactive,Silver,App Wallet,2021-12-22,2023-05-12,5,3.9,Spanish,Web,Friend Referral,No,0.76,Yes
3273863,Sofia,Nguyen,user3273863@gmail.com,+1-331-672-3530,Houston,70,Active,Gold,Credit Card,2022-03-12,2023-05-11,10,3.0,Spanish,Android,Social Media,No,0.11,Yes
9848683,Jake,Jackson,user9848683@proton.com,+1-819-724-8851,Seattle,31,Suspended,Platinum,Debit Card,2019-10-25,2021-11-20,30,2.8,English,Android,Ad Campaign,No,15.11,Yes
9513843,Fatima,Brown,user9513843@yahoo.com,+1-639-196-4075,Miami,44,Active,Bronze,Debit Card,2021-09-12,2024-12-17,4,3.0,English,Android,Friend Referral,No,20.83,Yes
1379531,Carlos,Baker,user1379531@yahoo.com,+1-881-368-1354,Houston,48,Active,Gold,App Wallet,2023-03-02,2024-08-06,30,4.7,English,Android,Organic,No,0.46,Yes
9996784,Lisa,Taylor,user9996784@outlook.com,+1-531-123-8323,Atlanta,27,Active,Bronze,App Wallet,2019-08-07,2022-10-16,5,3.6,Arabic,iOS,App Store,Yes,15.07,Yes
3363629,Sarah,Lewis,user3363629@gmail.com,+1-357-629-4972,Miami,73,Active,Bronze,Debit Card,2021-09-16,2024-04-24,10,4.7,Hindi,iOS,App Store,No,0.57,Yes
5849348,Elijah,Baker,user5849348@outlook.com,+1-217-756-7314,San Diego,27,Inactive,Bronze,App Wallet,2019-06-16,2020-04-19,6,3.6,Portuguese,Android,App Store,No,0.33,Yes
6203117,Mohammed,Clark,user6203117@proton.com,+1-903-548-3795,Nashville,25,Active,Bronze,Debit Card,2022-05-27,2024-01-25,3,4.1,Mandarin,iOS,Corporate Deal,No,0.85,Yes
2852286,Aisha,Lee,user2852286@outlook.com,+1-665-220-8340,Atlanta,29,Active,Platinum,Credit Card,2019-08-14,2022-08-11,1,3.2,English,iOS,Friend Referral,No,30.05,Yes
3746424,Sofia,Adams,user3746424@gmail.com,+1-253-198-6150,Los Angeles,18,Active,Silver,Credit Card,2019-06-17,2023-07-20,3,4.2,Mandarin,iOS,Corporate Deal,No,5.1,Yes
1521724,Lisa,Walker,user1521724@gmail.com,+1-885-350-2523,Phoenix,21,Active,Silver,Credit Card,2023-04-09,2024-12-06,30,4.9,English,iOS,Ad Campaign,Yes,0.1,Yes
4978793,Ryan,Flores,user4978793@yahoo.com,+1-380-819-8914,Atlanta,31,Pending Verification,Platinum,Debit Card,2020-11-17,2024-06-13,3,4.7,Spanish,iOS,Corporate Deal,Yes,10.55,No
4298317,Isabella,Anderson,user4298317@outlook.com,+1-876-649-7011,Miami,24,Active,Silver,App Wallet,2022-09-04,2023-06-23,6,3.4,Hindi,iOS,Organic,No,0.67,Yes
2689285,Andre,Hall,user2689285@proton.com,+1-759-447-5182,New York,29,Active,Platinum,Credit Card,2022-05-17,2024-05-26,20,3.2,French,Android,Organic,No,0.96,Yes
3119814,Emma,Allen,user3119814@proton.com,+1-462-985-6850,Chicago,28,Suspended,Bronze,Credit Card,2022-07-15,2024-11-21,6,4.6,French,Web,Social Media,No,0.52,Yes
2964675,Ava,Adams,user2964675@proton.com,+1-736-687-8968,Atlanta,23,Active,Silver,Credit Card,2022-10-10,2024-01-15,2,4.0,Spanish,Android,Ad Campaign,No,20.24,No
4544442,Liam,Clark,user4544442@proton.com,+1-785-632-4062,Houston,75,Active,Bronze,App Wallet,2022-07-03,2023-07-21,30,4.8,Arabic,iOS,Friend Referral,Yes,0.06,Yes
1313211,Priya,Adams,user1313211@yahoo.com,+1-316-495-7596,Austin,32,Inactive,Bronze,Corporate,2023-03-20,2024-06-23,50,3.7,English,iOS,Social Media,No,0.85,Yes
9685397,Chloe,Flores,user9685397@gmail.com,+1-424-623-4835,Denver,32,Active,Platinum,Debit Card,2022-07-21,2024-05-27,6,2.8,Spanish,Android,Ad Campaign,No,10.52,Yes
6347815,Kevin,Taylor,user6347815@proton.com,+1-305-311-8521,San Francisco,24,Active,Platinum,Corporate,2021-04-12,2022-05-03,15,4.8,English,Android,Social Media,No,0.14,Yes
4540337,Noah,Scott,user4540337@yahoo.com,+1-868-609-3441,Los Angeles,39,Active,Platinum,Credit Card,2021-07-29,2024-08-19,1,3.9,English,Android,Corporate Deal,No,0.11,Yes
9249579,Zoe,Wilson,user9249579@gmail.com,+1-774-354-1772,Austin,74,Inactive,Gold,App Wallet,2021-06-30,2023-11-06,10,3.5,English,iOS,Social Media,No,50.06,Yes
8465826,Isabella,Young,user8465826@outlook.com,+1-890-727-7835,Boston,62,Active,Platinum,Credit Card,2021-05-22,2022-07-20,20,4.6,Hindi,iOS,App Store,No,20.7,Yes
3255165,Jake,Hall,user3255165@gmail.com,+1-777-686-6390,Phoenix,43,Suspended,Bronze,Credit Card,2019-01-30,2023-09-15,8,4.9,Spanish,Android,Friend Referral,No,10.07,Yes
7334757,Oscar,Williams,user7334757@proton.com,+1-504-290-2176,New York,77,Active,Bronze,App Wallet,2021-06-10,2022-12-17,10,3.0,Arabic,iOS,Organic,No,0.39,Yes
2734329,Liam,Wilson,user2734329@outlook.com,+1-404-220-9382,New York,43,Pending Verification,Gold,Promo Credit,2019-10-25,2020-05-25,5,4.6,French,Android,Corporate Deal,No,50.16,Yes
3302521,Isabella,Harris,user3302521@yahoo.com,+1-459-151-4590,Houston,27,Active,Silver,Crypto,2019-06-06,2024-11-25,6,2.7,English,iOS,Friend Referral,No,0.43,Yes
2088754,Andre,Moore,user2088754@gmail.com,+1-296-899-1113,Detroit,41,Suspended,Silver,App Wallet,2019-02-03,2022-07-03,8,3.5,English,iOS,App Store,No,0.31,Yes
4377952,Diana,Brown,user4377952@gmail.com,+1-975-404-3858,Orlando,21,Active,Bronze,Credit Card,2022-11-09,2023-08-13,75,4.5,English,Android,Social Media,No,0.55,Yes
3051657,Oscar,Smith,user3051657@gmail.com,+1-276-865-3617,New York,34,Active,Silver,App Wallet,2019-06-03,2021-06-03,8,4.5,Korean,Web,Ad Campaign,No,0.17,Yes
8437480,Andre,Anderson,user8437480@gmail.com,+1-470-773-7835,San Diego,27,Active,Bronze,Credit Card,2020-04-08,2024-02-14,4,2.6,English,iOS,Friend Referral,No,0.76,Yes
7546412,Kevin,Walker,user7546412@yahoo.com,+1-454-547-8732,Chicago,54,Active,Bronze,Credit Card,2019-05-12,2024-12-21,15,3.1,Korean,iOS,Social Media,Yes,15.06,Yes
7368570,Lily,Garcia,user7368570@outlook.com,+1-627-194-6141,Las Vegas,23,Active,Platinum,Credit Card,2019-02-12,2023-09-07,6,3.3,Spanish,Web,Corporate Deal,No,15.72,Yes
5938841,Layla,Nelson,user5938841@outlook.com,+1-265-142-1507,Austin,42,Inactive,Gold,Credit Card,2022-05-29,2022-06-27,8,2.8,French,Android,App Store,No,0.37,Yes
9337796,Yuki,Garcia,user9337796@outlook.com,+1-529-255-2946,Minneapolis,19,Active,Gold,Debit Card,2022-07-28,2022-08-15,5,4.3,French,Android,Social Media,No,20.79,Yes
3864681,Elijah,Carter,user3864681@proton.com,+1-690-909-6382,Chicago,42,Inactive,Bronze,Debit Card,2020-07-16,2022-04-06,6,3.3,English,iOS,Organic,No,0.04,Yes
4922302,Andre,Moore,user4922302@yahoo.com,+1-361-460-4538,Houston,20,Inactive,Silver,Debit Card,2022-06-04,2023-09-14,8,2.8,Spanish,iOS,Friend Referral,No,50.52,No
1351314,Tom,Jones,user1351314@proton.com,+1-485-703-6746,Detroit,54,Active,Silver,Debit Card,2022-10-17,2024-11-26,5,3.3,English,Android,Corporate Deal,No,0.23,Yes
1316971,Zoe,King,user1316971@proton.com,+1-671-385-7117,Los Angeles,48,Active,Platinum,Debit Card,2021-02-11,2022-01-22,8,3.5,English,Web,Organic,No,10.88,Yes
3113879,Aiden,Nelson,user3113879@outlook.com,+1-880-415-7930,Los Angeles,66,Active,Platinum,Corporate,2023-04-27,2023-07-23,3,4.6,Spanish,Android,Social Media,No,5.43,Yes
4433235,Diana,Davis,user4433235@proton.com,+1-359-713-7189,Boston,31,Active,Diamond,Corporate,2021-10-27,2023-08-17,30,3.8,Arabic,iOS,Organic,No,5.54,Yes
5713546,Aria,Hall,user5713546@gmail.com,+1-403-628-9494,Los Angeles,39,Active,Silver,Credit Card,2022-06-23,2024-03-06,75,3.9,English,Android,Organic,No,15.05,Yes
1765049,Oscar,Nguyen,user1765049@outlook.com,+1-409-276-2955,Seattle,38,Active,Bronze,Corporate,2020-06-26,2024-04-02,4,3.3,English,iOS,Friend Referral,No,5.07,Yes
5936022,Zoe,Miller,user5936022@proton.com,+1-860-934-5147,Detroit,36,Active,Silver,Promo Credit,2020-03-26,2021-05-23,10,3.9,English,Android,Ad Campaign,Yes,0.46,No
2791636,Lucas,Taylor,user2791636@gmail.com,+1-991-808-1557,Austin,34,Pending Verification,Gold,Credit Card,2021-07-10,2022-02-23,1,4.6,English,iOS,Ad Campaign,Yes,0.62,Yes
9502769,Andre,Miller,user9502769@yahoo.com,+1-808-462-3785,Las Vegas,42,Active,Bronze,App Wallet,2020-06-18,2021-11-24,50,3.7,Mandarin,iOS,Corporate Deal,No,10.06,Yes
7149499,David,Clark,user7149499@yahoo.com,+1-231-380-1516,Miami,21,Active,Silver,Debit Card,2019-09-30,2020-02-17,15,2.9,Arabic,iOS,Social Media,No,0.66,Yes
8371789,Emily,Garcia,user8371789@gmail.com,+1-234-919-8185,Las Vegas,33,Active,Bronze,App Wallet,2022-02-17,2023-06-21,3,4.6,English,iOS,Friend Referral,No,0.56,Yes
7119201,Liam,Torres,user7119201@yahoo.com,+1-744-743-7615,Chicago,30,Active,Silver,Promo Credit,2022-10-05,2023-09-03,8,4.4,English,iOS,Ad Campaign,Yes,15.78,Yes
9058336,Kevin,Moore,user9058336@proton.com,+1-590-630-8041,Phoenix,27,Active,Bronze,App Wallet,2022-06-27,2022-08-13,1,2.8,Mandarin,iOS,Organic,No,10.05,Yes
9154277,Noah,Nelson,user9154277@yahoo.com,+1-256-320-7340,San Francisco,75,Active,Bronze,Corporate,2020-02-24,2024-08-13,8,4.5,English,iOS,Ad Campaign,No,50.11,Yes
5270629,Kevin,Davis,user5270629@gmail.com,+1-265-868-5034,Boston,40,Active,Gold,Debit Card,2020-01-15,2022-04-29,6,4.9,English,iOS,Organic,No,0.73,Yes
1974038,Aria,Carter,user1974038@gmail.com,+1-535-430-7714,Austin,31,Active,Bronze,Debit Card,2020-10-27,2021-12-08,2,4.1,Spanish,iOS,Social Media,No,0.62,Yes
9938487,Priya,Taylor,user9938487@proton.com,+1-881-270-9928,Seattle,48,Active,Gold,Credit Card,2021-12-22,2024-02-06,2,4.5,English,Android,Ad Campaign,No,0.57,Yes
7224721,Ethan,Anderson,user7224721@proton.com,+1-954-984-4292,New York,35,Active,Bronze,Credit Card,2023-05-16,2024-11-18,3,4.3,Mandarin,Android,App Store,No,20.84,Yes
7684261,Jake,Taylor,user7684261@gmail.com,+1-941-472-3239,Orlando,37,Active,Gold,Credit Card,2019-12-23,2024-12-04,4,3.5,Arabic,Android,Social Media,No,0.33,Yes
7687574,Lucas,Brown,user7687574@outlook.com,+1-760-433-9489,Chicago,38,Active,Bronze,Credit Card,2021-04-02,2021-08-25,1,2.7,English,iOS,Organic,No,10.25,Yes
7192980,Noah,Robinson,user7192980@outlook.com,+1-699-831-4648,Nashville,47,Active,Silver,Credit Card,2023-01-04,2023-07-02,20,3.8,French,iOS,Ad Campaign,No,0.47,Yes
8436411,Logan,Smith,user8436411@proton.com,+1-552-152-9555,Phoenix,26,Active,Silver,Debit Card,2021-02-17,2022-05-26,1,3.0,Korean,Android,Friend Referral,Yes,0.72,Yes
1173326,Lily,Wright,user1173326@proton.com,+1-489-549-4523,Chicago,20,Active,Platinum,App Wallet,2019-12-20,2020-12-03,5,3.8,English,Android,Corporate Deal,Yes,5.74,Yes
7795037,Jake,Anderson,user7795037@proton.com,+1-433-659-1062,Phoenix,29,Active,Platinum,Promo Credit,2019-02-13,2022-05-07,4,3.1,English,Android,Friend Referral,No,0.71,No
5361719,Oscar,Smith,user5361719@yahoo.com,+1-822-628-9935,Dallas,26,Pending Verification,Silver,App Wallet,2020-06-10,2022-10-25,30,2.9,Korean,Android,Organic,No,0.15,Yes
2509862,Jake,Torres,user2509862@outlook.com,+1-201-626-6893,San Francisco,46,Active,Bronze,App Wallet,2020-11-28,2023-03-12,10,4.6,Mandarin,Android,Ad Campaign,No,20.21,Yes
6547155,Chloe,Walker,user6547155@outlook.com,+1-491-326-7093,San Francisco,43,Active,Platinum,Corporate,2021-10-28,2023-12-26,50,3.7,Spanish,iOS,App Store,No,0.96,Yes
8475864,Maria,Moore,user8475864@proton.com,+1-471-392-4030,New York,30,Active,Silver,Debit Card,2020-03-31,2024-11-30,6,2.6,French,Android,Corporate Deal,No,0.15,Yes
9124127,James,Mitchell,user9124127@yahoo.com,+1-842-628-8955,Houston,31,Active,Gold,App Wallet,2020-03-06,2021-08-20,30,4.2,English,Android,Friend Referral,No,20.38,Yes
1438146,Mei,Anderson,user1438146@yahoo.com,+1-857-707-8754,Orlando,19,Active,Bronze,Debit Card,2022-07-02,2023-11-13,5,4.3,English,iOS,Corporate Deal,Yes,0.44,Yes
2726985,Logan,Davis,user2726985@gmail.com,+1-278-160-9270,Orlando,28,Active,Bronze,App Wallet,2022-06-11,2022-09-07,3,5.0,English,Android,Ad Campaign,No,0.29,Yes
5097720,Oliver,Anderson,user5097720@yahoo.com,+1-282-474-7117,Miami,55,Active,Silver,Credit Card,2022-06-05,2024-06-10,0,,Spanish,iOS,App Store,No,20.94,Yes
3525706,Mason,Anderson,user3525706@outlook.com,+1-462-511-2742,Dallas,43,Active,Silver,Promo Credit,2021-03-30,2023-04-01,10,2.7,Korean,Android,Ad Campaign,No,0.58,Yes
9369038,Nina,Garcia,user9369038@yahoo.com,+1-660-806-3139,New York,60,Active,Silver,Credit Card,2021-08-24,2023-09-07,100,3.5,English,Android,Social Media,Yes,0.66,Yes
8376828,Emily,Jackson,user8376828@yahoo.com,+1-497-493-6543,San Diego,18,Active,Gold,Debit Card,2021-01-17,2021-05-02,4,4.6,English,iOS,Ad Campaign,No,0.97,Yes
7564005,James,Brown,user7564005@yahoo.com,+1-352-567-4684,Denver,32,Inactive,Bronze,Credit Card,2022-02-21,2023-03-04,4,2.8,Mandarin,iOS,Friend Referral,No,0.94,Yes
3321736,Lily,White,user3321736@outlook.com,+1-758-323-4919,Miami,43,Active,Bronze,Credit Card,2021-01-04,2024-09-01,50,4.0,English,Android,Ad Campaign,No,0.49,Yes
7742956,Diana,Moore,user7742956@gmail.com,+1-639-243-4331,New York,75,Active,Bronze,App Wallet,2022-12-27,2024-12-21,10,3.7,Spanish,Web,Ad Campaign,No,0.61,Yes
3120511,Jackson,Thomas,user3120511@outlook.com,+1-386-615-8127,Las Vegas,74,Active,Silver,Corporate,2023-01-22,2023-12-31,150,2.8,Spanish,Android,Corporate Deal,No,0.74,Yes
7928646,Liam,Davis,user7928646@gmail.com,+1-499-525-8469,New York,36,Active,Bronze,Credit Card,2021-03-02,2024-12-22,75,2.9,English,Android,Organic,No,0.88,Yes
8053983,Mohammed,Robinson,user8053983@gmail.com,+1-995-747-3843,Los Angeles,42,Inactive,Bronze,Crypto,2021-01-22,2021-04-23,1,3.7,English,Android,Organic,No,0.81,Yes
6436539,Mason,Nguyen,user6436539@outlook.com,+1-510-996-9850,Houston,34,Active,Silver,Debit Card,2021-10-11,2023-05-18,6,2.7,Korean,Web,Corporate Deal,No,0.38,Yes
8759053,Ava,Lee,user8759053@yahoo.com,+1-205-204-7115,Seattle,49,Active,Gold,Credit Card,2020-01-28,2022-02-20,8,4.6,Mandarin,Android,Organic,No,0.74,No
4835750,Zoe,Green,user4835750@outlook.com,+1-973-188-4134,Seattle,72,Active,Platinum,Credit Card,2020-01-20,2023-04-15,2,4.6,English,iOS,App Store,No,30.57,Yes
8325429,Fatima,Robinson,user8325429@yahoo.com,+1-479-717-5961,Boston,40,Active,Bronze,App Wallet,2023-03-19,2024-08-25,15,4.3,French,Android,App Store,No,0.27,No
5739107,Oliver,Wilson,user5739107@outlook.com,+1-331-828-2267,Austin,28,Active,Bronze,App Wallet,2021-12-12,2024-01-25,15,4.1,English,iOS,Friend Referral,No,0.64,Yes
6551224,Emma,White,user6551224@yahoo.com,+1-551-427-8475,Phoenix,29,Active,Silver,App Wallet,2021-05-30,2021-12-20,30,3.9,English,iOS,Friend Referral,No,15.81,Yes
3778530,Emma,Martin,user3778530@outlook.com,+1-416-602-3927,Los Angeles,44,Active,Platinum,Promo Credit,2022-03-21,2024-08-22,2,3.1,English,Web,Friend Referral,Yes,0.59,Yes
5745299,Aisha,Jackson,user5745299@outlook.com,+1-272-758-8086,Boston,68,Active,Gold,Crypto,2020-02-03,2021-10-23,0,,English,iOS,Social Media,No,0.9,Yes
8612078,James,Walker,user8612078@yahoo.com,+1-341-920-9598,Los Angeles,26,Active,Gold,Credit Card,2020-09-02,2021-10-18,5,3.9,Mandarin,Web,Corporate Deal,Yes,0.18,Yes
4929592,Kevin,King,user4929592@yahoo.com,+1-472-205-6981,Portland,47,Inactive,Bronze,Debit Card,2021-08-25,2022-12-09,3,2.8,English,iOS,Corporate Deal,No,0.05,Yes
3158637,Aria,Lewis,user3158637@yahoo.com,+1-735-743-6163,Austin,25,Active,Bronze,Corporate,2019-02-18,2021-02-22,6,4.8,Arabic,Android,Social Media,No,0.57,Yes
7149959,Ethan,Adams,user7149959@outlook.com,+1-602-875-8556,Miami,31,Suspended,Silver,App Wallet,2021-07-31,2024-08-19,30,4.6,Spanish,iOS,Corporate Deal,No,5.11,Yes
1569088,Aiden,Taylor,user1569088@yahoo.com,+1-295-387-1422,Phoenix,60,Active,Silver,App Wallet,2022-01-24,2023-12-18,4,3.3,Mandarin,iOS,Social Media,No,5.17,No
3838350,Sofia,Adams,user3838350@proton.com,+1-721-940-5985,Los Angeles,51,Active,Gold,Promo Credit,2021-05-01,2022-08-08,3,2.6,English,iOS,Corporate Deal,No,0.81,Yes
4962093,Lisa,Clark,user4962093@proton.com,+1-877-649-7857,San Diego,37,Pending Verification,Platinum,Credit Card,2022-10-13,2024-10-05,4,3.9,French,iOS,Organic,No,0.17,Yes
2980370,Mason,Taylor,user2980370@outlook.com,+1-872-892-7101,Seattle,69,Inactive,Gold,Credit Card,2020-05-27,2020-08-13,15,4.8,English,iOS,Ad Campaign,No,0.84,Yes
5291123,Sofia,Green,user5291123@yahoo.com,+1-550-655-4185,Atlanta,61,Active,Bronze,App Wallet,2021-06-16,2021-06-25,8,3.4,English,Android,Ad Campaign,Yes,10.36,Yes
2766379,Liam,Wilson,user2766379@gmail.com,+1-677-413-8376,Denver,30,Active,Gold,Promo Credit,2020-10-05,2020-11-22,8,4.9,English,Android,Ad Campaign,No,0.25,Yes
3153630,Lucas,Thomas,user3153630@proton.com,+1-318-555-6647,Seattle,49,Active,Gold,Credit Card,2021-03-03,2021-10-05,3,4.6,English,iOS,Social Media,No,0.22,Yes
8893539,Isabella,Smith,user8893539@yahoo.com,+1-223-149-2868,Portland,20,Active,Silver,Promo Credit,2022-02-05,2023-03-02,30,4.2,English,iOS,Ad Campaign,No,15.72,No
9203632,Emily,Martin,user9203632@outlook.com,+1-609-459-4687,Los Angeles,48,Active,Gold,Credit Card,2022-10-29,2023-01-08,5,2.9,English,iOS,Ad Campaign,No,10.08,Yes
4443876,Mei,Thomas,user4443876@gmail.com,+1-419-780-7781,Miami,45,Active,Bronze,Debit Card,2022-10-31,2023-12-27,20,4.1,English,Android,Corporate Deal,No,30.67,Yes
5808059,Zoe,Scott,user5808059@yahoo.com,+1-928-394-4686,New York,33,Active,Gold,App Wallet,2020-07-13,2022-03-01,4,2.6,Portuguese,iOS,Organic,No,20.46,Yes
8259968,Isabella,Clark,user8259968@yahoo.com,+1-346-233-3438,Denver,26,Active,Silver,Debit Card,2022-06-07,2022-07-12,2,4.0,Mandarin,iOS,Organic,No,20.23,Yes
2848143,Emily,Mitchell,user2848143@gmail.com,+1-662-652-4933,San Francisco,75,Active,Gold,Credit Card,2022-08-24,2023-06-05,100,4.3,English,iOS,App Store,No,0.02,No
1036134,Mei,Rodriguez,user1036134@gmail.com,+1-984-737-4498,New York,30,Active,Bronze,Debit Card,2019-10-22,2019-11-06,20,3.9,Hindi,Android,Social Media,Yes,0.63,Yes
7105389,Wei,Young,user7105389@outlook.com,+1-968-840-2185,New York,67,Active,Platinum,Credit Card,2021-04-04,2023-07-23,75,3.3,English,Android,Ad Campaign,No,0.2,Yes
1275404,Aiden,Miller,user1275404@yahoo.com,+1-727-307-9970,San Diego,31,Active,Bronze,Credit Card,2021-05-16,2024-06-26,4,4.4,Mandarin,Android,App Store,No,0.28,Yes
4008563,Logan,Taylor,user4008563@yahoo.com,+1-304-311-7281,Phoenix,64,Active,Gold,Corporate,2021-08-24,2023-11-11,3,4.6,French,iOS,App Store,No,0.76,Yes
4903840,Nina,Walker,user4903840@yahoo.com,+1-911-219-6808,Chicago,30,Active,Silver,Debit Card,2021-06-09,2021-08-05,4,3.5,English,Android,Social Media,No,0.88,Yes
6858806,Zoe,Lewis,user6858806@proton.com,+1-628-570-6818,Minneapolis,76,Inactive,Gold,App Wallet,2019-11-06,2024-12-24,3,4.3,English,Android,Friend Referral,No,0.44,Yes
4569131,Aria,Wilson,user4569131@outlook.com,+1-230-981-7984,Denver,33,Active,Silver,App Wallet,2021-01-28,2022-08-19,2,3.9,English,iOS,Ad Campaign,No,5.7,Yes
8933813,Yuki,Clark,user8933813@outlook.com,+1-759-683-4370,Seattle,66,Active,Silver,Corporate,2022-11-21,2023-03-27,1,2.8,English,iOS,Corporate Deal,No,20.46,Yes
2072406,Emma,Lee,user2072406@yahoo.com,+1-532-592-6136,Austin,22,Pending Verification,Bronze,App Wallet,2022-05-28,2024-08-02,100,3.4,Spanish,iOS,Friend Referral,No,10.79,Yes
9106733,Sofia,Jackson,user9106733@outlook.com,+1-248-246-6446,Houston,38,Active,Gold,App Wallet,2020-04-23,2021-07-15,8,4.8,English,Android,Corporate Deal,No,0.34,Yes
6709233,Ryan,Miller,user6709233@outlook.com,+1-376-944-6908,San Francisco,40,Active,Silver,Credit Card,2021-10-03,2024-07-25,30,2.6,English,Web,Ad Campaign,No,5.8,Yes
2400829,Ethan,Brown,user2400829@yahoo.com,+1-491-409-2160,Seattle,19,Active,Bronze,App Wallet,2021-04-30,2022-12-02,30,2.7,English,iOS,Ad Campaign,No,10.84,Yes
5234399,Lily,Adams,user5234399@gmail.com,+1-940-891-4823,Seattle,41,Suspended,Platinum,Credit Card,2021-11-10,2022-02-21,4,3.1,English,iOS,Organic,No,0.06,No
9438167,Oliver,Hill,user9438167@gmail.com,+1-590-746-8683,Miami,55,Active,Silver,Debit Card,2022-03-21,2023-04-22,4,4.7,English,iOS,Ad Campaign,No,0.83,Yes
9430271,Oscar,King,user9430271@outlook.com,+1-238-953-5460,San Diego,25,Inactive,Gold,Credit Card,2020-12-06,2022-03-18,30,4.5,English,Android,Corporate Deal,No,0.43,Yes
1215079,Emma,Smith,user1215079@proton.com,+1-255-983-6986,New York,30,Active,Bronze,App Wallet,2020-04-25,2020-12-17,6,5.0,Hindi,Android,Friend Referral,No,5.6,Yes
7124171,Priya,Lee,user7124171@yahoo.com,+1-412-440-7002,Chicago,63,Active,Silver,App Wallet,2023-01-06,2023-04-18,6,3.5,Mandarin,iOS,Social Media,Yes,5.79,No
6432434,Isabella,Davis,user6432434@yahoo.com,+1-425-739-1749,Las Vegas,19,Active,Gold,Credit Card,2021-12-24,2022-10-25,6,2.7,Hindi,iOS,Ad Campaign,No,0.36,Yes
5330480,Nina,Flores,user5330480@outlook.com,+1-491-819-4951,Denver,46,Active,Bronze,Debit Card,2022-12-15,2023-12-13,4,3.6,English,Android,Ad Campaign,Yes,0.15,Yes
9770348,Tom,Allen,user9770348@gmail.com,+1-592-373-1336,Los Angeles,35,Inactive,Platinum,App Wallet,2021-01-30,2023-07-10,10,4.3,Spanish,iOS,Ad Campaign,No,50.61,Yes
2514922,Ethan,Moore,user2514922@proton.com,+1-423-594-3860,Las Vegas,18,Pending Verification,Platinum,Debit Card,2021-10-17,2022-06-01,5,3.2,French,Web,Organic,Yes,0.47,Yes
2511361,Oliver,Rodriguez,user2511361@gmail.com,+1-986-785-2159,Austin,50,Active,Silver,Corporate,2021-08-01,2024-07-11,10,3.3,English,Web,App Store,No,5.06,Yes
6355072,Mason,Nguyen,user6355072@yahoo.com,+1-896-909-7592,Seattle,40,Inactive,Bronze,Debit Card,2019-09-22,2021-01-26,3,3.3,English,Android,Social Media,No,0.88,Yes
8408380,Sofia,Allen,user8408380@yahoo.com,+1-314-452-8226,Phoenix,32,Active,Silver,Promo Credit,2020-03-11,2024-08-26,10,3.9,Spanish,iOS,Corporate Deal,No,0.83,Yes
9808286,Lily,Smith,user9808286@outlook.com,+1-312-125-8545,New York,30,Pending Verification,Gold,App Wallet,2020-09-29,2022-06-26,30,3.1,English,iOS,Friend Referral,No,0.69,No
5641783,Diana,Nelson,user5641783@proton.com,+1-837-890-4887,New York,41,Active,Silver,App Wallet,2019-10-03,2024-10-02,2,2.5,English,iOS,Friend Referral,No,15.66,Yes
9946905,Layla,Johnson,user9946905@gmail.com,+1-987-971-9825,Los Angeles,35,Active,Platinum,Credit Card,2022-02-05,2022-05-10,75,4.7,English,Android,Corporate Deal,No,5.65,Yes
8946071,Ryan,Mitchell,user8946071@outlook.com,+1-246-426-4412,San Francisco,21,Active,Gold,App Wallet,2019-03-13,2020-07-29,30,3.2,Spanish,Android,App Store,No,30.37,Yes
9357000,James,Allen,user9357000@gmail.com,+1-345-258-7806,Dallas,38,Inactive,Platinum,Credit Card,2022-10-12,2023-06-13,3,4.6,Spanish,Android,Friend Referral,Yes,0.77,Yes
5613480,Noah,Jackson,user5613480@gmail.com,+1-575-457-4181,Nashville,21,Active,Bronze,Debit Card,2021-06-07,2023-01-06,4,4.2,French,Android,Ad Campaign,No,0.12,Yes
9317510,Mei,Jackson,user9317510@outlook.com,+1-418-243-3144,Houston,71,Suspended,Platinum,Credit Card,2021-08-07,2022-10-08,0,,English,iOS,Friend Referral,No,0.31,Yes
5786230,Tom,Lewis,user5786230@outlook.com,+1-923-662-6757,San Francisco,41,Active,Bronze,Corporate,2023-03-22,2023-12-26,5,4.0,Spanish,iOS,Social Media,No,0.73,No
6874348,Chloe,Walker,user6874348@outlook.com,+1-868-743-6434,Nashville,74,Active,Silver,Promo Credit,2021-12-02,2024-08-19,0,,French,iOS,Friend Referral,No,15.24,Yes
1444615,Fatima,Carter,user1444615@outlook.com,+1-525-842-4926,San Diego,42,Suspended,Silver,Credit Card,2022-04-30,2024-07-29,100,3.9,English,iOS,App Store,No,30.24,Yes
7978421,Lucas,King,user7978421@proton.com,+1-304-648-1480,Nashville,75,Active,Bronze,Debit Card,2019-03-06,2024-02-21,4,2.8,English,Web,Friend Referral,No,0.32,Yes
1194669,Zoe,Robinson,user1194669@gmail.com,+1-889-885-6886,Miami,31,Active,Bronze,Debit Card,2019-01-07,2022-11-26,15,4.4,English,iOS,App Store,Yes,50.68,Yes
8329349,Maria,Johnson,user8329349@yahoo.com,+1-687-942-3084,Miami,55,Active,Silver,Debit Card,2019-03-10,2024-04-18,5,2.9,English,iOS,Social Media,No,50.91,Yes
7840625,Fatima,Nguyen,user7840625@yahoo.com,+1-899-427-2409,Portland,35,Active,Silver,Credit Card,2019-05-12,2022-09-02,100,2.8,English,iOS,Ad Campaign,Yes,30.94,Yes
2614385,Riley,Young,user2614385@proton.com,+1-569-788-8504,Austin,34,Active,Gold,Credit Card,2020-04-21,2021-08-14,4,4.0,French,Android,Corporate Deal,No,0.02,Yes
8692987,Nina,Williams,user8692987@proton.com,+1-993-453-2144,Miami,37,Active,Platinum,Promo Credit,2023-03-26,2024-03-10,150,3.1,English,Web,Corporate Deal,Yes,5.64,No
8064877,Aria,Anderson,user8064877@proton.com,+1-396-781-5465,Chicago,39,Inactive,Bronze,Credit Card,2022-11-15,2024-05-30,6,4.6,English,Android,Social Media,Yes,0.94,Yes
9519876,Aisha,Nelson,user9519876@proton.com,+1-862-167-8235,Seattle,37,Inactive,Platinum,App Wallet,2020-02-27,2022-01-24,10,4.2,English,Android,Ad Campaign,Yes,0.28,Yes
5310686,Jackson,Robinson,user5310686@outlook.com,+1-582-440-2190,San Francisco,43,Active,Gold,Debit Card,2019-10-24,2021-07-28,4,4.0,English,Android,App Store,No,0.31,Yes
4753673,Jake,Jackson,user4753673@proton.com,+1-949-924-4175,Austin,39,Active,Silver,App Wallet,2020-07-16,2022-05-03,3,3.9,Spanish,iOS,Organic,No,30.71,Yes
5770659,Ava,White,user5770659@yahoo.com,+1-801-119-4638,Seattle,45,Active,Gold,Debit Card,2019-02-19,2020-12-08,8,3.1,English,Android,Social Media,No,0.13,Yes
6644429,Sarah,Martin,user6644429@proton.com,+1-353-992-1039,Dallas,68,Active,Silver,Credit Card,2019-12-16,2021-03-10,10,3.9,Hindi,Android,App Store,No,15.18,Yes
6698983,Lisa,Carter,user6698983@yahoo.com,+1-546-939-5998,Austin,41,Active,Bronze,Credit Card,2019-04-26,2019-11-10,4,3.0,English,iOS,Social Media,No,0.64,Yes
9980039,Mia,Lee,user9980039@proton.com,+1-790-647-3866,Seattle,43,Active,Gold,Credit Card,2022-04-19,2024-10-12,5,3.6,English,iOS,Corporate Deal,No,0.8,Yes
8243757,Logan,Nguyen,user8243757@outlook.com,+1-993-799-6274,Seattle,25,Inactive,Bronze,App Wallet,2019-01-24,2021-02-28,2,2.8,Spanish,Android,Friend Referral,No,0.81,Yes
4374045,Jake,King,user4374045@proton.com,+1-584-502-6977,Denver,28,Active,Diamond,Corporate,2021-10-20,2023-10-07,10,3.6,English,Android,Social Media,No,0.38,No
5645937,Maria,Baker,user5645937@proton.com,+1-217-203-4917,New York,22,Active,Bronze,Credit Card,2023-04-10,2024-07-03,3,3.5,English,Android,Social Media,No,0.32,Yes
7594663,Aisha,Mitchell,user7594663@gmail.com,+1-367-938-3636,Denver,72,Active,Gold,App Wallet,2022-06-27,2024-04-04,100,3.7,English,iOS,Ad Campaign,No,0.89,Yes
5736552,Grayson,Walker,user5736552@yahoo.com,+1-532-248-6475,Seattle,34,Active,Gold,Promo Credit,2020-10-30,2021-06-12,5,3.6,English,iOS,App Store,No,10.86,Yes
7828600,James,Wilson,user7828600@yahoo.com,+1-692-351-8865,Portland,30,Active,Gold,App Wallet,2022-12-03,2024-10-19,2,4.2,English,iOS,Ad Campaign,No,20.09,Yes
1573140,Oscar,Davis,user1573140@proton.com,+1-412-949-4804,San Diego,34,Active,Diamond,App Wallet,2023-05-19,2023-12-24,3,2.9,Spanish,Android,Social Media,Yes,30.56,Yes
1114884,Lily,Lewis,user1114884@yahoo.com,+1-665-907-5242,Chicago,77,Active,Bronze,Credit Card,2020-02-29,2024-08-07,75,4.7,English,Android,Organic,No,5.78,Yes
6358117,Emily,White,user6358117@yahoo.com,+1-940-628-2936,Seattle,36,Active,Diamond,Credit Card,2021-04-15,2022-07-07,5,4.6,English,Android,App Store,No,0.46,Yes
1175497,Mohammed,Flores,user1175497@outlook.com,+1-781-258-6113,Chicago,36,Active,Bronze,Debit Card,2019-02-22,2021-10-16,2,4.7,English,Android,Ad Campaign,No,20.04,Yes
6692373,Emma,Lewis,user6692373@outlook.com,+1-941-313-8453,San Francisco,22,Active,Bronze,Credit Card,2021-08-20,2023-10-11,6,4.2,English,Android,Ad Campaign,No,0.9,Yes
1314238,Nina,Carter,user1314238@gmail.com,+1-215-170-9393,Austin,33,Suspended,Bronze,Promo Credit,2020-04-30,2024-11-30,8,2.7,English,Android,Corporate Deal,No,15.95,Yes
8119759,Mia,Harris,user8119759@yahoo.com,+1-395-398-8623,Los Angeles,35,Active,Diamond,Promo Credit,2020-11-28,2023-11-02,150,3.6,English,Android,Social Media,Yes,5.06,Yes
3281691,Kevin,Moore,user3281691@gmail.com,+1-826-787-4809,Dallas,31,Active,Gold,Credit Card,2021-05-24,2023-01-09,150,4.2,Spanish,Android,Ad Campaign,No,0.8,Yes
3906155,Sofia,Green,user3906155@proton.com,+1-791-750-1654,Seattle,26,Active,Silver,App Wallet,2019-05-12,2023-01-23,6,3.6,Korean,Web,Organic,No,10.91,Yes
8503643,Fatima,Jones,user8503643@gmail.com,+1-990-789-7062,Los Angeles,18,Active,Silver,Credit Card,2021-07-30,2022-12-19,8,2.6,English,Android,Ad Campaign,No,20.25,Yes
6466327,Mia,Torres,user6466327@outlook.com,+1-806-365-3320,Seattle,35,Inactive,Silver,Credit Card,2022-03-19,2024-06-12,30,3.8,English,iOS,App Store,No,0.53,Yes
1905284,Ryan,Anderson,user1905284@proton.com,+1-514-675-9024,Phoenix,47,Active,Gold,Promo Credit,2021-07-07,2024-07-08,8,4.3,English,iOS,Social Media,No,30.35,Yes
4049654,Tom,Moore,user4049654@outlook.com,+1-318-272-9854,Denver,60,Active,Platinum,Corporate,2019-02-13,2019-06-06,0,,Spanish,Android,App Store,No,10.16,Yes
7700067,Isabella,Walker,user7700067@proton.com,+1-730-501-2620,Seattle,31,Active,Gold,Promo Credit,2020-10-09,2024-11-13,5,4.6,English,iOS,App Store,No,0.52,Yes
8271280,Aiden,Lee,user8271280@yahoo.com,+1-808-303-8105,Nashville,21,Active,Bronze,Debit Card,2022-06-13,2023-12-07,10,3.4,English,iOS,Friend Referral,No,0.74,Yes
2462436,Jake,Jones,user2462436@yahoo.com,+1-523-623-9581,San Francisco,41,Inactive,Silver,Crypto,2021-03-12,2022-05-15,1,4.3,English,iOS,Social Media,No,0.02,Yes
4241118,Yuki,Jones,user4241118@proton.com,+1-733-522-7869,Los Angeles,50,Active,Platinum,App Wallet,2022-05-14,2022-10-04,10,3.0,Spanish,Android,Social Media,Yes,0.82,Yes
3176634,Ava,Young,user3176634@outlook.com,+1-372-490-4944,San Francisco,40,Active,Silver,Debit Card,2021-10-18,2022-04-29,75,4.3,English,Android,Ad Campaign,No,15.5,Yes
6108571,Andre,Wilson,user6108571@yahoo.com,+1-899-583-2179,Las Vegas,21,Active,Bronze,App Wallet,2020-10-10,2022-01-29,5,4.1,English,Android,Organic,No,0.97,Yes
4216867,Nina,King,user4216867@yahoo.com,+1-382-155-2877,Austin,26,Active,Silver,App Wallet,2020-06-12,2024-11-19,50,4.8,English,Android,Organic,Yes,0.22,Yes
4795380,Oscar,Baker,user4795380@yahoo.com,+1-725-719-3575,Los Angeles,58,Active,Gold,Credit Card,2020-06-02,2021-08-14,8,4.9,English,iOS,Ad Campaign,Yes,0.62,Yes
1602923,Yuki,Jackson,user1602923@outlook.com,+1-892-928-9322,San Francisco,33,Suspended,Bronze,Credit Card,2021-02-09,2022-07-01,1,3.9,English,iOS,App Store,Yes,0.22,No
3551223,David,Williams,user3551223@yahoo.com,+1-487-597-4497,New York,53,Active,Bronze,App Wallet,2021-03-17,2024-11-06,8,4.9,English,Android,Friend Referral,No,0.38,No
2618782,Elijah,Miller,user2618782@yahoo.com,+1-322-530-1180,Boston,38,Active,Silver,App Wallet,2023-04-11,2023-06-23,20,4.8,Mandarin,Android,Organic,No,0.21,Yes
8788247,Maria,Johnson,user8788247@gmail.com,+1-774-635-9871,New York,28,Active,Diamond,Credit Card,2021-05-17,2024-06-21,2,3.2,Spanish,iOS,Friend Referral,No,0.8,Yes
2479921,Chloe,Lee,user2479921@outlook.com,+1-603-336-1685,Boston,22,Active,Bronze,App Wallet,2023-03-06,2023-04-05,8,2.9,English,iOS,Friend Referral,No,0.41,Yes
8589767,Mason,Anderson,user8589767@outlook.com,+1-987-934-6203,Austin,72,Active,Diamond,App Wallet,2023-02-24,2023-12-12,4,4.5,English,iOS,Corporate Deal,No,0.48,Yes
8366818,Aiden,Williams,user8366818@yahoo.com,+1-870-378-6631,Los Angeles,42,Inactive,Bronze,Debit Card,2019-02-22,2023-08-16,1,3.2,English,iOS,Friend Referral,No,10.94,Yes
3980935,Maria,Hall,user3980935@outlook.com,+1-306-334-9138,San Francisco,21,Active,Bronze,Credit Card,2019-08-12,2023-07-31,8,3.4,French,iOS,Organic,No,0.09,Yes
7983518,Sofia,Lewis,user7983518@proton.com,+1-317-105-1451,Los Angeles,32,Inactive,Bronze,Credit Card,2020-06-24,2024-02-28,4,2.9,English,iOS,Organic,No,0.69,Yes
4588190,Wei,Taylor,user4588190@yahoo.com,+1-581-815-8450,Miami,42,Active,Platinum,Corporate,2019-10-29,2022-05-17,10,3.3,English,iOS,Social Media,Yes,0.41,Yes
2202872,Riley,Allen,user2202872@yahoo.com,+1-413-256-2711,Los Angeles,30,Active,Silver,Credit Card,2019-11-06,2020-07-17,1,3.9,English,Android,App Store,No,20.98,Yes
3195950,Mohammed,Anderson,user3195950@gmail.com,+1-389-822-2919,San Francisco,29,Active,Gold,App Wallet,2023-02-26,2024-06-03,10,3.8,English,Android,Friend Referral,No,5.04,Yes
2214430,Lily,Smith,user2214430@yahoo.com,+1-500-335-8411,San Francisco,65,Pending Verification,Gold,Credit Card,2022-10-24,2023-01-18,2,3.2,English,iOS,App Store,No,0.3,Yes
3612213,Lisa,Nelson,user3612213@proton.com,+1-780-695-8029,New York,48,Active,Bronze,App Wallet,2022-11-09,2023-10-25,5,3.3,Spanish,iOS,Ad Campaign,No,15.09,No
4213350,Mohammed,Davis,user4213350@outlook.com,+1-561-509-8208,Los Angeles,23,Suspended,Gold,Credit Card,2023-01-12,2024-03-14,15,2.6,Spanish,Web,Corporate Deal,No,10.88,Yes
2491557,Emma,Mitchell,user2491557@gmail.com,+1-783-865-6742,Houston,27,Active,Bronze,Credit Card,2020-06-09,2022-07-10,50,3.1,Mandarin,Android,Friend Referral,No,0.91,Yes
7449765,Jake,Martin,user7449765@yahoo.com,+1-877-773-9540,San Diego,38,Active,Gold,Corporate,2019-10-10,2021-12-31,10,4.2,English,Android,Ad Campaign,No,15.07,Yes
8642207,Maria,Jackson,user8642207@proton.com,+1-650-279-7094,San Francisco,47,Active,Bronze,App Wallet,2021-08-09,2024-01-03,8,4.3,Portuguese,Android,Corporate Deal,No,0.82,Yes
3957032,Mason,Hall,user3957032@gmail.com,+1-505-173-3133,Dallas,74,Active,Bronze,Debit Card,2021-12-26,2022-07-30,20,4.5,English,iOS,Social Media,No,0.79,Yes
9583352,Jackson,Hall,user9583352@gmail.com,+1-278-725-6959,Miami,24,Inactive,Bronze,Corporate,2022-08-22,2023-12-23,10,2.9,English,Android,Social Media,No,30.86,No
2322842,Sarah,King,user2322842@yahoo.com,+1-684-527-5066,San Francisco,31,Active,Bronze,Credit Card,2021-12-09,2024-07-16,20,4.3,English,Android,App Store,No,0.63,Yes
9253855,Riley,Young,user9253855@proton.com,+1-765-746-5080,Seattle,26,Active,Gold,App Wallet,2022-07-02,2022-11-20,3,4.5,French,iOS,Corporate Deal,No,10.12,Yes
4510089,Nina,Adams,user4510089@proton.com,+1-628-726-4591,Denver,44,Active,Bronze,Credit Card,2022-09-02,2023-08-02,10,4.7,English,iOS,App Store,No,10.34,Yes
8535474,Isabella,Taylor,user8535474@yahoo.com,+1-700-326-8265,Chicago,36,Active,Silver,Credit Card,2021-07-22,2024-10-13,5,2.8,English,iOS,Organic,Yes,0.71,Yes
6986028,Ava,Jones,user6986028@outlook.com,+1-285-556-3968,Miami,38,Active,Diamond,Credit Card,2021-04-20,2021-12-18,2,2.9,Portuguese,iOS,Organic,No,0.57,Yes
1378095,Layla,Adams,user1378095@outlook.com,+1-581-628-5100,Portland,32,Pending Verification,Silver,Credit Card,2020-11-20,2024-08-26,10,4.1,Spanish,iOS,Social Media,No,15.7,Yes
9469947,Aiden,Hill,user9469947@gmail.com,+1-971-449-5311,Boston,22,Inactive,Silver,Promo Credit,2021-07-30,2021-11-21,5,3.3,English,Android,App Store,No,0.5,Yes
3962862,Mason,Williams,user3962862@yahoo.com,+1-961-182-9634,San Diego,32,Active,Gold,Corporate,2019-02-12,2022-06-13,20,2.9,Korean,Android,Social Media,No,30.82,Yes
4637417,Andre,Scott,user4637417@proton.com,+1-430-583-4307,Los Angeles,40,Inactive,Silver,App Wallet,2020-10-18,2021-08-27,3,4.2,Mandarin,Android,Social Media,No,0.16,Yes
3600645,Diana,Clark,user3600645@proton.com,+1-958-322-8162,Portland,71,Suspended,Silver,Credit Card,2020-04-21,2023-07-06,4,4.9,English,Android,App Store,No,0.57,Yes
3821463,Emily,Torres,user3821463@yahoo.com,+1-969-684-9969,Houston,64,Active,Platinum,Crypto,2021-08-22,2024-01-10,15,4.2,English,iOS,Social Media,No,0.62,Yes
8544672,Tom,Johnson,user8544672@outlook.com,+1-778-587-4647,San Francisco,40,Active,Silver,Corporate,2022-05-28,2024-08-01,1,2.6,Spanish,Android,Friend Referral,No,10.58,Yes
9317875,Aria,Taylor,user9317875@yahoo.com,+1-302-793-4454,Houston,25,Active,Bronze,App Wallet,2020-10-24,2022-06-15,4,4.0,English,Android,Corporate Deal,Yes,0.52,Yes
1136785,Emma,Carter,user1136785@proton.com,+1-398-674-5496,Chicago,43,Active,Diamond,Credit Card,2020-07-29,2022-01-18,5,3.7,Spanish,iOS,Organic,No,10.3,Yes
8154750,Ethan,Robinson,user8154750@gmail.com,+1-736-246-3372,Denver,51,Active,Silver,App Wallet,2021-01-19,2021-05-17,6,3.0,English,iOS,App Store,No,15.19,No
6641043,David,Adams,user6641043@proton.com,+1-753-617-5854,Portland,36,Active,Platinum,Credit Card,2020-06-24,2021-03-16,5,3.3,English,iOS,Corporate Deal,No,0.21,Yes
2375010,Sarah,Carter,user2375010@gmail.com,+1-333-118-3770,San Diego,64,Active,Silver,Credit Card,2020-06-07,2023-07-20,6,2.6,English,Android,Organic,No,0.09,Yes
8253145,Emily,Harris,user8253145@gmail.com,+1-542-302-4094,San Francisco,19,Inactive,Bronze,App Wallet,2021-06-08,2022-11-01,4,3.7,French,Web,Social Media,Yes,10.06,Yes
4837339,Jake,Martin,user4837339@proton.com,+1-524-435-6280,Detroit,69,Active,Bronze,Debit Card,2021-01-28,2022-04-04,200,3.1,English,iOS,App Store,No,0.26,Yes
4709699,Carlos,Clark,user4709699@gmail.com,+1-776-379-8260,Phoenix,26,Active,Silver,App Wallet,2019-12-26,2021-12-16,10,2.8,Hindi,iOS,App Store,No,5.39,Yes
9793588,Oscar,Johnson,user9793588@proton.com,+1-218-617-3163,Phoenix,28,Active,Diamond,App Wallet,2022-06-22,2023-02-15,5,3.9,Mandarin,iOS,App Store,No,0.16,Yes
5983404,Mei,Martinez,user5983404@gmail.com,+1-897-953-5794,Austin,23,Suspended,Bronze,App Wallet,2019-09-29,2019-12-24,6,5.0,Arabic,iOS,Friend Referral,No,10.57,No
8094260,Carlos,Johnson,user8094260@proton.com,+1-771-864-2751,Los Angeles,31,Active,Silver,Crypto,2019-10-25,2020-09-05,10,4.0,Spanish,Web,Social Media,No,0.19,No
9028212,Sofia,Garcia,user9028212@yahoo.com,+1-647-458-8348,Dallas,30,Active,Silver,Corporate,2021-06-22,2024-05-04,8,2.8,Portuguese,Android,Organic,No,0.21,Yes
4507394,Noah,Lee,user4507394@outlook.com,+1-769-344-4395,Seattle,23,Active,Silver,Promo Credit,2021-04-10,2024-10-14,3,4.5,Korean,iOS,Friend Referral,No,10.03,Yes
2767413,Logan,Mitchell,user2767413@proton.com,+1-310-993-3990,Houston,18,Active,Bronze,Credit Card,2021-03-19,2022-02-05,2,4.4,French,iOS,Friend Referral,No,5.53,Yes
1509919,Mei,Jackson,user1509919@proton.com,+1-230-216-4974,Los Angeles,59,Active,Silver,App Wallet,2020-01-03,2021-10-25,20,4.1,English,Android,Corporate Deal,No,30.73,No
5566039,Lily,Martinez,user5566039@yahoo.com,+1-576-583-1951,San Francisco,27,Inactive,Gold,Crypto,2022-08-15,2024-04-12,4,2.7,Mandarin,Android,Organic,No,0.83,Yes
1716864,Sarah,Flores,user1716864@gmail.com,+1-883-191-3524,Denver,37,Active,Silver,Credit Card,2023-04-16,2024-05-05,50,4.9,Portuguese,iOS,Friend Referral,No,0.88,Yes
2701761,Jake,Flores,user2701761@yahoo.com,+1-894-789-6034,Seattle,29,Inactive,Silver,App Wallet,2019-01-29,2023-11-19,200,4.0,Korean,iOS,Social Media,Yes,0.74,No
1419315,Kevin,Smith,user1419315@outlook.com,+1-508-684-3479,Orlando,43,Active,Bronze,Credit Card,2019-11-20,2023-07-22,2,3.0,Spanish,iOS,App Store,No,15.72,Yes
6294532,Liam,Hill,user6294532@proton.com,+1-620-691-9712,Miami,48,Inactive,Gold,Credit Card,2021-10-14,2024-11-27,50,3.8,English,iOS,Social Media,No,30.74,No
4348619,Jackson,Young,user4348619@gmail.com,+1-668-978-3982,Los Angeles,34,Active,Diamond,Credit Card,2022-09-25,2024-04-05,6,4.8,Mandarin,Android,Friend Referral,No,0.13,Yes
9369259,Carlos,Hall,user9369259@yahoo.com,+1-804-854-9863,San Diego,72,Active,Gold,Promo Credit,2019-06-01,2024-09-04,3,2.9,English,Android,Organic,Yes,0.83,Yes
8156470,Lily,Young,user8156470@yahoo.com,+1-830-769-5042,Detroit,38,Active,Gold,Credit Card,2021-08-19,2021-10-21,8,2.7,English,iOS,Corporate Deal,No,0.22,Yes
7521974,Isabella,Carter,user7521974@gmail.com,+1-498-723-3788,Dallas,72,Active,Gold,Credit Card,2019-09-28,2024-05-15,3,2.9,English,iOS,Friend Referral,No,20.68,Yes
1702781,Elijah,Allen,user1702781@proton.com,+1-276-974-4263,San Diego,31,Suspended,Silver,Credit Card,2021-12-05,2022-09-12,2,4.7,Portuguese,iOS,Organic,No,0.16,Yes
7479904,Riley,Nguyen,user7479904@outlook.com,+1-564-867-2761,San Diego,24,Active,Gold,Debit Card,2023-04-15,2023-11-10,8,2.8,Spanish,iOS,Organic,No,15.16,Yes
7999594,Andre,Johnson,user7999594@yahoo.com,+1-304-719-7995,Houston,55,Active,Gold,Credit Card,2021-04-17,2021-10-11,3,5.0,Arabic,Android,Friend Referral,No,15.41,Yes
5841985,David,Martinez,user5841985@proton.com,+1-857-517-2662,San Francisco,44,Inactive,Bronze,Debit Card,2019-08-12,2023-08-06,2,3.3,Spanish,iOS,Corporate Deal,No,0.4,Yes
3310112,Carlos,Baker,user3310112@gmail.com,+1-774-821-4222,Chicago,33,Active,Gold,Debit Card,2020-03-12,2023-07-13,20,3.2,Mandarin,iOS,App Store,No,0.68,No
8686861,Diana,Davis,user8686861@proton.com,+1-531-769-1920,New York,26,Active,Bronze,Corporate,2019-05-16,2024-06-09,3,4.7,Mandarin,iOS,App Store,No,0.1,Yes
9273827,Ryan,Carter,user9273827@gmail.com,+1-791-958-3221,Orlando,26,Inactive,Bronze,Corporate,2021-02-21,2021-05-14,75,3.9,Korean,Android,Social Media,No,5.86,Yes
1786608,Chloe,Hall,user1786608@yahoo.com,+1-793-624-2444,Denver,21,Inactive,Gold,Credit Card,2020-12-19,2023-07-20,4,2.9,English,Android,App Store,No,0.2,Yes
1674635,David,Hill,user1674635@gmail.com,+1-230-270-8447,Las Vegas,47,Suspended,Platinum,Credit Card,2019-04-08,2024-11-16,1,2.6,Mandarin,Android,Ad Campaign,No,0.11,Yes
2301436,Kevin,Baker,user2301436@outlook.com,+1-985-893-5400,Phoenix,64,Active,Bronze,Credit Card,2023-03-20,2023-06-27,15,4.1,English,iOS,Ad Campaign,Yes,0.36,Yes
7832165,Mei,Hall,user7832165@yahoo.com,+1-287-947-5467,Los Angeles,58,Active,Silver,Credit Card,2022-04-14,2024-01-05,8,3.0,Spanish,iOS,Ad Campaign,No,0.3,Yes
4382990,Oscar,Martin,user4382990@gmail.com,+1-967-316-4214,Portland,31,Active,Bronze,Debit Card,2019-03-01,2020-11-01,15,4.7,Korean,Android,Organic,No,0.16,Yes
1026888,Sarah,Jones,user1026888@yahoo.com,+1-432-589-7471,Chicago,39,Active,Gold,Credit Card,2022-05-30,2024-04-06,10,4.3,French,iOS,Friend Referral,No,10.77,Yes
5967298,Aisha,Young,user5967298@outlook.com,+1-820-349-9869,Portland,29,Active,Silver,Credit Card,2019-08-15,2022-08-08,20,3.1,Korean,iOS,Corporate Deal,Yes,0.16,Yes
7628665,Layla,Rodriguez,user7628665@proton.com,+1-789-544-3503,San Diego,66,Active,Silver,Debit Card,2022-12-08,2024-11-17,4,3.3,English,iOS,App Store,No,0.24,Yes
7436387,Emma,Green,user7436387@yahoo.com,+1-475-567-6782,Detroit,44,Inactive,Platinum,Credit Card,2020-04-01,2022-07-22,6,4.3,Spanish,Android,Ad Campaign,Yes,0.11,Yes
6612773,Priya,Martinez,user6612773@gmail.com,+1-477-217-8852,Denver,70,Active,Diamond,Credit Card,2022-11-15,2023-12-22,50,4.8,English,Android,Ad Campaign,No,10.02,Yes
8429037,Elijah,Flores,user8429037@gmail.com,+1-764-747-6864,San Francisco,22,Active,Gold,Credit Card,2021-01-01,2023-03-20,5,3.4,English,Android,App Store,No,0.99,Yes
2398831,Carlos,Davis,user2398831@yahoo.com,+1-799-433-4038,Chicago,49,Suspended,Bronze,Debit Card,2021-01-31,2023-09-07,5,3.3,English,Android,Corporate Deal,No,0.48,Yes
6310888,Andre,Wilson,user6310888@outlook.com,+1-957-752-4618,Nashville,40,Active,Silver,App Wallet,2022-03-29,2022-09-15,5,3.4,Portuguese,Android,Social Media,No,0.75,Yes
4722416,Mia,Thomas,user4722416@proton.com,+1-667-950-6708,Seattle,48,Active,Bronze,Credit Card,2022-11-17,2023-06-27,6,2.5,Spanish,Android,Corporate Deal,No,0.13,Yes
4940077,Jackson,Moore,user4940077@proton.com,+1-893-703-6075,San Francisco,45,Active,Diamond,Crypto,2019-08-28,2020-03-18,5,3.3,English,iOS,Corporate Deal,Yes,10.18,Yes
1753132,David,Jackson,user1753132@outlook.com,+1-537-273-7784,Detroit,39,Active,Bronze,Debit Card,2021-12-03,2024-10-08,3,2.7,French,Android,Organic,Yes,0.22,No
4933914,Mohammed,Moore,user4933914@gmail.com,+1-228-875-8766,Phoenix,41,Active,Silver,Debit Card,2022-07-28,2024-10-23,4,3.8,English,iOS,Corporate Deal,No,0.94,Yes
4435068,Oliver,Martinez,user4435068@yahoo.com,+1-299-166-6673,Boston,32,Active,Bronze,Corporate,2020-10-13,2024-07-11,4,3.6,Spanish,iOS,Corporate Deal,No,0.22,Yes
6287733,Ava,Johnson,user6287733@outlook.com,+1-844-500-2984,Austin,28,Active,Bronze,Credit Card,2023-01-31,2023-11-12,5,4.4,Spanish,Android,Social Media,No,0.69,Yes
2327425,Lucas,Jackson,user2327425@outlook.com,+1-610-315-2502,Chicago,40,Active,Silver,App Wallet,2022-02-16,2023-12-15,1,4.6,English,iOS,Friend Referral,No,5.72,Yes
4302422,Emily,Jones,user4302422@yahoo.com,+1-243-893-9541,New York,70,Active,Silver,App Wallet,2020-07-22,2023-06-19,10,4.8,English,Android,Friend Referral,No,5.98,Yes
4595231,Mia,Martinez,user4595231@yahoo.com,+1-519-227-8529,Seattle,34,Inactive,Silver,Credit Card,2020-06-09,2024-09-26,10,4.8,English,iOS,Ad Campaign,Yes,10.35,No
9126775,Maria,Smith,user9126775@yahoo.com,+1-943-202-5659,Austin,32,Active,Bronze,App Wallet,2021-09-02,2022-09-04,20,3.8,English,Android,Organic,No,0.26,Yes
4155116,Aiden,Green,user4155116@proton.com,+1-721-241-7251,San Diego,32,Active,Silver,Credit Card,2020-11-24,2023-10-26,50,2.9,Spanish,iOS,Friend Referral,No,0.84,Yes
2161701,Mason,Walker,user2161701@yahoo.com,+1-742-146-5380,Boston,36,Active,Silver,Credit Card,2022-02-16,2022-04-07,8,4.4,English,Android,Friend Referral,Yes,20.52,Yes
4090285,Carlos,Nguyen,user4090285@gmail.com,+1-441-958-6302,Chicago,70,Suspended,Silver,Crypto,2020-07-03,2022-11-27,4,4.1,Spanish,iOS,Social Media,No,0.9,Yes
8732212,Mei,Robinson,user8732212@yahoo.com,+1-976-478-8209,San Francisco,35,Active,Silver,Debit Card,2020-11-18,2024-11-23,5,4.3,English,Android,Ad Campaign,Yes,0.83,Yes
8132150,Ethan,Martin,user8132150@gmail.com,+1-868-491-4304,Dallas,36,Active,Bronze,Credit Card,2020-07-07,2023-02-26,20,2.7,Spanish,iOS,Ad Campaign,No,0.1,Yes
7999908,Aiden,Williams,user7999908@gmail.com,+1-240-966-2972,San Francisco,18,Pending Verification,Gold,Credit Card,2022-01-14,2022-10-25,3,4.8,English,Android,Organic,No,0.84,Yes
5880868,Chloe,Carter,user5880868@proton.com,+1-499-142-1413,Los Angeles,29,Active,Bronze,App Wallet,2020-07-11,2021-12-08,10,4.1,English,Web,Organic,Yes,20.59,No
5057126,Mason,Lee,user5057126@yahoo.com,+1-938-254-6404,Las Vegas,40,Active,Bronze,App Wallet,2022-11-20,2024-01-24,5,4.6,English,Android,Organic,No,10.91,Yes
5719718,Aisha,Robinson,user5719718@proton.com,+1-970-737-5955,Austin,39,Active,Silver,Credit Card,2021-11-23,2022-01-08,3,3.9,French,Web,Friend Referral,No,0.96,Yes
7441997,Liam,Baker,user7441997@outlook.com,+1-983-221-8802,San Francisco,37,Active,Gold,Credit Card,2019-08-10,2022-08-16,4,4.9,English,Android,Friend Referral,No,0.17,Yes
8718943,Riley,Allen,user8718943@outlook.com,+1-626-261-4371,Los Angeles,66,Active,Platinum,Credit Card,2022-02-18,2024-05-25,30,4.2,English,Android,App Store,No,0.73,Yes
5673813,Chloe,Moore,user5673813@gmail.com,+1-825-701-3090,Orlando,70,Active,Platinum,Credit Card,2021-08-28,2022-03-16,5,4.1,Hindi,iOS,Ad Campaign,No,0.37,No
1724474,Mason,Miller,user1724474@proton.com,+1-594-630-5466,Austin,26,Active,Bronze,Credit Card,2022-11-13,2024-12-14,4,4.7,English,iOS,Corporate Deal,No,0.51,No
7785400,Aisha,Garcia,user7785400@yahoo.com,+1-250-433-1059,Atlanta,46,Active,Gold,Credit Card,2020-03-14,2020-07-22,10,3.9,Spanish,Web,Corporate Deal,No,30.01,Yes
4096158,Tom,Allen,user4096158@proton.com,+1-442-313-8148,Seattle,25,Active,Bronze,Credit Card,2022-09-24,2024-03-19,30,2.8,English,Android,Ad Campaign,No,0.1,Yes
3722870,Chloe,Carter,user3722870@gmail.com,+1-332-427-8643,Denver,74,Active,Bronze,Credit Card,2019-02-05,2022-02-21,1,4.2,English,Android,Ad Campaign,Yes,0.64,Yes
3767329,Liam,Taylor,user3767329@yahoo.com,+1-579-553-1818,San Diego,33,Active,Silver,Credit Card,2020-09-27,2021-02-07,0,,Spanish,iOS,Organic,No,0.09,Yes
6372521,Chloe,Rodriguez,user6372521@yahoo.com,+1-635-957-5599,New York,30,Active,Silver,Credit Card,2020-04-13,2021-12-26,5,3.2,Arabic,iOS,Ad Campaign,No,5.49,Yes
6119808,Aisha,Moore,user6119808@yahoo.com,+1-503-847-4432,Phoenix,47,Inactive,Gold,App Wallet,2022-07-15,2022-10-28,5,4.6,Mandarin,iOS,Organic,No,0.75,No
6422324,Aria,Scott,user6422324@gmail.com,+1-975-295-1214,Detroit,54,Suspended,Gold,Debit Card,2022-07-13,2023-01-26,100,4.1,Spanish,Android,Social Media,No,0.96,Yes
4324705,Mason,Clark,user4324705@yahoo.com,+1-296-233-3700,Austin,34,Active,Gold,Credit Card,2022-05-10,2023-03-25,8,2.9,Portuguese,iOS,Corporate Deal,No,0.25,Yes
4555648,Yuki,Young,user4555648@yahoo.com,+1-963-201-9072,Las Vegas,32,Active,Silver,App Wallet,2019-01-21,2021-11-10,10,2.9,Portuguese,iOS,Ad Campaign,No,0.36,Yes
3883645,Isabella,Walker,user3883645@outlook.com,+1-570-393-6662,Atlanta,50,Active,Bronze,Credit Card,2019-12-12,2019-12-15,20,3.4,English,iOS,Social Media,No,10.26,Yes
6254177,Emma,Rodriguez,user6254177@yahoo.com,+1-715-792-1609,Seattle,60,Active,Diamond,Debit Card,2023-04-05,2024-01-25,2,3.5,English,iOS,App Store,No,5.38,Yes
6837635,Noah,Harris,user6837635@outlook.com,+1-315-586-7554,Los Angeles,44,Active,Bronze,Credit Card,2020-09-16,2023-05-24,8,2.8,Korean,iOS,Social Media,No,0.58,Yes
3308235,Sofia,Allen,user3308235@yahoo.com,+1-918-359-7984,Austin,29,Active,Gold,Debit Card,2022-03-27,2022-05-05,100,4.9,Spanish,Web,Ad Campaign,No,0.27,Yes
1406176,Jake,Williams,user1406176@outlook.com,+1-703-857-4338,Seattle,40,Active,Diamond,Promo Credit,2021-01-20,2022-04-07,3,2.5,English,Android,Friend Referral,No,0.27,Yes
4680632,Priya,White,user4680632@gmail.com,+1-528-503-1690,Nashville,19,Suspended,Bronze,Credit Card,2021-07-27,2021-10-03,4,3.6,Mandarin,iOS,App Store,No,0.68,Yes
7979186,Isabella,Hill,user7979186@outlook.com,+1-484-959-9856,Houston,37,Active,Bronze,App Wallet,2022-01-16,2024-04-17,10,2.9,English,Android,Corporate Deal,No,10.53,Yes
4660409,Mei,Miller,user4660409@yahoo.com,+1-739-866-4754,Austin,21,Active,Silver,Promo Credit,2020-05-29,2022-08-31,6,2.8,Spanish,Android,App Store,No,0.25,Yes
4395640,Yuki,Lee,user4395640@yahoo.com,+1-347-544-1976,Houston,32,Suspended,Bronze,Credit Card,2023-02-24,2023-05-19,30,4.3,English,iOS,Organic,No,0.55,No
9441375,Layla,Smith,user9441375@gmail.com,+1-807-941-5452,Las Vegas,35,Active,Platinum,App Wallet,2023-02-25,2023-11-03,5,3.8,Spanish,Android,Friend Referral,No,0.32,Yes
8036820,Oliver,Johnson,user8036820@outlook.com,+1-585-508-2970,Portland,56,Active,Silver,App Wallet,2021-06-17,2024-01-22,20,2.6,English,iOS,Corporate Deal,No,10.13,Yes
8208527,Chloe,King,user8208527@proton.com,+1-309-168-3652,Phoenix,45,Active,Silver,Promo Credit,2022-08-05,2023-11-17,10,4.6,English,iOS,App Store,No,10.93,Yes
1796050,Layla,Robinson,user1796050@gmail.com,+1-318-580-9704,Houston,28,Inactive,Gold,Corporate,2020-02-18,2021-12-16,100,4.7,Mandarin,Android,Organic,No,5.38,Yes
6075305,Grayson,Adams,user6075305@yahoo.com,+1-211-206-5912,New York,44,Active,Silver,Credit Card,2022-08-19,2024-05-24,50,2.5,English,iOS,Ad Campaign,No,0.03,Yes
5611894,Sarah,Carter,user5611894@yahoo.com,+1-206-390-7177,Denver,23,Inactive,Silver,Promo Credit,2020-04-08,2024-08-26,10,4.4,English,Android,Social Media,No,30.47,Yes
9330153,Emma,Rodriguez,user9330153@proton.com,+1-347-815-6692,Denver,30,Suspended,Gold,Credit Card,2022-04-12,2024-09-05,50,4.1,Arabic,Android,Friend Referral,No,10.97,Yes
5772455,David,Flores,user5772455@proton.com,+1-978-787-1287,San Francisco,28,Inactive,Gold,App Wallet,2020-08-01,2020-08-16,6,4.8,English,iOS,Social Media,No,0.87,Yes
2987627,Noah,Carter,user2987627@proton.com,+1-320-158-5221,Los Angeles,25,Inactive,Bronze,Credit Card,2020-07-04,2024-06-06,5,5.0,Spanish,Android,Ad Campaign,No,0.18,Yes
5081171,Nina,Martin,user5081171@gmail.com,+1-837-882-3969,Austin,42,Suspended,Silver,Debit Card,2020-10-18,2023-04-24,8,2.8,Spanish,Android,Social Media,No,0.27,Yes
5957384,Fatima,Nelson,user5957384@outlook.com,+1-298-757-5752,Las Vegas,35,Pending Verification,Gold,App Wallet,2021-05-15,2022-10-01,15,3.7,English,iOS,Friend Referral,No,0.05,Yes
3697801,Oscar,Robinson,user3697801@outlook.com,+1-738-875-6262,Denver,29,Inactive,Gold,Debit Card,2023-04-03,2024-04-18,6,3.1,English,iOS,App Store,No,0.88,Yes
3950076,Ava,Williams,user3950076@proton.com,+1-753-311-1492,Chicago,39,Active,Bronze,Crypto,2022-08-27,2022-12-16,3,2.9,Spanish,iOS,Friend Referral,No,0.97,Yes
1030012,Logan,King,user1030012@proton.com,+1-632-686-9868,San Francisco,35,Active,Gold,Credit Card,2020-05-20,2024-06-28,20,3.8,Arabic,Android,Ad Campaign,No,0.1,Yes
4904608,Aisha,White,user4904608@yahoo.com,+1-834-329-4452,Los Angeles,54,Active,Platinum,Credit Card,2020-09-10,2020-12-01,150,3.0,Spanish,Android,Ad Campaign,No,0.85,No
8879459,Mei,Robinson,user8879459@yahoo.com,+1-420-126-5275,Austin,34,Active,Platinum,Credit Card,2022-08-11,2023-01-17,10,4.0,Spanish,Android,App Store,No,15.84,Yes
7187398,Diana,Moore,user7187398@yahoo.com,+1-588-918-3677,Chicago,47,Active,Silver,Credit Card,2021-05-16,2024-09-10,75,4.1,English,iOS,Ad Campaign,No,0.6,Yes
8931128,Mason,Brown,user8931128@yahoo.com,+1-246-890-7224,Austin,71,Active,Bronze,App Wallet,2019-04-13,2021-05-20,6,4.3,French,iOS,Ad Campaign,No,0.31,Yes
3572252,Fatima,Martinez,user3572252@proton.com,+1-360-239-9409,Seattle,42,Active,Platinum,Credit Card,2022-01-09,2024-09-17,4,3.0,Spanish,iOS,Social Media,No,0.66,Yes
3719378,Isabella,Clark,user3719378@yahoo.com,+1-699-981-8787,Chicago,37,Active,Bronze,Credit Card,2021-04-02,2024-02-24,3,3.4,English,iOS,Ad Campaign,No,5.18,Yes
7643777,Emily,Flores,user7643777@gmail.com,+1-637-143-2764,Los Angeles,36,Active,Bronze,Debit Card,2020-09-14,2023-02-22,2,4.6,English,Web,Friend Referral,Yes,5.94,Yes
9240881,Ryan,Miller,user9240881@outlook.com,+1-286-543-7231,San Francisco,31,Active,Bronze,Credit Card,2019-10-19,2024-06-09,15,4.9,English,Web,Social Media,No,10.44,Yes
4306618,Elijah,Wright,user4306618@proton.com,+1-319-653-4190,Seattle,67,Active,Silver,App Wallet,2019-01-10,2024-04-13,8,3.6,English,Android,Corporate Deal,No,0.87,Yes
4282927,Chloe,Miller,user4282927@outlook.com,+1-617-958-8259,San Francisco,31,Active,Platinum,Debit Card,2021-10-07,2024-06-26,200,4.3,Hindi,Android,Ad Campaign,Yes,0.52,Yes
8430665,Lily,Garcia,user8430665@proton.com,+1-222-980-5218,Phoenix,38,Active,Bronze,App Wallet,2021-06-22,2021-08-05,5,2.9,Hindi,Android,Corporate Deal,No,0.86,Yes
9176583,Logan,Garcia,user9176583@gmail.com,+1-902-653-8691,Dallas,29,Active,Gold,App Wallet,2020-04-22,2020-05-03,6,4.6,Arabic,iOS,App Store,No,0.36,No
8964684,Ryan,Flores,user8964684@yahoo.com,+1-233-543-6099,Austin,55,Active,Platinum,Credit Card,2020-01-05,2023-11-26,8,4.2,Spanish,iOS,App Store,No,0.95,Yes
2944923,Mei,Mitchell,user2944923@gmail.com,+1-580-101-5832,Los Angeles,31,Active,Silver,Corporate,2023-01-17,2023-03-15,5,5.0,English,iOS,Social Media,No,0.62,Yes
1706629,Carlos,Clark,user1706629@proton.com,+1-509-919-3890,Houston,29,Active,Platinum,App Wallet,2022-10-20,2024-12-19,8,2.8,Mandarin,Web,Friend Referral,No,20.38,Yes
2464663,Ava,Lee,user2464663@outlook.com,+1-757-919-3890,San Francisco,53,Active,Silver,Credit Card,2020-08-05,2021-05-13,10,3.7,English,Android,App Store,No,0.02,Yes
9956367,Emma,Mitchell,user9956367@proton.com,+1-721-916-1989,San Francisco,42,Active,Bronze,App Wallet,2022-05-18,2024-09-30,6,4.2,Spanish,Android,Organic,No,20.63,Yes
6464416,Mohammed,Clark,user6464416@outlook.com,+1-853-144-4537,New York,38,Active,Bronze,App Wallet,2019-04-13,2023-04-27,4,3.7,English,Android,Friend Referral,No,0.25,Yes
8364052,Diana,White,user8364052@yahoo.com,+1-445-598-4184,Detroit,42,Pending Verification,Silver,Promo Credit,2021-05-16,2021-08-14,6,5.0,English,iOS,Corporate Deal,No,20.2,Yes
8324292,Emma,Torres,user8324292@gmail.com,+1-629-218-9008,Seattle,40,Active,Bronze,Credit Card,2019-05-19,2024-02-13,30,2.9,Spanish,iOS,Ad Campaign,No,0.72,Yes
9184946,Sarah,Mitchell,user9184946@yahoo.com,+1-487-223-3786,New York,25,Active,Diamond,Credit Card,2019-07-29,2023-11-11,15,4.2,Spanish,iOS,Corporate Deal,No,0.41,Yes
5157271,Zoe,Nelson,user5157271@gmail.com,+1-685-497-1426,Austin,37,Active,Gold,App Wallet,2021-04-26,2022-10-05,10,4.7,English,Android,Ad Campaign,No,0.73,Yes
5424575,Noah,Garcia,user5424575@yahoo.com,+1-736-195-3680,Houston,46,Active,Gold,Crypto,2019-05-03,2022-10-06,8,4.5,Mandarin,Web,Ad Campaign,No,50.52,Yes
6337414,Logan,Walker,user6337414@outlook.com,+1-345-948-4184,Orlando,30,Active,Silver,Corporate,2019-02-24,2024-07-11,15,2.6,Mandarin,iOS,Organic,No,0.01,Yes
5256817,Mohammed,Davis,user5256817@proton.com,+1-629-161-1604,San Francisco,31,Active,Gold,Credit Card,2022-05-22,2023-12-23,6,4.1,Hindi,Web,App Store,No,10.47,No
8492008,Aisha,Williams,user8492008@proton.com,+1-638-384-6628,Denver,38,Active,Bronze,App Wallet,2019-10-14,2022-05-17,5,3.9,Hindi,iOS,Friend Referral,No,0.96,Yes
3535502,Kevin,Adams,user3535502@gmail.com,+1-761-662-3907,Austin,32,Active,Bronze,Credit Card,2021-09-05,2023-12-06,1,3.8,Korean,iOS,Ad Campaign,No,10.47,Yes
7782697,Mason,Robinson,user7782697@proton.com,+1-362-684-7525,Portland,77,Active,Silver,App Wallet,2020-03-02,2020-10-19,30,2.8,English,Android,Social Media,No,0.41,Yes
1060032,Wei,Lee,user1060032@yahoo.com,+1-592-789-2019,Seattle,73,Active,Bronze,Debit Card,2019-03-08,2022-12-16,5,3.9,French,Web,Ad Campaign,No,0.56,Yes
9839097,Logan,Flores,user9839097@outlook.com,+1-664-323-2542,Denver,25,Active,Gold,Credit Card,2023-01-19,2023-04-30,5,2.8,English,iOS,App Store,No,0.88,No
2004089,James,Harris,user2004089@proton.com,+1-461-158-5860,Seattle,32,Active,Gold,Credit Card,2019-07-15,2020-07-22,1,4.7,Spanish,iOS,Friend Referral,No,0.6,Yes
4017995,Emily,Wright,user4017995@yahoo.com,+1-214-977-6595,Detroit,30,Inactive,Bronze,App Wallet,2022-09-22,2023-05-25,1,3.6,English,iOS,Friend Referral,No,0.05,No
5091092,Lucas,Lee,user5091092@gmail.com,+1-994-642-7438,Atlanta,69,Active,Gold,App Wallet,2021-04-14,2022-08-17,75,4.3,English,Android,App Store,No,0.28,Yes
1791389,Aiden,Lee,user1791389@yahoo.com,+1-252-341-9457,Las Vegas,20,Active,Silver,Credit Card,2020-06-16,2021-04-28,5,4.6,Spanish,Android,Ad Campaign,No,10.65,Yes
7149221,Logan,King,user7149221@yahoo.com,+1-426-143-1034,New York,60,Active,Bronze,App Wallet,2019-03-05,2023-03-09,10,2.8,Spanish,Android,Social Media,No,5.47,Yes
3386373,Liam,Anderson,user3386373@gmail.com,+1-359-263-9709,Seattle,38,Active,Bronze,App Wallet,2020-08-20,2024-08-11,50,2.7,Mandarin,Android,Organic,No,10.02,No
2863813,Jake,Rodriguez,user2863813@yahoo.com,+1-976-805-8320,Chicago,56,Active,Bronze,App Wallet,2022-04-27,2023-08-24,4,4.4,English,Android,Friend Referral,No,0.51,Yes
1980623,Priya,Scott,user1980623@proton.com,+1-302-209-4390,Orlando,29,Active,Bronze,Promo Credit,2023-05-22,2024-09-16,8,3.8,Hindi,Web,Friend Referral,No,0.47,Yes
4466235,Jake,Thomas,user4466235@yahoo.com,+1-734-373-2781,Chicago,35,Active,Silver,App Wallet,2019-12-21,2020-06-08,15,4.9,French,Android,App Store,Yes,0.69,No
3998439,Jackson,Miller,user3998439@gmail.com,+1-749-749-9433,Houston,21,Active,Bronze,Promo Credit,2023-01-20,2024-08-01,6,3.6,Spanish,Android,Friend Referral,Yes,0.02,Yes
1265456,Mia,Wright,user1265456@yahoo.com,+1-536-701-4141,Nashville,62,Active,Bronze,Debit Card,2022-11-27,2024-07-09,4,2.7,English,iOS,Social Media,No,0.86,No
8976402,Riley,Carter,user8976402@gmail.com,+1-698-610-9065,Atlanta,25,Active,Bronze,Credit Card,2019-12-09,2022-04-16,10,3.2,English,Android,Friend Referral,No,0.83,Yes
9149033,Priya,Carter,user9149033@gmail.com,+1-975-359-7107,Los Angeles,21,Active,Gold,Credit Card,2019-03-28,2019-06-22,5,2.6,English,Web,Friend Referral,Yes,20.21,Yes
7502044,Elijah,Lewis,user7502044@outlook.com,+1-209-686-8858,Los Angeles,51,Active,Silver,Crypto,2022-11-16,2024-07-15,4,4.3,Mandarin,Android,Social Media,Yes,0.9,Yes
6980860,Jake,Clark,user6980860@yahoo.com,+1-406-195-6966,Austin,46,Suspended,Silver,Corporate,2020-12-06,2022-04-11,10,3.5,English,iOS,App Store,Yes,50.9,Yes
2252093,Logan,Lee,user2252093@yahoo.com,+1-946-529-3245,Nashville,35,Active,Platinum,Credit Card,2021-02-05,2021-04-15,1,3.9,English,Android,Corporate Deal,No,15.35,No
3293406,Mohammed,Clark,user3293406@gmail.com,+1-227-329-2842,Phoenix,38,Active,Diamond,Debit Card,2019-10-07,2022-05-07,8,4.5,English,iOS,Corporate Deal,No,0.96,Yes
1193030,James,Baker,user1193030@proton.com,+1-730-999-6394,Atlanta,37,Inactive,Gold,Corporate,2020-07-20,2021-07-30,5,3.8,Spanish,iOS,Corporate Deal,No,0.06,Yes
4788077,Priya,Nguyen,user4788077@proton.com,+1-636-219-8369,Houston,25,Inactive,Silver,App Wallet,2023-04-19,2023-09-18,15,3.8,French,Android,Corporate Deal,No,15.0,Yes
4880187,Ava,Carter,user4880187@proton.com,+1-401-454-8148,Chicago,20,Active,Bronze,Promo Credit,2020-01-24,2022-03-05,4,3.5,Portuguese,Android,Organic,No,0.98,Yes
3472642,Ethan,Walker,user3472642@gmail.com,+1-408-563-3793,Austin,30,Inactive,Silver,Debit Card,2019-12-14,2020-06-04,30,3.9,English,Android,Organic,No,0.41,Yes
8702716,Noah,Davis,user8702716@proton.com,+1-392-379-2678,New York,31,Inactive,Diamond,App Wallet,2021-02-13,2021-05-19,30,3.3,Spanish,iOS,Ad Campaign,No,0.57,Yes
1479485,Diana,Adams,user1479485@yahoo.com,+1-309-722-2523,Orlando,37,Active,Bronze,Debit Card,2021-05-04,2024-06-03,15,3.1,English,iOS,Ad Campaign,No,0.56,Yes
5856301,Riley,Rodriguez,user5856301@yahoo.com,+1-718-319-2658,Las Vegas,27,Active,Silver,Debit Card,2021-07-21,2024-06-14,150,3.4,French,Web,Ad Campaign,No,30.64,Yes
5649072,Elijah,Walker,user5649072@gmail.com,+1-899-962-6024,Houston,31,Active,Bronze,App Wallet,2019-08-08,2021-07-03,3,2.9,English,iOS,Organic,No,0.36,Yes
8289552,Lucas,Nelson,user8289552@yahoo.com,+1-360-700-3860,New York,32,Active,Platinum,Credit Card,2022-06-19,2023-07-29,3,2.7,English,Android,Corporate Deal,No,15.45,Yes
1113183,Lisa,Miller,user1113183@gmail.com,+1-514-468-6715,Atlanta,40,Active,Gold,Corporate,2020-02-09,2024-09-12,3,2.8,English,Web,App Store,No,15.92,Yes
5935500,Elijah,Brown,user5935500@proton.com,+1-247-659-3623,Nashville,72,Active,Silver,App Wallet,2021-05-20,2022-11-02,8,3.8,Spanish,Android,Corporate Deal,No,15.99,Yes
1945661,Logan,Rodriguez,user1945661@gmail.com,+1-322-726-7800,Los Angeles,32,Active,Bronze,App Wallet,2022-03-14,2023-04-19,5,3.4,English,Android,Corporate Deal,No,0.22,Yes
3639500,Fatima,Martinez,user3639500@proton.com,+1-839-889-2500,Detroit,41,Active,Bronze,Debit Card,2020-01-31,2023-03-03,8,3.4,English,Android,Ad Campaign,No,0.84,No
9782075,Liam,Green,user9782075@proton.com,+1-347-762-5462,Phoenix,40,Active,Gold,App Wallet,2020-05-17,2022-12-05,8,4.9,English,Android,Social Media,No,0.07,No
8599613,Wei,White,user8599613@yahoo.com,+1-551-895-1187,Phoenix,35,Pending Verification,Bronze,Credit Card,2023-02-04,2024-09-20,6,4.2,Mandarin,iOS,Corporate Deal,No,0.57,Yes
7370347,Oliver,Harris,user7370347@gmail.com,+1-530-646-2266,Miami,36,Active,Silver,Promo Credit,2022-01-02,2023-05-26,0,,Hindi,Android,Ad Campaign,No,10.66,Yes
9652612,Riley,Taylor,user9652612@proton.com,+1-487-173-9964,San Diego,77,Active,Silver,Crypto,2022-01-07,2023-08-11,6,2.6,Arabic,iOS,App Store,Yes,0.9,Yes
6596608,Emily,Brown,user6596608@yahoo.com,+1-785-297-7790,Chicago,22,Suspended,Gold,Credit Card,2021-05-19,2023-07-17,10,4.2,Portuguese,iOS,Friend Referral,No,20.54,No
2229703,Zoe,Robinson,user2229703@yahoo.com,+1-534-502-7939,Las Vegas,29,Pending Verification,Silver,Credit Card,2020-04-25,2024-08-20,8,4.7,English,Android,Ad Campaign,No,0.11,Yes
8381886,Lisa,Moore,user8381886@gmail.com,+1-206-277-6643,New York,40,Active,Bronze,App Wallet,2020-10-18,2023-10-03,30,4.9,English,Web,Ad Campaign,Yes,0.54,No
6704757,Mia,Moore,user6704757@gmail.com,+1-616-948-7837,Austin,40,Active,Bronze,Debit Card,2019-01-06,2021-01-29,5,4.2,English,Android,Corporate Deal,No,0.21,Yes
2911010,Oliver,Smith,user2911010@gmail.com,+1-833-684-8633,Denver,36,Active,Platinum,App Wallet,2022-05-06,2022-08-02,2,3.8,English,iOS,Organic,Yes,0.01,Yes
7200209,Mei,King,user7200209@proton.com,+1-829-830-9779,Phoenix,52,Active,Bronze,Debit Card,2023-04-18,2023-11-21,5,2.9,English,iOS,Ad Campaign,Yes,0.01,Yes
7092373,Chloe,Clark,user7092373@proton.com,+1-673-930-2910,Phoenix,38,Active,Diamond,Credit Card,2021-04-24,2023-06-06,20,2.9,English,Android,App Store,No,0.54,Yes
7391744,Zoe,Clark,user7391744@yahoo.com,+1-729-349-3925,Chicago,54,Active,Gold,Promo Credit,2023-04-09,2024-02-02,3,4.1,English,iOS,Corporate Deal,No,10.38,Yes
1059646,Noah,Nelson,user1059646@proton.com,+1-370-224-9264,Los Angeles,35,Active,Bronze,App Wallet,2019-05-04,2020-08-08,8,2.6,English,Android,Corporate Deal,No,10.35,Yes
3728324,Emily,Rodriguez,user3728324@gmail.com,+1-416-788-9895,San Diego,36,Active,Silver,Credit Card,2020-11-17,2022-07-26,1,4.8,English,iOS,App Store,No,0.24,Yes
2380003,Elijah,Nguyen,user2380003@outlook.com,+1-605-395-2631,Minneapolis,22,Active,Bronze,App Wallet,2019-08-14,2024-05-16,3,4.6,Spanish,Android,Ad Campaign,No,5.67,Yes
1334204,Noah,Robinson,user1334204@gmail.com,+1-256-972-4333,Boston,22,Active,Gold,App Wallet,2022-05-18,2022-06-10,10,3.4,Spanish,Android,Ad Campaign,No,5.8,Yes
5021888,Mei,Lewis,user5021888@gmail.com,+1-204-885-4062,Los Angeles,29,Active,Diamond,App Wallet,2021-03-12,2024-07-16,200,4.3,English,iOS,Friend Referral,No,10.96,Yes
5296631,Logan,Scott,user5296631@gmail.com,+1-947-406-6498,Phoenix,37,Suspended,Bronze,Credit Card,2019-01-20,2019-11-29,50,3.6,English,Web,Corporate Deal,No,0.1,Yes
1527475,Emily,Williams,user1527475@yahoo.com,+1-877-144-5855,Los Angeles,77,Active,Bronze,Debit Card,2022-02-08,2023-05-14,75,3.8,English,iOS,App Store,No,0.38,Yes
2322911,Grayson,Torres,user2322911@gmail.com,+1-758-891-4171,Nashville,58,Inactive,Gold,Promo Credit,2019-12-27,2024-09-12,75,4.8,English,Android,Organic,No,0.28,Yes
4120039,Andre,Hill,user4120039@outlook.com,+1-820-550-3150,Boston,47,Active,Bronze,Credit Card,2020-07-18,2020-11-28,6,4.7,Spanish,iOS,Friend Referral,Yes,0.7,Yes
5964060,Carlos,Robinson,user5964060@proton.com,+1-289-652-6450,Chicago,69,Active,Bronze,Credit Card,2021-01-09,2022-08-27,4,3.1,English,Android,Ad Campaign,No,0.41,Yes
3526973,Andre,Mitchell,user3526973@outlook.com,+1-670-273-9296,Seattle,33,Inactive,Bronze,Promo Credit,2022-06-29,2024-04-15,10,2.9,Spanish,Android,App Store,Yes,0.03,No
2529938,Oliver,Robinson,user2529938@proton.com,+1-442-219-4664,Seattle,57,Inactive,Gold,Debit Card,2019-06-20,2023-12-04,2,3.1,Korean,Android,Ad Campaign,Yes,0.15,Yes
4239787,Riley,Robinson,user4239787@proton.com,+1-856-233-1404,Minneapolis,33,Active,Bronze,Credit Card,2019-01-23,2021-08-07,5,2.9,English,Web,Corporate Deal,No,0.11,Yes
2077038,Yuki,Anderson,user2077038@gmail.com,+1-246-595-7501,Las Vegas,46,Active,Bronze,Credit Card,2019-12-30,2024-04-16,20,2.6,English,iOS,Social Media,No,20.34,No
8051659,Jackson,Lewis,user8051659@gmail.com,+1-313-354-7579,New York,51,Active,Platinum,App Wallet,2021-11-06,2021-11-20,15,2.7,English,iOS,Friend Referral,No,0.31,Yes
5995833,Layla,Rodriguez,user5995833@proton.com,+1-571-440-7181,Orlando,61,Active,Silver,Crypto,2019-05-22,2023-09-22,5,3.6,Spanish,Android,App Store,No,20.64,Yes
4888426,Aiden,Jackson,user4888426@proton.com,+1-661-387-2801,New York,25,Active,Bronze,Credit Card,2019-06-03,2019-07-31,50,2.9,English,Android,Corporate Deal,Yes,0.34,No
6572721,Ethan,Rodriguez,user6572721@yahoo.com,+1-507-517-7773,Nashville,27,Active,Silver,Credit Card,2020-08-15,2023-01-10,6,4.4,English,Web,Organic,No,0.85,Yes
4553959,David,Walker,user4553959@gmail.com,+1-662-707-8239,Phoenix,31,Active,Gold,App Wallet,2020-05-24,2023-05-08,8,3.4,English,Web,Ad Campaign,No,0.22,Yes
9155458,Fatima,Thomas,user9155458@yahoo.com,+1-711-830-3653,Nashville,33,Active,Diamond,Corporate,2022-10-10,2024-12-06,15,2.6,English,iOS,Social Media,No,0.74,Yes
8623266,Ryan,Taylor,user8623266@yahoo.com,+1-448-177-2141,Chicago,38,Active,Platinum,Credit Card,2022-02-19,2024-08-07,6,4.7,English,iOS,Social Media,No,0.43,No
8889130,Logan,Adams,user8889130@yahoo.com,+1-498-981-7335,Houston,55,Active,Bronze,Credit Card,2019-11-12,2022-12-18,6,4.7,Korean,iOS,App Store,Yes,20.54,Yes
3567867,Mason,Harris,user3567867@gmail.com,+1-557-266-8631,Phoenix,36,Active,Bronze,App Wallet,2019-03-27,2023-04-16,8,4.8,English,Android,App Store,No,5.19,Yes
5865674,Lucas,Robinson,user5865674@proton.com,+1-675-488-6199,Los Angeles,52,Active,Platinum,Credit Card,2023-02-01,2023-11-25,100,4.7,Mandarin,Android,Ad Campaign,Yes,0.74,No
2865147,Aisha,Taylor,user2865147@yahoo.com,+1-510-861-6449,New York,45,Active,Silver,App Wallet,2021-11-04,2022-09-02,30,4.0,Spanish,Web,App Store,No,0.3,Yes
7880718,Tom,Garcia,user7880718@gmail.com,+1-552-159-5980,Chicago,29,Active,Silver,Credit Card,2022-03-22,2024-10-13,8,4.3,English,Android,Corporate Deal,No,0.33,Yes
3348275,Aiden,Thomas,user3348275@outlook.com,+1-673-462-1757,San Diego,42,Inactive,Silver,Credit Card,2020-02-07,2021-01-11,2,3.6,Spanish,iOS,Ad Campaign,No,0.04,Yes
4278473,Grayson,Allen,user4278473@proton.com,+1-819-108-4282,Boston,24,Active,Silver,App Wallet,2021-06-07,2023-09-05,20,4.9,English,Web,App Store,No,0.5,Yes
2423691,Oscar,Robinson,user2423691@proton.com,+1-707-772-6295,Miami,28,Active,Platinum,App Wallet,2021-09-21,2022-11-12,4,3.9,Portuguese,Android,Ad Campaign,No,15.45,Yes
2817046,Ethan,Hall,user2817046@gmail.com,+1-761-636-3396,Las Vegas,33,Inactive,Gold,Credit Card,2020-04-09,2022-04-14,10,3.0,English,iOS,Social Media,No,0.07,Yes
8749104,Maria,Smith,user8749104@gmail.com,+1-826-405-9112,New York,21,Suspended,Gold,Debit Card,2020-04-11,2021-06-23,10,3.1,Arabic,iOS,App Store,No,0.31,Yes
8313452,Ryan,Rodriguez,user8313452@gmail.com,+1-968-403-4671,San Francisco,19,Suspended,Gold,Credit Card,2019-08-27,2022-04-10,6,4.1,English,Android,Friend Referral,No,10.59,Yes
8855407,Lucas,Johnson,user8855407@gmail.com,+1-495-243-2861,Austin,65,Active,Bronze,Credit Card,2019-01-27,2021-02-04,1,3.1,English,Android,Corporate Deal,No,30.43,Yes
4113622,Tom,Wright,user4113622@gmail.com,+1-263-709-1201,New York,40,Active,Silver,Promo Credit,2022-11-07,2024-06-12,2,3.8,Spanish,Android,Organic,No,5.76,Yes
7520620,Jackson,Clark,user7520620@proton.com,+1-232-419-5771,San Diego,66,Active,Silver,Debit Card,2019-08-10,2021-01-28,8,4.6,English,Android,Corporate Deal,No,0.93,No
9019504,Aria,Nelson,user9019504@gmail.com,+1-714-259-9919,Minneapolis,28,Active,Bronze,Credit Card,2020-01-09,2024-06-13,6,3.2,Korean,Android,Ad Campaign,No,0.3,No
7311359,Emily,Adams,user7311359@outlook.com,+1-997-593-7158,Miami,30,Active,Bronze,Promo Credit,2019-08-13,2020-10-06,8,4.8,English,Android,Corporate Deal,Yes,0.45,Yes
3047361,Mei,Baker,user3047361@yahoo.com,+1-747-574-8285,Seattle,28,Active,Silver,App Wallet,2022-04-02,2024-11-06,0,,Portuguese,Android,Corporate Deal,No,5.05,Yes
7044522,Emily,King,user7044522@outlook.com,+1-713-930-1200,New York,26,Active,Silver,Debit Card,2023-02-09,2024-08-26,10,4.2,French,iOS,Corporate Deal,Yes,0.37,Yes
5979560,Kevin,Harris,user5979560@proton.com,+1-573-450-5625,Miami,28,Inactive,Bronze,App Wallet,2020-12-01,2022-08-25,1,3.5,Mandarin,Android,Social Media,No,0.69,Yes
4839930,Layla,Wilson,user4839930@outlook.com,+1-371-858-4338,San Diego,55,Active,Bronze,Credit Card,2022-08-14,2023-08-26,15,2.8,Mandarin,Android,Ad Campaign,No,0.67,No
8607573,Wei,Martin,user8607573@yahoo.com,+1-553-554-9945,Los Angeles,21,Active,Bronze,Credit Card,2019-01-09,2023-01-01,2,4.9,English,Android,Corporate Deal,No,5.84,Yes
5224051,Andre,Nguyen,user5224051@proton.com,+1-318-727-2385,Miami,40,Active,Silver,Credit Card,2019-01-06,2023-05-26,6,4.0,English,iOS,App Store,Yes,15.5,Yes
1294980,Priya,Mitchell,user1294980@outlook.com,+1-348-480-5781,Phoenix,33,Suspended,Silver,Debit Card,2020-12-26,2023-05-26,15,3.1,French,Android,Corporate Deal,No,0.31,Yes
7130304,Emma,Garcia,user7130304@proton.com,+1-783-375-9870,New York,37,Inactive,Silver,Credit Card,2021-10-15,2024-01-07,1,4.0,French,iOS,Corporate Deal,Yes,5.72,Yes
3111842,Fatima,Hill,user3111842@yahoo.com,+1-735-130-5664,Nashville,62,Active,Gold,App Wallet,2020-02-04,2024-02-16,20,3.3,English,Android,Corporate Deal,No,0.8,Yes
3184088,Diana,Jones,user3184088@outlook.com,+1-737-976-5113,Portland,36,Active,Bronze,Promo Credit,2021-03-25,2023-08-30,6,3.3,Spanish,Web,Organic,No,15.61,Yes
6701591,Maria,Davis,user6701591@outlook.com,+1-233-192-3626,Minneapolis,29,Active,Silver,Crypto,2022-06-28,2022-08-14,100,3.1,English,iOS,Ad Campaign,Yes,0.62,Yes
4798769,Noah,Johnson,user4798769@yahoo.com,+1-944-256-5264,Seattle,47,Active,Bronze,Credit Card,2020-09-20,2022-09-17,5,4.0,Arabic,iOS,Corporate Deal,No,5.98,No
5218421,Mason,Hall,user5218421@outlook.com,+1-728-661-7472,San Diego,32,Active,Platinum,Credit Card,2019-07-12,2024-12-20,20,3.7,English,Android,Organic,No,0.34,Yes
9336311,Sarah,Nelson,user9336311@gmail.com,+1-755-741-1635,Phoenix,27,Active,Silver,Corporate,2020-12-24,2024-01-09,10,3.9,Arabic,iOS,Friend Referral,No,0.82,Yes
7944862,Maria,Adams,user7944862@proton.com,+1-686-119-5837,Houston,76,Active,Platinum,Debit Card,2019-05-07,2022-08-30,3,3.7,Mandarin,Android,App Store,Yes,0.78,Yes
3264864,Liam,Lewis,user3264864@yahoo.com,+1-772-986-5636,Houston,67,Active,Bronze,Credit Card,2020-02-15,2024-05-12,30,4.4,Portuguese,Android,Social Media,Yes,15.36,Yes
9340418,David,Thomas,user9340418@proton.com,+1-313-445-6690,Denver,41,Active,Bronze,Credit Card,2022-12-26,2024-09-27,6,4.8,Portuguese,iOS,Corporate Deal,No,10.34,Yes
2768176,Carlos,Wilson,user2768176@proton.com,+1-250-173-1635,Atlanta,41,Active,Bronze,App Wallet,2019-11-05,2021-07-24,4,4.8,Korean,Android,App Store,No,15.23,Yes
1766078,Lisa,Wilson,user1766078@outlook.com,+1-774-465-9144,Detroit,71,Active,Bronze,App Wallet,2019-10-02,2021-02-01,8,3.6,English,Android,Organic,No,15.86,Yes
9214156,Noah,Brown,user9214156@proton.com,+1-579-242-2101,Minneapolis,37,Active,Silver,Promo Credit,2019-10-11,2022-06-16,10,2.8,English,Android,Corporate Deal,Yes,0.73,Yes
7616610,Fatima,Rodriguez,user7616610@gmail.com,+1-227-718-8950,Houston,38,Active,Bronze,Debit Card,2020-12-23,2021-10-13,10,2.6,English,Android,Social Media,Yes,0.21,Yes
7308431,Layla,Jones,user7308431@outlook.com,+1-822-726-2879,Los Angeles,50,Active,Silver,Corporate,2022-06-30,2024-08-01,2,3.4,English,Android,Organic,Yes,0.12,Yes
4809159,Aria,Thomas,user4809159@outlook.com,+1-496-305-2757,Detroit,39,Active,Bronze,Credit Card,2019-02-01,2019-11-13,2,4.0,Portuguese,Android,Ad Campaign,No,0.14,Yes
7731812,Mei,Young,user7731812@outlook.com,+1-434-509-5966,San Diego,40,Active,Bronze,Credit Card,2021-06-27,2022-10-15,15,4.2,Mandarin,Android,Friend Referral,No,0.08,Yes
4615791,David,Mitchell,user4615791@proton.com,+1-569-313-5181,Atlanta,29,Active,Bronze,Credit Card,2020-01-07,2022-06-28,30,2.9,Spanish,Android,Social Media,No,0.75,Yes
7544254,Jackson,Clark,user7544254@outlook.com,+1-489-430-7617,New York,31,Active,Bronze,Credit Card,2020-12-15,2024-12-24,5,3.2,English,iOS,App Store,No,10.01,Yes
5666985,Kevin,Clark,user5666985@yahoo.com,+1-337-651-5576,Denver,68,Inactive,Gold,Credit Card,2020-06-12,2021-09-26,6,4.5,English,iOS,App Store,No,10.62,Yes
3659905,Jake,Rodriguez,user3659905@outlook.com,+1-571-917-8203,Houston,29,Active,Silver,Credit Card,2019-11-12,2024-01-23,30,3.4,English,Android,Social Media,No,0.02,Yes
8707423,Ryan,Wilson,user8707423@proton.com,+1-480-305-5972,Boston,30,Active,Bronze,Debit Card,2019-02-01,2024-02-19,15,4.0,English,Web,Corporate Deal,No,0.39,Yes
5455605,Aiden,Nelson,user5455605@proton.com,+1-920-883-8871,Chicago,23,Inactive,Gold,Credit Card,2021-03-08,2023-01-24,50,3.5,Hindi,Android,Corporate Deal,Yes,15.6,Yes
3424167,Nina,Hill,user3424167@gmail.com,+1-701-495-5793,Boston,71,Pending Verification,Bronze,Debit Card,2021-05-01,2021-08-18,8,3.6,Mandarin,Android,App Store,No,10.68,Yes
8023950,Liam,Martin,user8023950@proton.com,+1-403-612-3879,Seattle,63,Active,Platinum,Credit Card,2022-03-08,2022-09-22,6,2.9,English,iOS,App Store,No,0.55,Yes
6346812,Aiden,Lee,user6346812@yahoo.com,+1-973-625-5171,San Francisco,37,Active,Silver,App Wallet,2020-09-08,2024-03-07,5,3.9,French,iOS,App Store,No,0.19,Yes
8505973,Logan,Moore,user8505973@proton.com,+1-878-156-3267,Seattle,43,Active,Silver,Debit Card,2022-09-12,2023-12-23,4,2.6,Portuguese,Android,Organic,No,5.08,Yes
6123077,Mason,King,user6123077@outlook.com,+1-332-208-8253,San Diego,31,Inactive,Bronze,App Wallet,2023-02-04,2024-07-29,3,3.2,Mandarin,iOS,Social Media,No,0.3,Yes
9834608,Andre,Moore,user9834608@proton.com,+1-679-652-7996,Miami,76,Active,Diamond,App Wallet,2019-05-18,2019-07-07,30,3.1,Spanish,Android,Friend Referral,Yes,0.41,Yes
7446396,Ryan,White,user7446396@outlook.com,+1-989-435-7478,Dallas,33,Active,Bronze,Credit Card,2022-09-13,2023-01-23,8,3.6,Korean,iOS,Ad Campaign,No,0.88,Yes
1015280,Carlos,Nguyen,user1015280@yahoo.com,+1-678-302-4971,Chicago,27,Pending Verification,Bronze,Credit Card,2021-02-17,2022-04-06,8,4.5,English,Web,Organic,Yes,0.78,Yes
5582848,Tom,Martin,user5582848@proton.com,+1-639-289-8442,San Francisco,45,Active,Bronze,Credit Card,2020-02-21,2021-05-24,5,5.0,Mandarin,Web,Organic,No,5.78,Yes
5249221,Aisha,Garcia,user5249221@outlook.com,+1-452-902-4539,Las Vegas,42,Active,Bronze,App Wallet,2020-11-07,2022-07-15,5,4.9,English,iOS,Ad Campaign,No,0.72,Yes
4806107,Mia,Anderson,user4806107@yahoo.com,+1-762-971-1503,Las Vegas,32,Active,Silver,App Wallet,2019-04-12,2022-07-02,6,2.8,English,iOS,Organic,No,0.6,Yes
2123837,Layla,Davis,user2123837@yahoo.com,+1-733-293-4385,San Francisco,40,Active,Bronze,Credit Card,2020-06-07,2024-12-04,3,4.1,English,iOS,App Store,No,0.54,Yes
3613965,Layla,Allen,user3613965@gmail.com,+1-552-255-6073,Minneapolis,29,Active,Bronze,Debit Card,2023-03-13,2024-03-06,8,3.2,Spanish,Android,App Store,No,0.61,Yes
3527176,Sarah,Martin,user3527176@yahoo.com,+1-612-907-6102,Denver,36,Active,Silver,App Wallet,2021-01-30,2023-08-26,20,2.7,Spanish,iOS,Organic,No,0.81,Yes
5099871,Ryan,Flores,user5099871@proton.com,+1-581-868-3371,Austin,46,Active,Bronze,Debit Card,2021-03-05,2024-07-12,10,3.8,English,iOS,Ad Campaign,Yes,0.34,No
7371729,Ethan,Rodriguez,user7371729@yahoo.com,+1-325-832-5971,Houston,34,Inactive,Silver,Debit Card,2022-07-06,2024-01-19,3,2.6,Spanish,iOS,Ad Campaign,No,15.97,No
7927463,Isabella,Johnson,user7927463@outlook.com,+1-752-681-4463,New York,73,Inactive,Bronze,Promo Credit,2022-11-20,2023-08-16,30,3.7,Portuguese,iOS,Ad Campaign,No,0.59,Yes
7491524,Mia,Rodriguez,user7491524@proton.com,+1-769-546-4119,Atlanta,28,Active,Bronze,Corporate,2021-07-27,2022-07-20,30,3.4,Mandarin,iOS,Ad Campaign,No,5.94,Yes
5283792,Andre,White,user5283792@proton.com,+1-664-712-4831,New York,30,Active,Bronze,App Wallet,2021-08-04,2023-09-10,8,2.8,English,Android,Social Media,No,10.43,No
8409138,Noah,Young,user8409138@yahoo.com,+1-623-217-3027,Los Angeles,28,Inactive,Silver,Debit Card,2022-06-27,2023-05-22,15,2.5,Korean,Web,App Store,No,10.01,Yes
1500223,Mei,Williams,user1500223@yahoo.com,+1-645-909-6234,Boston,28,Active,Bronze,Debit Card,2022-06-09,2023-12-15,75,3.8,English,iOS,Ad Campaign,No,5.96,Yes
4806029,Emma,Flores,user4806029@outlook.com,+1-326-592-6101,Minneapolis,59,Active,Bronze,Credit Card,2020-04-16,2020-08-19,3,4.3,Hindi,iOS,Social Media,No,0.24,No
5507441,Jake,Flores,user5507441@gmail.com,+1-437-116-8808,Austin,34,Active,Bronze,App Wallet,2021-07-26,2021-09-13,8,2.8,English,iOS,App Store,Yes,0.42,No
2689255,Maria,Walker,user2689255@outlook.com,+1-451-178-3798,Minneapolis,39,Active,Bronze,Credit Card,2021-05-20,2023-01-31,5,2.5,Mandarin,Android,Corporate Deal,No,0.48,Yes
8450948,Wei,Brown,user8450948@outlook.com,+1-368-534-2821,Miami,33,Active,Bronze,Corporate,2020-04-12,2022-04-01,1,4.3,English,Android,Ad Campaign,No,5.93,Yes
8379445,Tom,Clark,user8379445@gmail.com,+1-861-913-5273,Seattle,48,Inactive,Platinum,Credit Card,2023-05-15,2024-01-12,10,3.5,Mandarin,Android,Organic,No,0.79,Yes
7935909,Chloe,Adams,user7935909@yahoo.com,+1-636-281-4366,Houston,18,Inactive,Bronze,Debit Card,2021-11-04,2022-06-07,4,3.1,English,iOS,Corporate Deal,No,10.3,Yes
1552819,Mei,Wright,user1552819@yahoo.com,+1-876-513-7926,Dallas,19,Active,Silver,Credit Card,2019-07-31,2021-02-16,15,3.2,English,iOS,Friend Referral,No,0.09,Yes
9835542,Mohammed,Hall,user9835542@gmail.com,+1-941-562-8735,Seattle,52,Active,Bronze,Credit Card,2023-02-02,2023-11-01,3,4.4,English,iOS,Friend Referral,No,30.15,Yes
3071683,Ava,Williams,user3071683@outlook.com,+1-545-808-2494,Chicago,76,Active,Bronze,Corporate,2022-09-20,2023-10-05,8,3.5,English,Android,Organic,No,5.23,Yes
7824136,Diana,Carter,user7824136@outlook.com,+1-574-817-5958,Los Angeles,74,Active,Gold,Credit Card,2022-05-10,2022-06-24,10,4.7,Spanish,Android,Organic,No,0.46,Yes
7595834,Logan,Carter,user7595834@gmail.com,+1-526-627-7074,Detroit,41,Active,Silver,Corporate,2020-10-29,2022-07-12,10,3.6,Spanish,iOS,Ad Campaign,No,0.37,Yes
8537039,Ryan,Lewis,user8537039@proton.com,+1-840-909-6292,Austin,57,Inactive,Silver,Credit Card,2021-06-11,2022-06-19,6,3.5,Arabic,Android,Ad Campaign,No,50.67,Yes
6744900,Kevin,Brown,user6744900@gmail.com,+1-224-469-9704,Detroit,33,Inactive,Silver,Debit Card,2022-02-24,2022-05-01,10,4.7,English,iOS,Friend Referral,No,5.33,No
5444003,Oliver,Nelson,user5444003@gmail.com,+1-235-331-9410,Atlanta,30,Active,Diamond,Debit Card,2022-04-02,2022-11-13,4,4.6,English,Android,Friend Referral,No,15.74,Yes
1018619,Priya,Taylor,user1018619@gmail.com,+1-479-676-9628,Nashville,29,Pending Verification,Gold,Promo Credit,2020-11-01,2021-11-15,100,2.8,English,iOS,App Store,Yes,15.3,Yes
8023165,Carlos,Jackson,user8023165@outlook.com,+1-820-540-3585,Miami,56,Inactive,Bronze,Corporate,2022-01-19,2022-05-06,3,2.7,Portuguese,Android,App Store,No,0.05,No
6066316,Elijah,Hill,user6066316@outlook.com,+1-744-945-4190,Phoenix,32,Active,Bronze,Debit Card,2020-01-04,2024-07-27,50,3.9,English,Android,Ad Campaign,No,0.63,Yes
8091203,Noah,Jones,user8091203@gmail.com,+1-457-386-4076,Austin,45,Active,Bronze,App Wallet,2019-09-17,2021-12-25,8,2.8,English,Android,Ad Campaign,No,0.65,Yes
2525533,Emma,Rodriguez,user2525533@outlook.com,+1-811-912-9842,Los Angeles,67,Inactive,Bronze,Credit Card,2019-01-07,2021-11-04,75,4.2,English,Android,Corporate Deal,No,0.02,Yes
9713271,Lily,Wright,user9713271@gmail.com,+1-790-129-5506,Miami,34,Active,Platinum,Credit Card,2023-04-21,2024-11-11,8,3.1,Spanish,Web,Friend Referral,No,0.37,Yes
5257736,Diana,Green,user5257736@outlook.com,+1-295-868-6952,Los Angeles,60,Pending Verification,Gold,Debit Card,2020-04-08,2023-05-06,6,3.1,Hindi,iOS,Ad Campaign,No,0.55,Yes
5757597,Grayson,White,user5757597@yahoo.com,+1-978-607-5555,Chicago,34,Active,Silver,Credit Card,2020-10-09,2023-07-20,30,4.9,Spanish,Android,Friend Referral,No,0.94,No
4712987,David,Torres,user4712987@yahoo.com,+1-231-531-2752,San Diego,54,Active,Gold,App Wallet,2022-06-02,2024-05-05,6,4.2,English,Android,Friend Referral,No,20.19,Yes
4568153,Chloe,Mitchell,user4568153@gmail.com,+1-413-139-7272,New York,39,Active,Gold,Debit Card,2020-08-15,2023-12-25,4,3.7,English,Android,Corporate Deal,No,0.51,Yes
6490560,Diana,Lewis,user6490560@proton.com,+1-933-283-1581,Seattle,76,Suspended,Silver,App Wallet,2019-07-05,2023-04-13,1,3.1,Portuguese,iOS,Organic,No,5.18,Yes
7118314,Logan,Baker,user7118314@proton.com,+1-320-699-7626,Austin,30,Active,Silver,Credit Card,2019-05-25,2023-06-25,8,3.4,Spanish,iOS,Friend Referral,No,0.31,Yes
9325363,James,White,user9325363@outlook.com,+1-658-502-5982,Denver,25,Active,Bronze,Debit Card,2020-04-26,2021-11-06,4,3.4,English,iOS,Social Media,No,10.02,No
5434366,Mohammed,Flores,user5434366@outlook.com,+1-473-241-3809,San Francisco,56,Active,Bronze,App Wallet,2019-01-30,2021-03-19,100,3.5,English,iOS,Corporate Deal,No,0.79,Yes
7576829,Carlos,Garcia,user7576829@gmail.com,+1-694-872-1954,Phoenix,22,Active,Silver,App Wallet,2022-04-08,2024-02-10,30,3.0,English,iOS,Organic,No,0.7,Yes
6262363,Wei,Mitchell,user6262363@proton.com,+1-872-185-9660,Los Angeles,42,Active,Platinum,Credit Card,2021-12-01,2024-09-22,2,2.6,Spanish,iOS,App Store,No,50.96,Yes
1006128,Jackson,Hall,user1006128@yahoo.com,+1-342-595-1862,Las Vegas,70,Active,Bronze,Credit Card,2019-01-15,2022-12-28,15,4.0,Spanish,Android,App Store,No,0.41,Yes
1388573,Logan,Baker,user1388573@proton.com,+1-902-203-6782,San Francisco,46,Active,Gold,Debit Card,2020-04-04,2020-09-26,8,4.1,French,Web,Organic,Yes,0.5,Yes
8119088,Chloe,Williams,user8119088@yahoo.com,+1-444-704-1145,Nashville,43,Active,Gold,App Wallet,2020-10-18,2022-06-30,3,3.5,Spanish,Android,App Store,No,0.62,Yes
7221006,Noah,Taylor,user7221006@yahoo.com,+1-780-377-6876,Seattle,76,Active,Bronze,Debit Card,2021-10-20,2022-04-19,3,3.2,Mandarin,iOS,Friend Referral,No,30.76,No
4956653,Priya,Lewis,user4956653@proton.com,+1-312-196-2660,San Francisco,20,Active,Gold,Credit Card,2020-09-08,2021-04-18,8,4.3,Mandarin,iOS,Ad Campaign,No,0.83,Yes
7392948,Maria,Young,user7392948@outlook.com,+1-477-629-5901,Minneapolis,23,Active,Silver,App Wallet,2023-05-26,2023-11-07,10,3.6,Arabic,iOS,Friend Referral,No,0.58,Yes
5841855,Mohammed,Walker,user5841855@outlook.com,+1-547-499-6114,Detroit,33,Active,Bronze,Debit Card,2020-11-12,2021-05-13,10,4.2,English,Android,App Store,No,0.06,Yes
5116502,Jackson,Clark,user5116502@yahoo.com,+1-433-484-5107,Boston,40,Active,Silver,Debit Card,2020-12-20,2024-05-26,15,3.2,Mandarin,iOS,Organic,No,5.83,Yes
4324895,Sofia,Anderson,user4324895@proton.com,+1-847-198-1157,New York,54,Active,Bronze,Debit Card,2019-09-17,2021-04-23,2,4.4,English,Android,Friend Referral,No,0.54,Yes
4133575,Carlos,Nelson,user4133575@yahoo.com,+1-859-533-2000,Minneapolis,36,Pending Verification,Diamond,App Wallet,2021-07-30,2024-06-15,10,4.2,English,iOS,Social Media,No,0.49,Yes
2698365,Oscar,Jackson,user2698365@gmail.com,+1-316-774-6163,Boston,61,Active,Bronze,Credit Card,2020-10-04,2022-03-08,30,2.6,French,Android,Social Media,Yes,20.85,Yes
1043890,David,Baker,user1043890@outlook.com,+1-661-104-7858,New York,30,Active,Silver,App Wallet,2020-09-21,2024-08-07,4,2.8,Spanish,Android,Corporate Deal,No,5.22,Yes
7461593,Andre,Carter,user7461593@yahoo.com,+1-850-406-2359,Chicago,23,Active,Gold,Corporate,2021-03-28,2021-05-08,8,3.2,Arabic,Android,Friend Referral,No,0.7,Yes
5853670,Mohammed,Miller,user5853670@gmail.com,+1-965-310-6723,New York,76,Active,Gold,Promo Credit,2021-04-10,2022-02-25,1,2.9,English,iOS,Organic,No,5.97,Yes
1309775,Jackson,Wright,user1309775@outlook.com,+1-546-283-3808,Chicago,31,Pending Verification,Gold,Debit Card,2019-10-17,2021-01-05,6,3.2,Korean,iOS,Social Media,No,0.79,Yes
5075438,Andre,Jackson,user5075438@yahoo.com,+1-710-181-3606,Austin,28,Active,Gold,Debit Card,2020-11-08,2023-10-07,15,3.4,English,iOS,Ad Campaign,Yes,50.92,Yes
9473056,Priya,Torres,user9473056@yahoo.com,+1-752-159-3044,San Francisco,34,Active,Gold,App Wallet,2022-04-17,2023-09-07,8,4.1,Arabic,Android,Ad Campaign,No,0.62,Yes
9672906,Aiden,Williams,user9672906@proton.com,+1-228-806-9689,New York,47,Active,Gold,Credit Card,2020-04-17,2024-03-14,5,3.7,French,iOS,Social Media,Yes,5.9,Yes
9010779,David,Johnson,user9010779@outlook.com,+1-998-165-1155,Denver,76,Active,Gold,Promo Credit,2021-08-28,2021-10-17,6,4.9,Spanish,iOS,Friend Referral,Yes,0.04,Yes
6457321,Jackson,Nelson,user6457321@yahoo.com,+1-938-463-5720,Chicago,41,Active,Silver,Credit Card,2023-02-13,2024-04-14,3,3.1,English,Android,Organic,No,0.67,Yes
7537039,Mei,King,user7537039@yahoo.com,+1-383-111-6932,San Francisco,39,Active,Bronze,App Wallet,2020-02-06,2022-03-12,8,4.7,Mandarin,Android,Social Media,No,0.9,Yes
2288394,Lily,Taylor,user2288394@outlook.com,+1-404-907-1938,Atlanta,33,Active,Bronze,Credit Card,2022-09-25,2024-12-02,6,3.0,English,Web,App Store,No,0.64,Yes
6628851,Liam,Williams,user6628851@yahoo.com,+1-626-873-6389,San Diego,33,Active,Bronze,Credit Card,2019-09-13,2020-06-14,10,4.4,English,iOS,Friend Referral,No,0.56,Yes
5249008,Aria,Adams,user5249008@proton.com,+1-735-395-6612,Miami,45,Active,Bronze,Credit Card,2019-01-03,2021-11-17,2,3.7,Hindi,Web,Corporate Deal,No,0.7,Yes
9947194,Sofia,Jones,user9947194@proton.com,+1-760-902-3077,Los Angeles,35,Inactive,Gold,Credit Card,2022-01-26,2022-11-18,15,4.9,English,iOS,Corporate Deal,No,5.58,Yes
8163823,Ethan,Baker,user8163823@gmail.com,+1-437-749-9524,San Diego,48,Active,Silver,Crypto,2022-06-27,2024-12-09,2,3.4,Spanish,Android,Social Media,No,0.69,Yes
6990153,James,Davis,user6990153@outlook.com,+1-253-391-5379,Los Angeles,27,Pending Verification,Bronze,App Wallet,2020-05-17,2022-08-12,6,3.4,Spanish,Android,Corporate Deal,No,0.31,Yes
9878724,Kevin,Young,user9878724@proton.com,+1-957-631-1597,San Francisco,42,Active,Silver,Credit Card,2019-04-29,2024-08-29,15,3.9,English,iOS,Friend Referral,No,50.4,Yes
9008447,Emma,Thomas,user9008447@proton.com,+1-940-563-2628,Austin,26,Active,Bronze,App Wallet,2020-01-15,2022-10-24,10,4.5,Arabic,iOS,Ad Campaign,No,0.7,Yes
6699688,Grayson,Smith,user6699688@yahoo.com,+1-504-366-4768,Austin,31,Active,Bronze,Debit Card,2022-10-31,2023-12-16,10,3.7,English,iOS,Ad Campaign,Yes,0.79,Yes
9166878,Layla,Anderson,user9166878@outlook.com,+1-255-602-5707,Phoenix,26,Suspended,Silver,Debit Card,2023-03-11,2023-03-29,15,4.4,English,Android,App Store,No,0.27,Yes
5265243,Lily,Williams,user5265243@gmail.com,+1-499-388-7595,Detroit,21,Active,Bronze,Credit Card,2021-11-10,2022-07-21,30,3.4,English,Android,App Store,No,0.21,Yes
9449402,Mei,Jackson,user9449402@gmail.com,+1-982-145-6076,Minneapolis,33,Active,Platinum,Credit Card,2020-06-18,2021-06-01,3,4.0,Spanish,iOS,Social Media,No,0.77,Yes
8575030,Emma,Smith,user8575030@outlook.com,+1-551-273-2851,Chicago,53,Active,Bronze,Credit Card,2019-06-05,2024-01-23,8,4.7,Spanish,Android,Corporate Deal,No,0.01,Yes
2630646,Lily,Scott,user2630646@yahoo.com,+1-602-302-5155,Seattle,27,Inactive,Platinum,App Wallet,2023-04-27,2024-07-24,5,3.9,English,iOS,Organic,No,0.27,Yes
5902613,Jake,Clark,user5902613@yahoo.com,+1-625-536-9094,Phoenix,39,Active,Silver,Promo Credit,2023-01-13,2024-07-18,30,3.8,Spanish,iOS,Corporate Deal,No,10.9,Yes
2622536,David,Wilson,user2622536@outlook.com,+1-598-565-2644,Miami,31,Inactive,Bronze,Debit Card,2019-03-26,2021-06-11,3,4.5,English,iOS,Organic,Yes,5.82,Yes
4370890,Mei,Jackson,user4370890@outlook.com,+1-887-644-4065,Austin,44,Inactive,Bronze,Credit Card,2021-12-30,2023-11-05,30,4.2,English,Web,Friend Referral,No,0.57,Yes
4011350,Logan,Green,user4011350@yahoo.com,+1-501-537-9040,Chicago,30,Active,Silver,Debit Card,2019-04-15,2021-11-26,30,4.5,French,iOS,Social Media,Yes,10.04,Yes
9995438,Priya,Green,user9995438@proton.com,+1-575-341-4896,Detroit,61,Active,Gold,Promo Credit,2021-01-23,2021-08-08,50,2.7,English,Android,App Store,No,5.81,Yes
3083265,Mohammed,Jones,user3083265@outlook.com,+1-717-444-5448,Boston,18,Active,Bronze,Credit Card,2019-05-05,2021-11-07,6,3.2,Spanish,iOS,App Store,Yes,30.78,No
3016142,Lisa,Harris,user3016142@proton.com,+1-840-403-1182,San Francisco,41,Active,Diamond,Debit Card,2020-10-16,2023-02-12,5,4.9,English,Android,Social Media,No,0.58,Yes
9075015,Ava,Wilson,user9075015@proton.com,+1-260-812-3570,Las Vegas,45,Inactive,Bronze,Corporate,2019-05-02,2022-06-12,8,2.5,English,iOS,App Store,No,5.78,Yes
6310793,Aisha,Miller,user6310793@yahoo.com,+1-518-551-1723,San Diego,55,Active,Gold,Credit Card,2023-02-21,2024-12-17,1,3.0,French,Android,Friend Referral,No,20.12,Yes
3297376,Carlos,Hall,user3297376@outlook.com,+1-260-680-8720,Los Angeles,55,Active,Bronze,Credit Card,2020-08-01,2022-06-19,8,4.3,Hindi,Android,Social Media,No,0.33,Yes
1302220,Lily,King,user1302220@proton.com,+1-639-836-9947,Detroit,28,Inactive,Silver,Credit Card,2021-07-26,2022-03-22,6,4.6,Hindi,iOS,Friend Referral,No,0.04,Yes
7932352,Aria,Harris,user7932352@yahoo.com,+1-796-633-9400,Miami,23,Active,Bronze,App Wallet,2022-12-19,2023-12-27,8,4.5,Arabic,iOS,Social Media,No,0.67,Yes
2091738,Carlos,Johnson,user2091738@yahoo.com,+1-834-284-2801,Atlanta,32,Active,Gold,App Wallet,2023-05-10,2024-11-29,15,4.2,English,iOS,Social Media,No,10.65,Yes
5003324,Isabella,Green,user5003324@proton.com,+1-410-274-5366,San Francisco,52,Active,Silver,Crypto,2022-05-09,2024-02-25,5,4.1,Spanish,Android,Social Media,No,0.87,Yes
9930977,Elijah,Nguyen,user9930977@outlook.com,+1-229-984-9589,San Diego,33,Active,Silver,Credit Card,2022-10-28,2024-08-08,6,3.8,English,Web,App Store,No,0.73,Yes
1088365,Lily,Martin,user1088365@gmail.com,+1-992-496-6133,Los Angeles,41,Active,Bronze,Debit Card,2023-04-29,2024-06-17,8,4.0,Spanish,Android,Friend Referral,No,0.62,Yes
4179106,Emily,Miller,user4179106@outlook.com,+1-679-498-7796,San Francisco,28,Active,Bronze,Credit Card,2022-12-15,2024-05-17,8,4.7,English,iOS,Ad Campaign,No,5.41,Yes
8539939,Diana,Nelson,user8539939@proton.com,+1-873-849-9397,Detroit,35,Active,Bronze,App Wallet,2023-05-22,2023-06-05,50,3.4,Spanish,Android,Corporate Deal,No,0.15,Yes
8473064,Chloe,Scott,user8473064@yahoo.com,+1-554-752-7748,Miami,46,Active,Bronze,App Wallet,2020-10-18,2024-11-22,2,2.8,Spanish,iOS,App Store,Yes,0.84,Yes
3883657,Sofia,Adams,user3883657@proton.com,+1-969-240-2140,Miami,37,Inactive,Bronze,App Wallet,2019-02-02,2020-09-08,3,3.3,Spanish,Web,Social Media,No,50.96,Yes
1280901,Logan,Brown,user1280901@proton.com,+1-447-477-6857,New York,55,Suspended,Bronze,Corporate,2020-09-15,2020-11-27,6,4.2,Arabic,Android,Corporate Deal,Yes,15.89,Yes
9923437,Emma,White,user9923437@proton.com,+1-254-179-5617,New York,26,Active,Diamond,Debit Card,2022-12-29,2023-02-23,20,3.6,English,iOS,Organic,No,0.82,No
4666120,Chloe,Hall,user4666120@yahoo.com,+1-927-550-7843,Miami,51,Inactive,Bronze,Crypto,2019-02-19,2021-02-11,6,2.6,English,iOS,Corporate Deal,No,0.98,No
5618863,Tom,Hall,user5618863@outlook.com,+1-786-263-8491,Miami,27,Active,Bronze,Debit Card,2020-11-26,2023-06-18,1,4.7,Spanish,Android,Friend Referral,No,10.97,Yes
6555533,Carlos,Nguyen,user6555533@proton.com,+1-908-543-5414,Seattle,35,Active,Bronze,App Wallet,2022-09-17,2024-04-16,20,3.1,English,iOS,Friend Referral,No,0.09,Yes
6655965,James,Scott,user6655965@gmail.com,+1-463-523-1585,San Francisco,23,Active,Bronze,Debit Card,2021-09-17,2024-06-05,0,,English,Web,Social Media,No,10.02,Yes
3982460,Lucas,Garcia,user3982460@proton.com,+1-785-377-2322,Phoenix,23,Active,Platinum,Credit Card,2022-09-09,2023-11-20,15,5.0,English,Android,Organic,No,10.87,Yes
5195354,Layla,Rodriguez,user5195354@gmail.com,+1-601-876-7256,Las Vegas,64,Active,Bronze,Debit Card,2019-08-22,2022-07-02,5,3.9,Portuguese,iOS,Social Media,No,0.67,No
2978051,Kevin,Scott,user2978051@proton.com,+1-471-543-5444,San Francisco,46,Active,Gold,Credit Card,2019-09-04,2024-04-27,4,3.9,Spanish,Android,Ad Campaign,No,0.11,Yes
6854828,Aria,Green,user6854828@yahoo.com,+1-302-670-8970,Las Vegas,76,Active,Platinum,Credit Card,2022-07-29,2023-12-10,5,3.8,Arabic,Android,Friend Referral,No,0.37,Yes
8293560,Mia,Walker,user8293560@yahoo.com,+1-960-676-8873,Boston,21,Active,Bronze,App Wallet,2023-01-08,2024-03-15,20,3.0,Hindi,Android,Social Media,No,0.07,Yes
4281950,Lily,Baker,user4281950@proton.com,+1-910-987-4857,San Francisco,54,Active,Gold,App Wallet,2021-02-21,2021-11-28,6,4.7,English,iOS,Friend Referral,No,5.05,No
7072750,Isabella,Jackson,user7072750@outlook.com,+1-634-141-1811,Las Vegas,20,Active,Bronze,App Wallet,2022-07-27,2023-07-06,3,4.6,English,Web,Social Media,No,0.55,Yes
4562735,Ryan,Scott,user4562735@yahoo.com,+1-579-158-5708,Miami,75,Active,Silver,App Wallet,2020-02-05,2020-02-09,8,4.3,English,iOS,Corporate Deal,No,0.12,Yes
9747000,Andre,Torres,user9747000@proton.com,+1-305-114-7608,San Diego,57,Active,Platinum,Credit Card,2023-05-25,2023-12-08,8,4.6,Portuguese,Android,Friend Referral,No,0.29,Yes
1018818,Aria,Torres,user1018818@proton.com,+1-395-344-8200,New York,29,Active,Bronze,Debit Card,2023-01-23,2023-12-07,150,4.5,English,iOS,Corporate Deal,No,0.4,Yes
1101400,Liam,Clark,user1101400@outlook.com,+1-271-948-7098,San Diego,39,Suspended,Silver,Debit Card,2022-07-15,2023-01-31,75,4.9,English,iOS,Organic,No,30.14,Yes
6210021,Isabella,Lee,user6210021@gmail.com,+1-617-859-7738,Chicago,35,Inactive,Bronze,Credit Card,2022-07-04,2023-05-31,0,,Mandarin,iOS,Organic,No,0.66,Yes
2230605,Ethan,Carter,user2230605@gmail.com,+1-744-961-3783,Chicago,30,Inactive,Silver,App Wallet,2019-05-17,2024-04-17,6,2.7,English,Android,Corporate Deal,No,0.0,Yes
6005274,Aria,King,user6005274@proton.com,+1-303-322-4571,Seattle,42,Inactive,Bronze,Corporate,2020-05-19,2021-11-12,100,4.6,Korean,Android,Social Media,Yes,0.87,Yes
9605727,Jackson,Nelson,user9605727@gmail.com,+1-663-392-2625,Los Angeles,61,Inactive,Bronze,Credit Card,2021-11-26,2022-01-10,20,4.6,English,iOS,Ad Campaign,No,0.03,No
7226466,Emma,Hill,user7226466@gmail.com,+1-809-384-2731,Austin,34,Inactive,Silver,Debit Card,2019-07-17,2024-06-19,15,2.9,Hindi,Android,Friend Referral,No,5.17,Yes
6669327,Mia,Williams,user6669327@proton.com,+1-295-408-7219,Dallas,46,Active,Gold,Debit Card,2020-09-20,2021-05-03,10,2.9,English,Web,Ad Campaign,No,30.09,Yes
4433729,Aiden,Green,user4433729@gmail.com,+1-901-728-9554,Phoenix,35,Active,Bronze,App Wallet,2021-03-13,2021-12-18,6,2.5,English,iOS,Social Media,No,20.2,Yes
3443803,Kevin,Adams,user3443803@proton.com,+1-550-973-1165,San Diego,30,Active,Silver,Credit Card,2021-03-04,2022-07-10,8,3.3,Spanish,Android,Corporate Deal,No,5.89,No
3424948,Andre,Walker,user3424948@gmail.com,+1-717-755-1991,San Francisco,31,Active,Silver,Corporate,2021-04-09,2024-12-20,1,4.1,English,Android,App Store,No,0.73,Yes
1083554,Layla,Moore,user1083554@gmail.com,+1-314-202-6146,New York,34,Active,Silver,Credit Card,2022-06-30,2023-03-05,4,3.1,English,Android,Organic,No,0.06,Yes
7906063,Maria,Torres,user7906063@gmail.com,+1-597-857-8294,Atlanta,31,Active,Gold,App Wallet,2022-06-28,2024-05-28,3,5.0,Spanish,Web,App Store,Yes,0.56,Yes
9713400,Elijah,Adams,user9713400@outlook.com,+1-974-327-6775,Detroit,64,Inactive,Silver,Credit Card,2022-11-07,2023-11-01,6,3.3,English,Android,Friend Referral,No,30.92,Yes
1884479,Oscar,Baker,user1884479@yahoo.com,+1-651-396-7416,Atlanta,76,Active,Bronze,Corporate,2022-05-05,2024-01-22,8,3.9,English,Android,Friend Referral,Yes,0.49,Yes
6054195,Ethan,White,user6054195@proton.com,+1-588-773-2658,Chicago,36,Suspended,Bronze,Credit Card,2019-07-07,2021-06-03,1,4.0,Portuguese,iOS,App Store,Yes,15.82,Yes
1569394,Lucas,Allen,user1569394@gmail.com,+1-434-812-9065,Denver,27,Active,Silver,Credit Card,2021-07-29,2023-08-12,15,4.9,English,iOS,Organic,No,0.37,Yes
4665620,Emily,Allen,user4665620@gmail.com,+1-409-770-3065,Seattle,20,Suspended,Bronze,Promo Credit,2020-07-21,2021-10-31,5,4.6,Spanish,Android,Friend Referral,No,0.29,No
4241453,Elijah,Smith,user4241453@gmail.com,+1-849-568-6489,Boston,22,Inactive,Gold,Credit Card,2021-10-08,2024-03-29,150,3.2,English,iOS,Friend Referral,No,5.13,Yes
3685892,Mason,Nelson,user3685892@outlook.com,+1-492-911-5211,Miami,41,Suspended,Bronze,Corporate,2020-01-21,2023-04-02,4,4.2,English,iOS,Organic,Yes,0.39,Yes
4577612,Isabella,Harris,user4577612@gmail.com,+1-900-968-7256,Houston,32,Active,Platinum,Debit Card,2023-02-04,2023-11-29,2,3.9,Spanish,iOS,Ad Campaign,No,0.32,Yes
5760015,Priya,Smith,user5760015@proton.com,+1-737-991-4931,Denver,50,Active,Bronze,Debit Card,2022-03-02,2023-03-21,1,2.6,English,Android,Ad Campaign,No,30.78,Yes
7607278,Sarah,Hall,user7607278@outlook.com,+1-574-711-4340,Seattle,36,Active,Silver,Credit Card,2021-05-25,2021-06-01,1,3.3,Spanish,iOS,Social Media,No,0.1,Yes
3874978,Mason,Martinez,user3874978@outlook.com,+1-609-744-5135,Austin,33,Active,Bronze,App Wallet,2021-06-22,2023-01-14,50,3.9,English,iOS,Friend Referral,No,0.8,Yes
4037304,Zoe,Hill,user4037304@outlook.com,+1-880-873-7792,San Francisco,43,Active,Silver,Debit Card,2021-09-09,2023-10-11,30,4.9,French,Android,Friend Referral,No,20.39,Yes
5113433,Ethan,Johnson,user5113433@gmail.com,+1-403-295-7820,Denver,62,Active,Bronze,Credit Card,2020-02-15,2023-03-12,8,3.2,English,iOS,Social Media,Yes,30.77,No
8436315,Carlos,Martinez,user8436315@outlook.com,+1-558-489-7682,Houston,27,Active,Silver,Corporate,2020-03-02,2022-08-18,10,4.4,Arabic,Android,Corporate Deal,No,0.17,Yes
9939218,Ryan,Adams,user9939218@yahoo.com,+1-547-572-1161,San Francisco,32,Active,Bronze,Credit Card,2021-12-14,2024-01-10,3,3.5,Mandarin,Web,Social Media,No,50.11,Yes
7749867,Andre,Wright,user7749867@outlook.com,+1-949-419-7067,Los Angeles,40,Active,Platinum,App Wallet,2022-01-20,2023-09-04,20,4.4,English,iOS,Organic,No,10.04,Yes
1744521,Ethan,Martinez,user1744521@gmail.com,+1-312-919-6553,Seattle,39,Active,Bronze,Promo Credit,2020-07-29,2024-10-10,5,3.6,Hindi,iOS,App Store,No,0.34,Yes
2130201,Jackson,Wright,user2130201@gmail.com,+1-736-634-2678,Denver,44,Active,Platinum,Credit Card,2021-09-02,2024-02-07,6,4.4,English,Android,Ad Campaign,No,5.05,Yes
9757424,Emma,Green,user9757424@gmail.com,+1-463-364-5418,Orlando,47,Active,Silver,Credit Card,2022-11-26,2023-12-16,15,4.1,French,iOS,Social Media,Yes,20.16,Yes
4416199,Yuki,Hill,user4416199@gmail.com,+1-495-122-4406,Los Angeles,36,Active,Gold,Corporate,2021-01-14,2024-03-10,50,4.1,English,Android,Organic,No,0.77,Yes
6903153,Andre,Flores,user6903153@outlook.com,+1-832-259-9762,Portland,37,Active,Silver,App Wallet,2022-01-16,2024-08-07,5,2.9,Spanish,Android,Corporate Deal,No,0.28,Yes
3463351,Fatima,Allen,user3463351@outlook.com,+1-441-227-5998,Atlanta,34,Active,Silver,App Wallet,2022-01-17,2022-05-07,1,4.0,Mandarin,Web,Friend Referral,No,0.08,Yes
2563875,Diana,Wright,user2563875@proton.com,+1-861-977-2174,Denver,23,Active,Silver,Credit Card,2019-12-21,2024-04-21,30,4.8,English,iOS,Corporate Deal,No,30.56,Yes
1908213,Riley,Adams,user1908213@proton.com,+1-560-198-4706,San Francisco,35,Active,Bronze,Debit Card,2022-01-15,2022-07-08,8,2.8,English,iOS,Organic,No,10.6,Yes
6268380,Ryan,Flores,user6268380@gmail.com,+1-686-193-3072,Los Angeles,30,Pending Verification,Silver,App Wallet,2022-09-07,2024-01-25,5,4.2,French,iOS,Organic,No,0.5,Yes
5019801,Lisa,Baker,user5019801@gmail.com,+1-773-206-6181,Miami,24,Active,Gold,Promo Credit,2022-08-11,2022-11-05,5,3.4,English,iOS,Ad Campaign,Yes,5.11,Yes
8426908,Elijah,Brown,user8426908@yahoo.com,+1-904-390-2334,Las Vegas,19,Active,Bronze,Credit Card,2019-04-12,2023-01-29,10,3.9,English,iOS,Corporate Deal,Yes,20.01,Yes
6691609,Aisha,Davis,user6691609@yahoo.com,+1-876-915-5601,Phoenix,19,Active,Bronze,Credit Card,2019-03-28,2021-10-17,10,3.9,English,Android,Ad Campaign,No,20.73,Yes
9036932,Grayson,Smith,user9036932@outlook.com,+1-487-920-5586,Chicago,69,Active,Gold,Debit Card,2019-10-13,2024-03-16,0,,Spanish,iOS,Organic,No,0.81,Yes
1854422,Logan,Martin,user1854422@proton.com,+1-737-372-7033,Seattle,49,Active,Silver,Debit Card,2019-08-05,2021-07-02,75,3.9,Korean,Android,Organic,Yes,0.04,Yes
8376976,Diana,Smith,user8376976@yahoo.com,+1-904-412-1586,New York,35,Active,Bronze,App Wallet,2022-12-29,2024-10-14,5,4.7,English,Android,App Store,No,0.52,Yes
5713952,Tom,Robinson,user5713952@gmail.com,+1-339-806-3489,Los Angeles,35,Active,Bronze,Credit Card,2023-02-26,2024-07-16,1,3.3,English,iOS,Corporate Deal,No,10.68,Yes
3506512,Lily,Walker,user3506512@outlook.com,+1-828-682-4276,New York,25,Inactive,Bronze,Credit Card,2021-12-12,2023-07-09,15,3.7,English,Android,Corporate Deal,No,0.2,No
3623855,Andre,Taylor,user3623855@proton.com,+1-836-776-6893,Seattle,32,Suspended,Silver,Credit Card,2019-03-28,2024-01-15,3,3.6,English,Web,Ad Campaign,No,0.3,Yes
8010729,Sarah,Allen,user8010729@proton.com,+1-813-481-7196,New York,31,Active,Bronze,Corporate,2023-03-19,2023-05-06,5,4.8,Korean,Android,App Store,Yes,20.22,Yes
2279477,Ryan,Jones,user2279477@proton.com,+1-646-957-3835,Seattle,40,Inactive,Gold,App Wallet,2019-11-12,2022-06-30,50,3.9,English,iOS,Corporate Deal,No,10.08,Yes
2239678,Noah,Jones,user2239678@outlook.com,+1-269-670-4587,Miami,24,Active,Gold,Corporate,2021-10-10,2024-10-27,2,4.5,English,Web,Friend Referral,No,5.09,Yes
6381199,Grayson,Johnson,user6381199@gmail.com,+1-984-980-7786,Phoenix,29,Active,Bronze,Credit Card,2022-04-25,2022-12-01,75,3.1,English,iOS,App Store,Yes,0.31,Yes
7655450,Liam,White,user7655450@gmail.com,+1-983-816-1253,Los Angeles,45,Active,Silver,Credit Card,2019-09-07,2023-10-10,200,4.7,Spanish,iOS,Social Media,No,10.29,Yes
3184034,Emma,Robinson,user3184034@yahoo.com,+1-704-924-5633,Los Angeles,33,Active,Bronze,App Wallet,2022-04-24,2022-07-17,4,2.7,English,Web,Friend Referral,No,0.65,Yes
9981212,Aisha,Green,user9981212@yahoo.com,+1-290-964-2290,San Francisco,40,Active,Gold,Debit Card,2021-08-10,2022-04-01,30,3.6,English,Android,App Store,No,10.9,Yes
1198780,Noah,Williams,user1198780@proton.com,+1-227-859-7808,Miami,69,Active,Bronze,Promo Credit,2019-05-11,2019-08-01,3,3.1,Hindi,Android,Friend Referral,No,10.79,Yes
4708005,Logan,Brown,user4708005@gmail.com,+1-944-770-6727,San Francisco,40,Pending Verification,Bronze,Debit Card,2020-10-21,2024-07-10,150,4.9,Spanish,Android,App Store,No,5.3,Yes
4742150,Carlos,Baker,user4742150@yahoo.com,+1-286-296-7690,Minneapolis,43,Active,Platinum,Credit Card,2022-07-18,2023-05-26,200,4.4,English,Android,Ad Campaign,Yes,0.24,Yes
2826037,Wei,Walker,user2826037@proton.com,+1-614-750-3265,Detroit,18,Active,Gold,Credit Card,2022-07-30,2024-12-09,15,2.8,Spanish,Android,Friend Referral,Yes,0.09,Yes
1575083,Mia,Clark,user1575083@proton.com,+1-263-105-3882,Chicago,33,Inactive,Bronze,Credit Card,2023-03-31,2023-07-11,5,2.7,English,iOS,Friend Referral,No,5.34,Yes
4671296,Wei,Garcia,user4671296@outlook.com,+1-460-904-5878,Las Vegas,29,Active,Bronze,App Wallet,2021-09-09,2023-05-24,50,3.1,English,Android,App Store,No,5.84,Yes
9132101,Diana,Moore,user9132101@outlook.com,+1-888-708-6136,Phoenix,55,Active,Silver,App Wallet,2019-05-31,2020-04-05,5,2.5,English,Android,Organic,No,0.64,Yes
1868137,Diana,Torres,user1868137@gmail.com,+1-450-304-7337,Boston,32,Active,Platinum,Credit Card,2021-02-27,2024-05-12,5,4.4,Portuguese,iOS,Friend Referral,Yes,10.71,Yes
3514240,Yuki,Baker,user3514240@proton.com,+1-742-362-9103,Austin,31,Active,Silver,App Wallet,2020-09-04,2024-03-03,10,4.8,Mandarin,iOS,Social Media,No,0.81,Yes
4924978,Sarah,Thomas,user4924978@proton.com,+1-236-642-4054,San Diego,31,Active,Platinum,Corporate,2019-11-23,2021-04-12,8,3.7,English,Web,Organic,No,20.76,Yes
1672762,Carlos,Nguyen,user1672762@yahoo.com,+1-491-126-7308,Los Angeles,28,Active,Silver,Credit Card,2023-01-15,2023-02-11,15,3.8,Spanish,iOS,Ad Campaign,No,0.36,Yes
9534891,Mia,Lewis,user9534891@proton.com,+1-326-194-7118,San Diego,34,Active,Diamond,Credit Card,2019-01-09,2023-10-06,1,4.1,English,iOS,Social Media,No,0.49,Yes
7650663,Layla,Martin,user7650663@outlook.com,+1-934-690-7147,Las Vegas,52,Active,Bronze,Corporate,2022-02-21,2023-12-01,1,2.6,English,Android,Corporate Deal,No,0.09,Yes
3374074,Maria,Hill,user3374074@outlook.com,+1-354-263-1614,New York,55,Inactive,Platinum,App Wallet,2022-09-07,2023-03-30,6,3.0,Mandarin,iOS,Friend Referral,No,0.13,Yes
2609857,Jackson,Miller,user2609857@gmail.com,+1-460-472-6922,Phoenix,50,Active,Bronze,App Wallet,2022-10-16,2024-02-05,2,4.2,English,Web,Organic,No,0.61,Yes
1633021,Ava,Young,user1633021@gmail.com,+1-492-496-8798,Atlanta,69,Active,Bronze,Credit Card,2020-11-09,2024-02-17,4,2.6,English,iOS,Corporate Deal,No,0.45,Yes
8755233,Wei,Torres,user8755233@outlook.com,+1-401-108-2031,Los Angeles,49,Active,Silver,Debit Card,2022-02-21,2022-10-19,20,3.5,French,iOS,Corporate Deal,No,0.32,Yes
1799820,Oscar,Harris,user1799820@gmail.com,+1-261-700-3110,Phoenix,18,Active,Bronze,Corporate,2020-03-04,2021-04-29,4,3.0,English,Android,App Store,No,30.31,Yes
2379661,Lisa,Jones,user2379661@gmail.com,+1-895-495-9396,Dallas,24,Inactive,Bronze,Promo Credit,2021-08-11,2024-12-22,4,4.4,English,Android,App Store,No,0.55,Yes
2690516,Sarah,Rodriguez,user2690516@proton.com,+1-503-332-1182,Los Angeles,43,Active,Gold,Credit Card,2020-06-07,2024-02-08,50,3.3,Hindi,Android,App Store,No,0.2,Yes
6259114,Lucas,Williams,user6259114@gmail.com,+1-728-539-2573,Seattle,30,Active,Diamond,Debit Card,2019-11-08,2023-05-06,3,4.6,Spanish,Web,App Store,No,30.42,No
3362668,Oscar,Taylor,user3362668@proton.com,+1-990-274-6125,Miami,19,Active,Bronze,Credit Card,2020-03-23,2023-05-27,50,3.8,English,iOS,Organic,No,50.48,Yes
1979435,Lisa,Robinson,user1979435@gmail.com,+1-795-126-8135,Boston,32,Active,Bronze,Credit Card,2019-02-21,2022-03-09,50,3.6,Portuguese,Android,Ad Campaign,No,0.29,No
7025313,Ryan,Martin,user7025313@yahoo.com,+1-956-246-6475,Minneapolis,40,Active,Bronze,Credit Card,2022-10-21,2023-10-16,10,4.3,English,Android,Ad Campaign,No,0.18,Yes
9006360,Jake,Carter,user9006360@outlook.com,+1-228-725-5263,New York,33,Inactive,Bronze,Promo Credit,2021-07-27,2022-05-30,8,5.0,English,iOS,Social Media,No,0.38,No
8963078,Ethan,Miller,user8963078@proton.com,+1-414-510-3506,Chicago,52,Active,Bronze,Corporate,2022-10-12,2024-01-20,50,3.1,English,Android,Social Media,No,5.45,Yes
7500754,Emily,King,user7500754@yahoo.com,+1-944-974-3734,Los Angeles,30,Active,Bronze,Debit Card,2020-08-25,2023-11-20,4,3.5,Portuguese,Android,Corporate Deal,No,5.05,No
4491918,Mason,Nelson,user4491918@yahoo.com,+1-418-250-8079,Las Vegas,39,Active,Silver,Credit Card,2020-10-05,2021-12-13,3,3.6,Arabic,iOS,Friend Referral,No,0.59,Yes
2061237,Maria,Martin,user2061237@yahoo.com,+1-272-345-3220,San Diego,63,Active,Bronze,Debit Card,2019-09-29,2021-07-21,100,4.9,Korean,iOS,Corporate Deal,No,0.75,Yes
1851119,Sofia,Martin,user1851119@gmail.com,+1-704-254-4024,Austin,43,Active,Silver,Credit Card,2021-12-20,2024-02-28,15,4.0,Portuguese,iOS,Organic,No,0.61,Yes
5956844,Diana,Nelson,user5956844@outlook.com,+1-252-183-9565,Portland,26,Suspended,Gold,Debit Card,2023-03-17,2024-09-15,30,3.8,English,Android,Social Media,No,0.97,Yes
7635895,Aria,Young,user7635895@outlook.com,+1-322-426-9218,Austin,43,Active,Silver,Crypto,2019-07-09,2021-01-19,10,3.7,Spanish,Android,App Store,No,50.9,Yes
9600124,Aria,Young,user9600124@yahoo.com,+1-208-515-4265,Los Angeles,41,Active,Bronze,Corporate,2020-05-05,2023-02-25,5,4.4,Korean,Android,Corporate Deal,No,0.33,Yes
1204808,Emma,Anderson,user1204808@yahoo.com,+1-255-703-6112,San Francisco,31,Active,Silver,App Wallet,2023-02-25,2024-01-25,3,4.0,English,iOS,Social Media,No,0.36,Yes
3461633,Aisha,Taylor,user3461633@yahoo.com,+1-520-786-3455,Los Angeles,47,Active,Diamond,Debit Card,2019-12-29,2021-08-06,2,3.8,English,Android,Corporate Deal,Yes,0.12,Yes
8149522,Carlos,Baker,user8149522@gmail.com,+1-322-508-3434,Austin,43,Inactive,Diamond,Debit Card,2020-10-13,2022-04-26,20,4.3,Spanish,Android,Social Media,No,20.55,Yes
2734461,Emma,Jones,user2734461@proton.com,+1-643-182-3358,Miami,56,Active,Bronze,Crypto,2021-09-24,2024-08-02,2,3.7,English,iOS,App Store,No,0.0,Yes
3819828,Noah,Clark,user3819828@outlook.com,+1-579-394-8379,San Francisco,35,Pending Verification,Bronze,Credit Card,2021-03-04,2021-04-21,8,5.0,English,Android,Social Media,Yes,10.25,Yes
3490771,Oliver,Rodriguez,user3490771@proton.com,+1-559-752-2357,Chicago,37,Active,Silver,App Wallet,2020-11-10,2022-09-25,8,4.4,Mandarin,iOS,Organic,No,0.95,Yes
1804549,Layla,Nelson,user1804549@proton.com,+1-581-814-2275,San Francisco,47,Active,Gold,App Wallet,2022-10-07,2023-08-08,5,3.9,English,iOS,App Store,Yes,10.41,Yes
8949406,Mei,Taylor,user8949406@yahoo.com,+1-842-722-3365,New York,72,Suspended,Silver,Credit Card,2021-03-10,2023-03-03,100,2.6,Arabic,iOS,Ad Campaign,No,20.02,Yes
5013956,Priya,Baker,user5013956@proton.com,+1-857-470-7565,Orlando,30,Active,Bronze,Crypto,2020-05-04,2022-06-28,6,3.9,Spanish,Android,Ad Campaign,No,0.88,Yes
9425414,Emily,Martinez,user9425414@yahoo.com,+1-421-974-6626,Atlanta,47,Active,Bronze,App Wallet,2021-08-13,2023-01-24,2,4.7,English,iOS,App Store,No,0.07,No
1026404,Nina,King,user1026404@outlook.com,+1-486-163-3047,Los Angeles,58,Active,Bronze,Credit Card,2020-01-07,2021-09-08,10,3.3,English,Web,Organic,No,0.19,Yes
5655351,Emily,Carter,user5655351@proton.com,+1-383-348-5575,Atlanta,40,Active,Bronze,Credit Card,2020-06-05,2023-01-25,8,2.8,Portuguese,iOS,Friend Referral,Yes,30.0,No
6206732,Sofia,Carter,user6206732@proton.com,+1-328-706-8708,Las Vegas,39,Active,Bronze,App Wallet,2022-03-12,2024-01-02,5,3.4,English,Android,Friend Referral,No,5.39,Yes
4756772,Logan,Mitchell,user4756772@outlook.com,+1-240-752-9993,Seattle,68,Inactive,Gold,Debit Card,2020-12-26,2021-10-14,30,4.4,Arabic,iOS,Ad Campaign,No,0.71,Yes
8788277,Priya,Jones,user8788277@outlook.com,+1-859-668-9729,Austin,48,Active,Gold,App Wallet,2020-01-11,2020-09-12,20,4.8,Mandarin,iOS,Social Media,No,0.6,Yes
5687907,Ryan,Jones,user5687907@yahoo.com,+1-731-144-1526,Detroit,36,Active,Platinum,Credit Card,2019-06-06,2023-02-20,1,2.6,Spanish,iOS,Corporate Deal,No,5.7,Yes
8619647,Nina,Thomas,user8619647@gmail.com,+1-366-365-7367,Los Angeles,40,Inactive,Bronze,Credit Card,2023-05-02,2023-11-12,8,3.5,English,iOS,Ad Campaign,Yes,5.68,Yes
3081446,Aria,Williams,user3081446@outlook.com,+1-380-152-8133,Nashville,50,Pending Verification,Bronze,Corporate,2019-08-04,2021-01-04,4,3.1,Portuguese,Android,Friend Referral,No,20.27,Yes
6354581,Logan,Wright,user6354581@gmail.com,+1-600-647-2162,New York,34,Active,Bronze,Debit Card,2019-01-12,2019-10-05,15,4.6,Portuguese,iOS,Corporate Deal,No,10.2,No
7785188,Riley,Torres,user7785188@gmail.com,+1-661-854-3620,San Francisco,40,Active,Bronze,App Wallet,2020-03-24,2021-03-11,6,2.9,English,Android,Social Media,No,0.52,Yes
4321096,Liam,Carter,user4321096@gmail.com,+1-731-799-9289,Seattle,36,Inactive,Bronze,Promo Credit,2022-12-30,2023-08-06,75,4.8,French,iOS,App Store,No,0.19,Yes
9393570,Kevin,Garcia,user9393570@proton.com,+1-318-435-5306,Los Angeles,29,Active,Platinum,App Wallet,2020-07-25,2024-09-25,5,3.2,French,Android,Ad Campaign,No,0.31,Yes
8414169,Mohammed,Torres,user8414169@yahoo.com,+1-535-830-8270,Las Vegas,34,Active,Bronze,Debit Card,2022-04-03,2022-08-26,8,3.7,Spanish,Android,Organic,No,15.11,Yes
1919519,Isabella,Brown,user1919519@gmail.com,+1-995-510-2699,New York,39,Active,Silver,Debit Card,2020-09-09,2022-03-22,5,4.7,English,iOS,Friend Referral,No,0.53,Yes
2103773,Chloe,Davis,user2103773@proton.com,+1-467-371-7528,Boston,33,Active,Silver,App Wallet,2021-03-27,2023-01-07,50,3.6,English,iOS,App Store,No,10.93,Yes
3565100,Wei,Rodriguez,user3565100@yahoo.com,+1-436-792-7444,Los Angeles,65,Active,Silver,App Wallet,2020-01-09,2020-02-13,5,4.5,Arabic,iOS,Organic,No,10.75,Yes
9529208,Logan,Green,user9529208@gmail.com,+1-761-160-8365,Portland,39,Inactive,Bronze,Debit Card,2019-10-01,2022-06-03,15,4.2,Mandarin,Android,Corporate Deal,No,0.07,Yes
3523138,Ryan,Flores,user3523138@yahoo.com,+1-235-634-7298,Seattle,47,Active,Gold,Debit Card,2020-12-20,2021-05-04,50,4.7,Mandarin,iOS,Organic,No,0.4,Yes
7043092,Oscar,Lee,user7043092@gmail.com,+1-567-506-9477,Houston,57,Active,Silver,Credit Card,2020-05-06,2023-02-19,6,3.8,English,iOS,Social Media,No,20.03,Yes
5731674,Chloe,Hall,user5731674@proton.com,+1-920-974-9097,New York,38,Active,Bronze,App Wallet,2020-06-04,2024-01-16,10,2.7,Spanish,Android,Corporate Deal,No,0.6,No
2998968,Noah,Brown,user2998968@yahoo.com,+1-785-606-8731,Austin,24,Active,Silver,Debit Card,2022-07-28,2023-04-01,3,4.1,Korean,Android,Friend Referral,No,0.6,Yes
2142096,Chloe,Thomas,user2142096@yahoo.com,+1-461-931-7886,Miami,63,Active,Bronze,Corporate,2021-10-08,2022-09-20,15,3.0,English,Android,Friend Referral,No,5.26,Yes
2966104,Ava,Wilson,user2966104@proton.com,+1-305-730-6611,Detroit,39,Active,Platinum,Corporate,2022-09-09,2024-09-17,15,3.0,English,iOS,Ad Campaign,Yes,0.88,Yes
8822569,Ava,Torres,user8822569@proton.com,+1-231-565-8336,Las Vegas,44,Active,Gold,Credit Card,2022-07-08,2024-07-17,3,4.7,Portuguese,iOS,Organic,No,0.44,Yes
5864241,Oscar,Robinson,user5864241@proton.com,+1-607-359-7620,San Diego,70,Active,Bronze,Credit Card,2023-03-11,2024-01-30,6,2.6,Spanish,Web,Friend Referral,No,5.69,Yes
5056701,Chloe,Lewis,user5056701@outlook.com,+1-439-958-8911,Austin,28,Inactive,Silver,App Wallet,2019-08-26,2024-08-05,3,3.4,English,Android,Social Media,No,15.79,Yes
5803993,Isabella,Harris,user5803993@gmail.com,+1-350-744-8982,San Francisco,38,Active,Bronze,Promo Credit,2019-10-22,2022-12-13,8,3.0,Spanish,iOS,Organic,No,0.08,Yes
2529448,Riley,Taylor,user2529448@gmail.com,+1-638-327-3035,Los Angeles,64,Active,Bronze,App Wallet,2021-09-18,2022-12-31,6,3.1,Spanish,iOS,App Store,No,0.98,Yes
7265758,Carlos,Moore,user7265758@outlook.com,+1-582-373-4553,Detroit,43,Active,Silver,App Wallet,2021-08-24,2023-05-25,6,3.5,English,Android,Corporate Deal,No,0.09,Yes
6396714,Ethan,Garcia,user6396714@gmail.com,+1-674-763-5609,New York,45,Active,Platinum,Promo Credit,2021-11-28,2022-05-09,4,2.6,Mandarin,iOS,Social Media,No,0.78,Yes
8524285,Lucas,Moore,user8524285@gmail.com,+1-235-979-8003,Phoenix,34,Pending Verification,Gold,Promo Credit,2019-12-04,2022-02-19,150,3.2,English,Android,Social Media,No,30.4,Yes
8723008,Oliver,Torres,user8723008@proton.com,+1-742-471-4235,Miami,27,Active,Silver,Credit Card,2020-09-01,2022-09-24,50,2.8,French,Web,App Store,No,0.45,Yes
8175923,Layla,Jones,user8175923@yahoo.com,+1-291-493-4223,Houston,42,Inactive,Silver,Debit Card,2019-12-18,2024-10-07,5,2.8,English,iOS,Corporate Deal,No,0.55,Yes
5266693,Mohammed,Wright,user5266693@gmail.com,+1-718-461-5455,Dallas,38,Active,Gold,Debit Card,2022-04-27,2024-02-21,1,4.4,English,Android,Organic,No,20.98,Yes
9590399,Aria,Wilson,user9590399@yahoo.com,+1-777-535-4657,Detroit,49,Active,Bronze,Credit Card,2022-10-07,2024-11-08,20,3.3,Spanish,Android,Social Media,No,0.16,Yes
3310759,Emma,Wright,user3310759@gmail.com,+1-442-668-6071,Atlanta,69,Active,Gold,App Wallet,2019-09-26,2021-05-16,6,4.5,English,Android,Organic,No,0.96,Yes
8896905,Wei,Walker,user8896905@proton.com,+1-503-462-8319,Los Angeles,39,Active,Gold,Credit Card,2022-09-19,2023-12-05,10,4.2,Spanish,iOS,Social Media,No,0.78,Yes
5404090,Lucas,Carter,user5404090@proton.com,+1-489-101-4148,Atlanta,52,Active,Silver,Promo Credit,2019-05-30,2021-03-29,0,,Spanish,Android,Social Media,No,0.14,Yes
8096749,Oliver,Nelson,user8096749@yahoo.com,+1-663-760-3950,Detroit,36,Active,Silver,Corporate,2019-06-11,2022-08-07,100,2.5,Spanish,iOS,App Store,No,0.17,Yes
7727100,Mason,King,user7727100@proton.com,+1-631-500-9369,Minneapolis,42,Active,Silver,Promo Credit,2022-08-25,2023-06-15,3,4.4,Arabic,Android,App Store,Yes,15.54,Yes
3903944,Sarah,Moore,user3903944@outlook.com,+1-981-416-5223,Phoenix,33,Active,Bronze,Credit Card,2019-04-29,2023-04-17,10,2.7,French,Android,Social Media,No,0.34,Yes
5319087,Ava,Flores,user5319087@gmail.com,+1-367-368-1261,San Francisco,29,Active,Gold,Debit Card,2022-06-27,2023-01-31,4,3.7,Mandarin,iOS,Ad Campaign,No,5.18,Yes
3326217,Tom,Smith,user3326217@proton.com,+1-692-665-8554,Los Angeles,19,Active,Bronze,Credit Card,2019-05-09,2021-08-10,10,3.8,English,Android,Corporate Deal,No,5.09,Yes
1800928,Oscar,Allen,user1800928@gmail.com,+1-354-651-6378,Miami,40,Active,Bronze,Credit Card,2021-06-27,2022-05-08,30,3.3,Arabic,iOS,Ad Campaign,No,0.11,No
7845679,Ethan,Hill,user7845679@outlook.com,+1-402-626-7098,Seattle,37,Active,Bronze,Credit Card,2022-11-04,2023-09-24,3,4.7,English,Web,Corporate Deal,No,0.61,Yes
2422995,Jackson,Jackson,user2422995@gmail.com,+1-768-626-6159,San Francisco,25,Active,Silver,Promo Credit,2021-04-21,2024-03-17,30,4.8,Spanish,iOS,Organic,No,0.01,Yes
1591172,Riley,Smith,user1591172@proton.com,+1-806-534-8631,San Diego,30,Active,Silver,Debit Card,2022-10-30,2024-04-18,8,3.5,Spanish,Android,App Store,No,0.3,Yes
9692347,Layla,Torres,user9692347@outlook.com,+1-338-886-2307,San Francisco,51,Active,Gold,Credit Card,2019-05-11,2023-05-13,20,4.6,English,iOS,Organic,No,0.12,Yes
3231079,Emma,Hall,user3231079@proton.com,+1-739-311-4990,Boston,29,Active,Gold,Debit Card,2019-06-29,2020-04-28,4,3.7,English,iOS,Friend Referral,Yes,0.66,Yes
1691113,Ryan,Miller,user1691113@yahoo.com,+1-688-845-2802,Houston,46,Pending Verification,Silver,App Wallet,2023-01-17,2023-11-25,6,4.7,Spanish,Android,Corporate Deal,No,0.23,Yes
7532074,David,King,user7532074@gmail.com,+1-796-524-5671,Atlanta,49,Active,Bronze,Credit Card,2019-10-20,2022-09-23,75,4.4,Spanish,iOS,Corporate Deal,No,0.12,Yes
9936682,Oscar,Martinez,user9936682@proton.com,+1-966-126-7887,Phoenix,63,Active,Silver,Corporate,2021-05-01,2021-08-11,10,3.8,Hindi,Web,Friend Referral,No,0.04,Yes
2063052,Aria,Lee,user2063052@gmail.com,+1-933-574-8410,Boston,29,Active,Silver,App Wallet,2021-04-23,2023-12-29,15,4.1,English,Android,Ad Campaign,No,0.53,Yes
2192561,Riley,Wright,user2192561@outlook.com,+1-978-318-7575,Los Angeles,44,Pending Verification,Bronze,Debit Card,2019-04-02,2020-08-17,4,4.6,French,iOS,Ad Campaign,No,0.63,Yes
4230379,Maria,Williams,user4230379@yahoo.com,+1-743-925-3448,Detroit,69,Active,Bronze,Credit Card,2021-12-15,2023-06-07,4,3.7,English,iOS,Organic,No,0.07,Yes
3343494,Tom,Harris,user3343494@outlook.com,+1-755-346-3259,Minneapolis,28,Active,Bronze,Corporate,2021-03-13,2023-02-06,2,4.1,Hindi,iOS,Organic,No,10.55,Yes
8290276,Emma,Rodriguez,user8290276@gmail.com,+1-297-881-9859,Austin,41,Active,Silver,Credit Card,2023-05-13,2024-08-19,15,4.5,Spanish,Android,Social Media,No,20.01,Yes
8507953,Noah,Miller,user8507953@proton.com,+1-612-579-1961,Houston,28,Active,Gold,App Wallet,2020-06-23,2021-08-29,8,4.3,Arabic,iOS,Organic,No,0.2,Yes
2887599,Sofia,Jackson,user2887599@proton.com,+1-672-776-9563,Dallas,40,Active,Silver,Debit Card,2019-01-30,2022-06-06,3,4.0,English,Android,Ad Campaign,No,30.06,Yes
8940553,James,Harris,user8940553@outlook.com,+1-268-639-8484,Detroit,20,Active,Silver,Debit Card,2023-02-02,2024-02-16,8,4.0,English,Android,Organic,No,0.09,Yes
5408345,Liam,Miller,user5408345@outlook.com,+1-864-689-8193,Orlando,40,Active,Silver,Debit Card,2023-01-16,2024-05-27,5,4.7,English,iOS,Organic,No,10.04,Yes
5231132,Emily,Brown,user5231132@proton.com,+1-927-192-5128,San Diego,77,Active,Platinum,Credit Card,2019-08-14,2024-07-24,6,4.1,English,iOS,Social Media,No,0.64,Yes
4684487,Lisa,Allen,user4684487@gmail.com,+1-964-404-1373,Seattle,36,Active,Platinum,Debit Card,2022-07-19,2023-10-10,8,4.1,Korean,iOS,Ad Campaign,No,0.29,No
3772287,Tom,Carter,user3772287@proton.com,+1-362-922-6158,Austin,51,Active,Bronze,Credit Card,2019-09-15,2023-03-30,8,3.8,English,Android,App Store,No,0.8,Yes
7180336,Sofia,Hill,user7180336@outlook.com,+1-545-336-8972,Miami,71,Active,Silver,Credit Card,2022-05-30,2024-09-08,6,3.8,English,iOS,Friend Referral,No,0.14,Yes
1223132,Nina,Rodriguez,user1223132@gmail.com,+1-637-646-5757,New York,37,Inactive,Silver,Credit Card,2022-11-27,2023-03-02,15,4.4,Spanish,Android,Social Media,No,0.95,Yes
1219022,Kevin,Martinez,user1219022@outlook.com,+1-881-639-5954,Seattle,29,Active,Bronze,Credit Card,2022-01-19,2022-06-01,6,2.6,Mandarin,iOS,App Store,No,0.3,Yes
8863424,James,Rodriguez,user8863424@outlook.com,+1-703-569-3272,Chicago,68,Active,Gold,Debit Card,2020-06-11,2024-12-14,2,3.3,Hindi,Android,Social Media,No,0.3,Yes
5823022,Kevin,Jackson,user5823022@yahoo.com,+1-555-303-4159,Denver,31,Active,Gold,Debit Card,2021-07-01,2024-04-17,15,4.1,Spanish,iOS,App Store,No,0.94,Yes
5356929,Isabella,Wright,user5356929@proton.com,+1-569-662-3326,San Diego,34,Active,Gold,Credit Card,2020-08-17,2024-02-08,6,4.6,Spanish,iOS,Ad Campaign,No,0.21,Yes
6024438,Elijah,Rodriguez,user6024438@proton.com,+1-968-532-3358,Dallas,41,Active,Silver,Debit Card,2020-02-13,2020-07-05,5,3.2,English,iOS,Social Media,Yes,15.88,Yes
8754623,Wei,Flores,user8754623@yahoo.com,+1-539-854-5160,Seattle,30,Active,Gold,Debit Card,2022-07-21,2024-01-13,100,4.4,English,Android,Social Media,No,0.93,Yes
7983349,Sofia,Harris,user7983349@yahoo.com,+1-599-536-6324,Seattle,38,Inactive,Silver,App Wallet,2020-08-25,2023-03-03,4,4.7,French,Android,Organic,No,20.36,Yes
1253088,Tom,Anderson,user1253088@proton.com,+1-234-391-4928,San Francisco,28,Active,Gold,Promo Credit,2022-06-07,2023-03-17,1,3.6,Spanish,iOS,Friend Referral,No,0.94,Yes
6387028,Isabella,Johnson,user6387028@outlook.com,+1-936-570-5504,San Diego,24,Inactive,Bronze,App Wallet,2021-05-04,2023-06-06,3,4.0,English,iOS,Organic,No,5.87,Yes
1630415,Zoe,Harris,user1630415@yahoo.com,+1-798-857-3249,San Diego,43,Active,Silver,Credit Card,2019-12-26,2022-04-02,3,4.8,Portuguese,Android,Corporate Deal,No,0.19,Yes
1378556,Isabella,Martinez,user1378556@outlook.com,+1-979-332-9819,Boston,75,Active,Bronze,Debit Card,2021-05-10,2023-03-28,10,2.9,English,Android,Friend Referral,Yes,0.07,Yes
7276595,Aisha,Taylor,user7276595@proton.com,+1-691-399-9758,Houston,37,Inactive,Silver,Credit Card,2021-03-11,2023-07-30,4,4.6,Spanish,iOS,Friend Referral,No,0.78,Yes
3407343,Carlos,Miller,user3407343@yahoo.com,+1-853-187-9542,Las Vegas,38,Inactive,Diamond,Promo Credit,2022-01-13,2024-08-11,3,3.6,English,iOS,App Store,No,0.94,Yes
7040407,Lucas,Smith,user7040407@gmail.com,+1-429-894-7671,Phoenix,52,Active,Bronze,Credit Card,2019-05-19,2021-12-05,10,4.3,English,iOS,Corporate Deal,No,0.89,Yes
6960921,Emily,Robinson,user6960921@yahoo.com,+1-261-699-3560,Chicago,66,Active,Bronze,Credit Card,2019-01-20,2020-07-08,10,4.5,Spanish,Android,Friend Referral,No,10.69,Yes
6503450,Emily,Brown,user6503450@proton.com,+1-853-845-7237,Phoenix,31,Active,Bronze,Credit Card,2023-03-24,2024-01-15,30,3.8,English,Android,Organic,No,5.85,No
6957760,Priya,Miller,user6957760@proton.com,+1-967-925-5449,Los Angeles,34,Inactive,Platinum,App Wallet,2019-12-31,2024-04-12,2,3.9,English,iOS,Corporate Deal,No,15.9,Yes
5548451,Fatima,Wilson,user5548451@outlook.com,+1-714-878-1312,Minneapolis,68,Suspended,Silver,App Wallet,2021-02-15,2021-12-08,75,3.8,English,Web,Organic,No,0.69,Yes
7989220,Nina,Green,user7989220@yahoo.com,+1-477-399-1860,Detroit,64,Active,Bronze,App Wallet,2019-09-05,2020-12-15,8,5.0,English,Android,Ad Campaign,No,5.05,Yes
5954851,Andre,Jones,user5954851@outlook.com,+1-535-372-4745,Boston,35,Suspended,Bronze,App Wallet,2020-03-16,2023-06-24,8,3.2,English,Android,Corporate Deal,Yes,0.72,Yes
5010851,Mason,Miller,user5010851@outlook.com,+1-917-302-8671,New York,59,Active,Bronze,App Wallet,2021-08-29,2023-01-18,5,4.3,English,Android,Corporate Deal,No,0.34,Yes
4021127,Andre,Walker,user4021127@yahoo.com,+1-946-418-1154,Chicago,74,Active,Bronze,Crypto,2022-09-16,2023-10-08,20,3.0,English,iOS,Ad Campaign,No,20.24,Yes
9019470,Jackson,Nelson,user9019470@outlook.com,+1-649-485-6032,Detroit,45,Inactive,Bronze,Credit Card,2021-01-20,2023-12-24,3,2.7,English,iOS,Organic,Yes,0.13,No
5475346,Lucas,Moore,user5475346@gmail.com,+1-895-358-8696,Detroit,49,Inactive,Bronze,Debit Card,2019-03-29,2020-08-07,50,4.4,Mandarin,iOS,Friend Referral,Yes,5.43,Yes
8464481,Mia,Clark,user8464481@yahoo.com,+1-363-909-6885,Los Angeles,24,Active,Bronze,Credit Card,2022-09-12,2024-09-25,5,3.2,English,iOS,Organic,No,0.63,Yes
8842339,Ethan,Clark,user8842339@gmail.com,+1-342-274-2500,Phoenix,40,Active,Bronze,Promo Credit,2023-05-08,2024-04-14,2,3.0,English,Android,Social Media,No,10.27,No
9503681,Mei,Robinson,user9503681@proton.com,+1-257-887-5146,Dallas,26,Active,Gold,App Wallet,2021-03-20,2021-06-25,50,2.9,English,iOS,Social Media,No,15.05,Yes
8702130,Diana,Allen,user8702130@outlook.com,+1-755-320-2431,Las Vegas,29,Active,Silver,Promo Credit,2019-03-02,2023-11-30,100,2.9,English,Android,Ad Campaign,No,15.03,Yes
3652361,Aria,Rodriguez,user3652361@proton.com,+1-275-687-8624,Los Angeles,31,Active,Silver,Credit Card,2019-11-19,2021-06-18,10,4.2,Spanish,iOS,Corporate Deal,No,0.61,Yes
3197833,Carlos,Rodriguez,user3197833@yahoo.com,+1-235-354-9364,Chicago,26,Active,Bronze,App Wallet,2019-06-24,2022-11-28,3,3.4,English,iOS,App Store,Yes,20.91,Yes
8841972,Lily,Jackson,user8841972@outlook.com,+1-710-570-8473,Dallas,59,Pending Verification,Silver,App Wallet,2022-07-07,2024-07-12,1,2.8,English,iOS,App Store,Yes,0.63,Yes
9701824,Priya,Clark,user9701824@gmail.com,+1-632-923-5619,Phoenix,25,Pending Verification,Bronze,Debit Card,2023-01-19,2024-08-04,5,2.8,English,Android,Corporate Deal,No,10.07,Yes
6622877,Diana,Allen,user6622877@gmail.com,+1-651-465-2181,Houston,67,Inactive,Silver,Debit Card,2021-05-15,2024-01-01,10,4.8,English,iOS,Ad Campaign,No,5.08,Yes
3621112,Tom,Jones,user3621112@yahoo.com,+1-895-726-3551,New York,37,Active,Silver,Credit Card,2022-12-10,2023-06-25,4,4.5,English,iOS,Organic,No,0.1,Yes
8806788,Elijah,Martin,user8806788@yahoo.com,+1-361-357-2052,Austin,46,Active,Silver,Credit Card,2020-09-18,2024-01-28,75,3.8,English,Android,App Store,No,20.36,Yes
3186493,Ryan,Young,user3186493@proton.com,+1-965-934-6073,Los Angeles,62,Inactive,Gold,Promo Credit,2019-11-22,2019-12-08,5,4.9,English,Web,App Store,No,5.22,Yes
6983569,David,Johnson,user6983569@outlook.com,+1-660-777-6342,Orlando,44,Active,Silver,Debit Card,2021-01-24,2023-03-23,8,4.8,English,iOS,Organic,No,15.91,Yes
6831367,Aiden,Torres,user6831367@proton.com,+1-894-467-7152,Seattle,47,Suspended,Gold,App Wallet,2020-02-26,2024-01-13,3,3.6,English,Web,Corporate Deal,No,0.52,No
4682515,Priya,Rodriguez,user4682515@outlook.com,+1-737-392-4920,New York,30,Active,Gold,App Wallet,2021-03-15,2024-09-13,15,5.0,English,Android,App Store,No,10.96,Yes
4068662,Jake,Hill,user4068662@outlook.com,+1-635-867-8063,Austin,38,Active,Silver,Credit Card,2021-12-18,2022-02-18,50,3.9,English,Android,Friend Referral,No,0.37,Yes
7757053,Isabella,Scott,user7757053@outlook.com,+1-551-407-9082,Austin,52,Active,Bronze,Debit Card,2022-10-16,2023-05-06,4,4.1,English,Android,Friend Referral,No,0.51,Yes
4471669,Maria,Johnson,user4471669@proton.com,+1-997-186-4451,San Diego,36,Active,Silver,Debit Card,2019-07-30,2020-03-14,8,4.7,Spanish,Android,Social Media,No,0.14,Yes
5755654,Isabella,Scott,user5755654@outlook.com,+1-516-213-3414,New York,20,Active,Bronze,Credit Card,2020-11-16,2023-10-27,6,4.2,English,Android,Friend Referral,No,15.01,Yes
6831696,Ryan,White,user6831696@gmail.com,+1-884-894-9695,Houston,29,Active,Bronze,Debit Card,2021-05-25,2023-05-10,8,4.8,English,Android,App Store,No,0.29,Yes
7445955,Andre,Davis,user7445955@gmail.com,+1-867-459-7752,Portland,37,Active,Bronze,Credit Card,2020-12-08,2022-06-05,5,3.9,Arabic,Android,Corporate Deal,No,0.3,Yes
7803135,Ava,Taylor,user7803135@gmail.com,+1-539-329-3051,San Diego,72,Active,Bronze,App Wallet,2019-05-10,2023-09-24,8,4.7,English,Web,Friend Referral,Yes,0.88,Yes
4831414,Andre,Anderson,user4831414@yahoo.com,+1-714-186-6775,New York,28,Active,Silver,Credit Card,2019-04-15,2020-01-10,5,4.4,Arabic,Web,Organic,No,0.63,Yes
4279897,Mei,Jackson,user4279897@outlook.com,+1-764-733-5416,Portland,47,Active,Bronze,App Wallet,2022-06-30,2024-02-02,75,4.2,English,iOS,Social Media,No,15.57,No
6725828,Ryan,Brown,user6725828@outlook.com,+1-377-887-9206,Miami,20,Active,Bronze,Credit Card,2020-09-16,2023-05-31,15,3.0,English,iOS,Organic,Yes,5.86,Yes
9663769,Andre,Rodriguez,user9663769@yahoo.com,+1-943-789-2823,San Francisco,26,Active,Bronze,Corporate,2021-12-06,2023-09-21,1,4.5,English,Android,Social Media,No,0.2,No
8516487,Isabella,Taylor,user8516487@outlook.com,+1-617-907-2711,Los Angeles,27,Active,Bronze,Corporate,2020-12-08,2021-11-27,6,4.2,English,Web,Corporate Deal,No,5.49,No
5887375,Nina,Harris,user5887375@outlook.com,+1-522-337-6927,Miami,27,Active,Gold,Debit Card,2019-07-29,2020-03-06,4,5.0,Spanish,iOS,Corporate Deal,No,20.51,Yes
1440053,Andre,Carter,user1440053@yahoo.com,+1-650-521-3029,Los Angeles,56,Active,Silver,App Wallet,2020-01-16,2024-09-07,4,2.5,English,Web,Social Media,No,0.95,Yes
1879926,Ava,Garcia,user1879926@outlook.com,+1-982-357-1966,New York,47,Active,Bronze,Corporate,2021-06-10,2021-12-05,50,3.3,English,Android,Social Media,No,0.69,Yes
9485158,Noah,Smith,user9485158@outlook.com,+1-354-929-9386,Portland,66,Active,Gold,Crypto,2022-12-12,2023-04-01,6,3.0,Hindi,Android,Corporate Deal,Yes,0.07,Yes
7946202,Layla,Baker,user7946202@proton.com,+1-528-804-8821,Phoenix,33,Active,Silver,Debit Card,2021-07-29,2024-08-19,6,4.3,Spanish,iOS,Social Media,No,5.21,Yes
4454168,Elijah,Taylor,user4454168@proton.com,+1-812-202-3427,Seattle,25,Active,Silver,Credit Card,2020-04-18,2020-10-10,5,4.7,French,iOS,Friend Referral,Yes,0.78,No
5769262,Lily,Jackson,user5769262@gmail.com,+1-388-771-4407,Seattle,36,Active,Diamond,Credit Card,2019-08-21,2021-09-23,100,4.9,English,iOS,Corporate Deal,No,5.9,Yes
4595024,Sarah,Moore,user4595024@yahoo.com,+1-224-931-1436,San Francisco,27,Pending Verification,Silver,Credit Card,2020-01-22,2020-06-03,8,2.9,Mandarin,iOS,Organic,No,0.0,Yes
2767458,Oscar,Jones,user2767458@yahoo.com,+1-450-399-2720,Denver,55,Active,Bronze,App Wallet,2020-05-26,2024-10-02,3,2.7,English,Android,Corporate Deal,No,0.19,Yes
2196819,James,Lewis,user2196819@outlook.com,+1-576-422-5609,Houston,36,Active,Gold,Debit Card,2019-01-06,2021-09-21,1,4.4,French,Android,App Store,Yes,5.86,Yes
4644313,Oscar,Hall,user4644313@outlook.com,+1-761-436-3826,Austin,36,Active,Platinum,Credit Card,2023-01-11,2023-02-20,6,3.1,English,Web,Social Media,No,0.48,Yes
4066894,Noah,Johnson,user4066894@gmail.com,+1-355-288-4706,Houston,39,Active,Bronze,Debit Card,2021-07-09,2022-07-03,75,4.4,Spanish,iOS,App Store,No,0.49,Yes
8538778,Jake,Nelson,user8538778@yahoo.com,+1-442-475-5998,Austin,35,Active,Gold,Credit Card,2022-03-09,2023-07-29,5,5.0,Korean,iOS,App Store,No,10.74,Yes
7923505,Oliver,White,user7923505@yahoo.com,+1-409-951-9769,Nashville,48,Active,Silver,Credit Card,2020-06-06,2021-08-26,8,4.9,Spanish,iOS,Friend Referral,No,0.44,Yes
9976000,Nina,Rodriguez,user9976000@gmail.com,+1-625-725-7537,Dallas,51,Inactive,Gold,Credit Card,2020-09-28,2022-05-16,1,2.9,English,Web,App Store,Yes,0.77,Yes
1576513,Kevin,Davis,user1576513@gmail.com,+1-916-313-9539,Boston,35,Inactive,Bronze,Debit Card,2021-10-11,2024-01-26,6,3.0,Spanish,iOS,Friend Referral,No,0.69,Yes
3850323,Oliver,Wilson,user3850323@proton.com,+1-514-600-5443,Houston,26,Active,Bronze,App Wallet,2023-01-08,2024-06-05,20,4.1,Spanish,Android,Corporate Deal,Yes,5.23,Yes
6178082,Aria,Jackson,user6178082@proton.com,+1-877-998-6121,Seattle,29,Active,Bronze,Credit Card,2019-05-29,2024-10-15,100,4.1,English,iOS,Friend Referral,Yes,0.49,Yes
7855379,Layla,Thomas,user7855379@outlook.com,+1-889-945-2810,Detroit,18,Inactive,Bronze,Credit Card,2019-05-12,2023-11-04,3,4.6,Arabic,iOS,Social Media,No,0.05,Yes
4128819,Sofia,Hill,user4128819@yahoo.com,+1-455-976-6077,Nashville,36,Active,Bronze,Debit Card,2019-11-08,2019-12-20,15,2.9,English,iOS,Social Media,No,10.5,Yes
2659028,Nina,Williams,user2659028@yahoo.com,+1-553-757-3760,Los Angeles,30,Pending Verification,Bronze,Credit Card,2022-10-22,2023-10-24,1,4.7,Hindi,Web,Organic,No,0.13,Yes
2041282,Lily,Robinson,user2041282@gmail.com,+1-311-553-4156,Los Angeles,46,Active,Platinum,Debit Card,2022-08-20,2023-03-31,5,3.0,English,iOS,Friend Referral,No,0.03,No
4222258,Layla,King,user4222258@outlook.com,+1-612-788-8371,Phoenix,30,Active,Platinum,App Wallet,2022-01-22,2023-07-22,3,2.6,Spanish,Web,Friend Referral,No,0.04,Yes
8132652,Mohammed,Flores,user8132652@yahoo.com,+1-966-960-8904,New York,38,Active,Platinum,Promo Credit,2021-12-01,2023-03-03,1,3.1,French,Android,App Store,Yes,0.82,Yes
4993212,Mohammed,Carter,user4993212@yahoo.com,+1-888-199-7262,Los Angeles,69,Pending Verification,Bronze,Credit Card,2021-02-19,2024-04-24,4,4.8,Hindi,Web,Friend Referral,Yes,15.84,Yes
7995244,Elijah,Thomas,user7995244@proton.com,+1-418-942-4215,New York,33,Active,Gold,Debit Card,2021-02-07,2024-01-07,10,2.7,English,Android,Social Media,Yes,0.8,Yes
1822380,Mia,Martin,user1822380@gmail.com,+1-705-194-5923,Los Angeles,71,Active,Gold,Credit Card,2020-07-26,2022-12-11,50,4.8,English,Android,App Store,No,0.23,Yes
5392224,Noah,Davis,user5392224@proton.com,+1-320-383-7354,Los Angeles,36,Active,Gold,App Wallet,2019-11-05,2024-11-30,5,4.4,French,iOS,App Store,No,0.87,Yes
4986797,Lily,Baker,user4986797@gmail.com,+1-975-991-1423,Austin,53,Active,Bronze,App Wallet,2021-07-29,2022-11-25,15,2.9,English,iOS,Corporate Deal,No,0.43,No
9563982,Lisa,Scott,user9563982@proton.com,+1-676-216-4976,Orlando,38,Active,Platinum,Credit Card,2019-09-09,2020-06-30,4,3.3,English,Android,Ad Campaign,No,0.15,Yes
1663407,Noah,Baker,user1663407@outlook.com,+1-420-496-6351,Denver,19,Active,Silver,Debit Card,2021-06-27,2022-10-26,10,3.0,English,Android,App Store,No,0.48,Yes
2131903,Emily,Williams,user2131903@yahoo.com,+1-538-646-8658,New York,22,Pending Verification,Gold,App Wallet,2019-03-10,2024-11-26,1,3.7,English,iOS,Friend Referral,No,5.92,Yes
1404028,Chloe,Mitchell,user1404028@outlook.com,+1-571-709-8161,Seattle,71,Pending Verification,Bronze,Crypto,2021-02-09,2024-09-12,8,3.9,English,Android,Ad Campaign,No,0.8,Yes
9730695,Priya,Anderson,user9730695@gmail.com,+1-963-540-9682,New York,23,Active,Bronze,Crypto,2020-12-15,2023-03-20,2,2.7,English,iOS,Friend Referral,No,0.41,Yes
5092455,David,Anderson,user5092455@yahoo.com,+1-750-913-1675,San Diego,24,Active,Platinum,Corporate,2022-08-31,2024-12-28,75,4.9,English,iOS,Social Media,Yes,0.92,Yes
4633529,James,Jackson,user4633529@proton.com,+1-225-809-6454,San Francisco,58,Active,Silver,Debit Card,2022-02-13,2023-08-15,8,3.0,English,iOS,Ad Campaign,No,50.57,Yes
5961842,Lisa,Hill,user5961842@gmail.com,+1-937-742-3894,Las Vegas,52,Active,Bronze,App Wallet,2021-08-16,2021-11-08,5,2.7,English,Android,Friend Referral,Yes,5.07,Yes
9482744,Jackson,Moore,user9482744@yahoo.com,+1-262-330-4739,Los Angeles,41,Active,Bronze,Credit Card,2020-05-04,2021-04-21,15,2.8,English,iOS,Friend Referral,Yes,0.71,Yes
3711110,Nina,Taylor,user3711110@proton.com,+1-778-957-2854,Austin,22,Inactive,Silver,Debit Card,2020-12-27,2021-06-22,5,3.5,Spanish,Web,Ad Campaign,Yes,0.77,Yes
5363664,Lisa,Mitchell,user5363664@gmail.com,+1-384-213-5899,San Diego,28,Active,Gold,Credit Card,2022-12-15,2023-02-22,8,3.8,Portuguese,Android,Corporate Deal,No,0.52,Yes
3917503,Nina,Anderson,user3917503@proton.com,+1-304-362-1507,Atlanta,23,Active,Silver,Credit Card,2019-04-15,2020-06-21,3,3.6,Spanish,iOS,Ad Campaign,Yes,0.34,Yes
7617066,Mei,Mitchell,user7617066@gmail.com,+1-580-484-8733,Denver,73,Active,Platinum,Credit Card,2023-01-26,2024-08-08,20,4.8,English,Android,Organic,No,0.11,Yes
5509067,Oscar,Hill,user5509067@proton.com,+1-756-665-3824,Chicago,22,Active,Silver,Debit Card,2021-01-09,2023-09-26,8,2.9,Portuguese,Android,Organic,No,0.61,Yes
9753443,Mohammed,Young,user9753443@yahoo.com,+1-828-720-1343,San Diego,22,Active,Platinum,App Wallet,2019-01-04,2023-03-30,5,4.7,Spanish,iOS,App Store,No,0.33,Yes
4649201,Aisha,Green,user4649201@yahoo.com,+1-413-850-9683,Portland,62,Active,Bronze,Credit Card,2019-10-29,2024-10-01,15,4.3,English,Android,Organic,Yes,0.54,No
7803595,Mia,Clark,user7803595@gmail.com,+1-248-263-8613,Miami,34,Active,Silver,App Wallet,2021-06-22,2022-07-23,1,4.3,English,iOS,Corporate Deal,Yes,0.48,Yes
3655779,Liam,White,user3655779@yahoo.com,+1-228-541-6903,Seattle,29,Active,Bronze,App Wallet,2022-05-10,2024-10-16,15,3.8,Korean,iOS,Social Media,No,0.5,Yes
7694827,Riley,Baker,user7694827@proton.com,+1-222-944-8189,Minneapolis,26,Inactive,Gold,Credit Card,2021-03-24,2024-11-16,30,3.3,English,iOS,Organic,No,0.48,Yes
3344693,Andre,Adams,user3344693@gmail.com,+1-587-903-7146,Los Angeles,32,Active,Bronze,Promo Credit,2021-06-22,2022-10-15,6,4.2,English,Android,Friend Referral,No,0.23,No
7309557,Nina,Garcia,user7309557@proton.com,+1-574-433-2077,Miami,45,Active,Gold,App Wallet,2020-06-06,2021-09-17,4,4.2,Spanish,iOS,Ad Campaign,No,30.41,Yes
8247773,Chloe,Lewis,user8247773@gmail.com,+1-320-643-1203,San Diego,63,Active,Bronze,Credit Card,2020-02-18,2020-10-06,3,2.9,Spanish,Android,Social Media,No,0.47,Yes
8432356,Aisha,Anderson,user8432356@gmail.com,+1-231-257-3323,Boston,24,Active,Bronze,Crypto,2019-01-30,2022-08-24,10,4.4,English,Android,Corporate Deal,No,0.38,Yes
4559613,Zoe,Taylor,user4559613@yahoo.com,+1-426-520-1486,Atlanta,59,Active,Bronze,App Wallet,2022-03-09,2023-07-20,4,3.1,English,Android,App Store,No,0.47,Yes
5943210,Mohammed,Mitchell,user5943210@yahoo.com,+1-223-506-6073,Portland,39,Active,Platinum,Debit Card,2022-05-05,2024-07-23,6,2.9,English,Web,Social Media,No,20.03,Yes
8065239,Mohammed,Flores,user8065239@outlook.com,+1-756-591-7089,San Francisco,37,Active,Silver,Credit Card,2022-02-21,2024-11-22,20,3.3,English,Android,Organic,No,0.64,Yes
4460251,Kevin,Garcia,user4460251@yahoo.com,+1-571-681-2262,Austin,40,Active,Bronze,Debit Card,2022-07-29,2024-02-25,3,4.6,English,Android,Organic,Yes,0.3,No
6435531,Wei,Hill,user6435531@outlook.com,+1-210-476-1323,Atlanta,30,Active,Gold,App Wallet,2019-05-07,2024-07-09,75,4.2,English,Android,App Store,No,0.92,Yes
6846677,Lisa,Nelson,user6846677@yahoo.com,+1-819-621-2173,Detroit,34,Active,Bronze,Credit Card,2022-07-11,2023-09-27,6,3.8,English,Android,Corporate Deal,No,5.87,Yes
4527914,Elijah,Lewis,user4527914@yahoo.com,+1-868-538-2144,Miami,22,Inactive,Bronze,App Wallet,2022-12-24,2024-04-07,10,3.5,English,iOS,Corporate Deal,No,0.79,Yes
1697484,Grayson,Brown,user1697484@outlook.com,+1-210-102-3542,Miami,28,Suspended,Gold,Debit Card,2021-04-14,2022-04-25,8,3.8,English,Android,Corporate Deal,No,5.35,Yes
6889961,Oscar,Walker,user6889961@gmail.com,+1-562-907-9483,Dallas,46,Active,Gold,Debit Card,2019-03-14,2019-08-11,8,4.7,English,Android,Corporate Deal,No,0.21,Yes
1763831,Elijah,Garcia,user1763831@proton.com,+1-353-148-8454,Denver,34,Inactive,Gold,Credit Card,2020-09-22,2024-04-02,4,4.4,English,Android,Corporate Deal,Yes,0.68,Yes
1884579,Ava,Moore,user1884579@proton.com,+1-291-811-8894,San Diego,20,Active,Bronze,Crypto,2020-10-26,2024-03-24,5,4.4,Mandarin,iOS,Organic,No,30.24,Yes
7736128,Jackson,Wright,user7736128@proton.com,+1-445-115-6941,Seattle,68,Active,Platinum,App Wallet,2019-04-01,2019-07-17,5,4.1,English,iOS,Corporate Deal,No,0.19,Yes
6655606,Jackson,Torres,user6655606@outlook.com,+1-353-803-9459,Las Vegas,37,Active,Bronze,App Wallet,2022-09-04,2023-09-28,6,3.6,Hindi,Android,Social Media,No,30.03,Yes
7943278,David,Hall,user7943278@proton.com,+1-220-730-5830,San Francisco,33,Active,Diamond,App Wallet,2020-07-27,2022-03-27,1,3.9,Spanish,iOS,Ad Campaign,Yes,0.13,Yes
8128656,Mohammed,Wright,user8128656@proton.com,+1-940-346-1607,Orlando,34,Active,Diamond,Credit Card,2019-04-20,2023-03-14,20,3.8,French,Android,Corporate Deal,Yes,0.98,No
3614373,Isabella,Williams,user3614373@outlook.com,+1-535-181-6721,New York,58,Active,Bronze,Credit Card,2019-01-12,2020-11-25,5,2.7,English,iOS,Social Media,Yes,0.37,Yes
4188494,Emily,Torres,user4188494@gmail.com,+1-850-979-7132,Las Vegas,35,Active,Gold,App Wallet,2021-07-22,2024-10-21,10,3.0,Hindi,iOS,Social Media,No,0.59,Yes
6464792,Zoe,Smith,user6464792@outlook.com,+1-796-495-2236,Phoenix,34,Active,Gold,Credit Card,2019-09-12,2019-12-19,15,2.9,English,Web,App Store,No,50.68,Yes
9173375,Oscar,Anderson,user9173375@yahoo.com,+1-638-437-6838,San Francisco,28,Active,Bronze,Credit Card,2021-10-01,2022-04-09,6,4.7,Mandarin,iOS,Friend Referral,No,5.47,Yes
2047804,Layla,Baker,user2047804@yahoo.com,+1-849-708-2459,San Francisco,43,Active,Bronze,Credit Card,2022-06-16,2022-10-16,4,3.9,Arabic,iOS,Friend Referral,Yes,0.22,Yes
7892642,Diana,Hall,user7892642@proton.com,+1-796-800-7871,Houston,46,Active,Gold,Credit Card,2022-05-13,2023-06-02,20,4.4,Korean,Android,Friend Referral,No,5.11,Yes
5397693,Diana,Wilson,user5397693@yahoo.com,+1-345-532-9460,Boston,31,Inactive,Bronze,App Wallet,2019-05-03,2023-03-30,0,,Spanish,Android,Organic,No,0.81,Yes
1942254,Sofia,Nelson,user1942254@proton.com,+1-888-280-8462,Phoenix,67,Active,Bronze,App Wallet,2019-10-16,2024-05-31,4,4.9,Spanish,Android,Ad Campaign,No,5.7,Yes
5627039,Ryan,Robinson,user5627039@proton.com,+1-289-628-9806,Austin,51,Active,Bronze,Credit Card,2023-05-19,2023-07-22,0,,Spanish,iOS,App Store,Yes,20.84,Yes
8295865,Sarah,Green,user8295865@outlook.com,+1-902-926-9883,Dallas,19,Active,Silver,Credit Card,2022-05-14,2024-10-13,4,3.0,English,iOS,Friend Referral,No,0.78,Yes
4754766,Fatima,Adams,user4754766@outlook.com,+1-635-835-1244,New York,29,Active,Gold,Debit Card,2020-01-25,2020-07-22,10,3.2,English,Android,Corporate Deal,No,0.44,Yes
4812262,Mia,Nelson,user4812262@proton.com,+1-208-997-4698,Los Angeles,34,Active,Silver,Promo Credit,2023-03-15,2024-06-05,15,3.6,Arabic,iOS,Corporate Deal,No,0.71,Yes
7401132,Lisa,Walker,user7401132@gmail.com,+1-527-531-1369,Portland,30,Inactive,Silver,Credit Card,2022-05-01,2022-08-29,2,3.9,English,Web,Ad Campaign,No,20.92,Yes
4541892,Maria,Robinson,user4541892@yahoo.com,+1-510-219-6753,Seattle,21,Pending Verification,Gold,Promo Credit,2019-10-05,2020-02-09,4,2.6,Portuguese,Android,Friend Referral,No,5.1,Yes
2250853,Lisa,Jackson,user2250853@gmail.com,+1-332-237-1910,Chicago,40,Active,Silver,App Wallet,2020-04-16,2023-04-27,8,5.0,English,Android,Corporate Deal,No,0.78,Yes
7113208,Lily,Jackson,user7113208@proton.com,+1-856-259-6753,Chicago,68,Active,Bronze,Debit Card,2020-05-28,2021-09-28,6,3.8,English,Android,Social Media,No,0.85,Yes
1746694,Chloe,Johnson,user1746694@outlook.com,+1-308-465-8213,Los Angeles,44,Active,Gold,Debit Card,2019-08-01,2024-07-18,10,4.9,English,Android,Friend Referral,No,20.49,Yes
1776542,Sarah,Rodriguez,user1776542@gmail.com,+1-368-888-9122,Miami,19,Inactive,Bronze,Credit Card,2019-09-29,2019-11-03,5,3.1,Arabic,Android,Corporate Deal,No,0.9,Yes
7821540,Mei,White,user7821540@yahoo.com,+1-682-225-8060,Los Angeles,53,Active,Bronze,Credit Card,2021-10-24,2022-03-24,3,3.6,English,Android,App Store,No,0.13,Yes
3950160,Emily,Mitchell,user3950160@yahoo.com,+1-494-413-7075,Austin,36,Active,Bronze,App Wallet,2020-07-21,2021-03-14,5,2.9,Portuguese,Android,Social Media,No,0.07,No
2782177,Sarah,Taylor,user2782177@outlook.com,+1-694-351-8214,Dallas,25,Active,Silver,Corporate,2021-05-19,2023-08-25,3,4.0,Spanish,iOS,Ad Campaign,No,15.82,Yes
6440559,Grayson,Nguyen,user6440559@outlook.com,+1-516-740-3751,San Francisco,18,Active,Bronze,Credit Card,2022-02-20,2022-10-27,6,4.5,English,iOS,Friend Referral,No,0.61,Yes
6472302,Elijah,Lee,user6472302@gmail.com,+1-750-116-9897,San Diego,63,Suspended,Silver,Promo Credit,2021-06-03,2024-08-30,5,4.2,English,iOS,App Store,No,0.27,Yes
1853544,Mei,Johnson,user1853544@proton.com,+1-882-714-1076,Chicago,43,Active,Bronze,Credit Card,2020-11-12,2022-11-14,5,2.7,English,iOS,Ad Campaign,No,0.89,Yes
1537471,David,Martin,user1537471@proton.com,+1-258-626-2877,New York,30,Active,Diamond,App Wallet,2021-03-30,2021-07-24,5,4.8,English,Android,Ad Campaign,No,15.97,No
1313723,Ryan,Davis,user1313723@proton.com,+1-648-144-4610,Seattle,31,Inactive,Bronze,Credit Card,2020-07-03,2022-08-09,6,2.6,Mandarin,iOS,Ad Campaign,Yes,5.07,Yes
5393391,Sarah,Lee,user5393391@outlook.com,+1-718-272-1027,Los Angeles,24,Pending Verification,Platinum,Credit Card,2022-09-29,2024-05-11,1,2.8,Spanish,Android,Friend Referral,Yes,10.5,Yes
8137208,Aiden,Hall,user8137208@yahoo.com,+1-669-653-5782,Boston,36,Active,Bronze,Debit Card,2019-11-05,2023-07-03,4,3.6,English,Android,Social Media,No,20.51,Yes
9306954,Maria,Jackson,user9306954@yahoo.com,+1-215-543-2717,Miami,56,Inactive,Silver,Credit Card,2021-02-17,2021-02-27,20,3.4,Korean,Android,Social Media,No,0.71,Yes
3714699,Mason,Walker,user3714699@outlook.com,+1-951-203-4178,Austin,35,Active,Gold,App Wallet,2019-03-21,2021-05-09,5,2.8,Arabic,iOS,App Store,No,15.02,Yes
2626768,Isabella,Martin,user2626768@gmail.com,+1-838-107-4354,Seattle,41,Active,Diamond,Credit Card,2021-04-10,2022-01-24,30,3.6,English,iOS,Organic,No,0.14,Yes
4960796,Emma,Nelson,user4960796@outlook.com,+1-973-173-6422,San Diego,50,Active,Bronze,Debit Card,2022-12-23,2023-04-02,30,4.9,Hindi,iOS,Organic,No,0.22,Yes
3950960,Ryan,Mitchell,user3950960@yahoo.com,+1-976-798-8133,San Francisco,33,Inactive,Silver,Credit Card,2022-08-01,2024-02-01,3,3.1,English,Android,Friend Referral,No,0.46,Yes
3264820,Noah,Martin,user3264820@gmail.com,+1-249-482-3533,Seattle,19,Active,Gold,Debit Card,2020-08-06,2024-01-25,15,4.1,Spanish,Android,Social Media,Yes,0.74,No
9140659,Grayson,Nelson,user9140659@yahoo.com,+1-825-909-6789,Portland,21,Active,Silver,App Wallet,2021-04-06,2023-04-25,200,3.0,English,iOS,Ad Campaign,No,0.68,Yes
6260440,Lisa,Brown,user6260440@yahoo.com,+1-668-769-6155,Boston,30,Active,Platinum,App Wallet,2020-08-04,2022-03-26,3,3.8,Arabic,iOS,App Store,No,10.84,Yes
1189685,Isabella,Martin,user1189685@yahoo.com,+1-850-223-4521,San Francisco,30,Active,Bronze,App Wallet,2022-08-21,2023-07-02,3,4.5,Korean,Android,Organic,No,0.9,Yes
1416408,Lisa,Hill,user1416408@yahoo.com,+1-300-541-7404,San Francisco,40,Inactive,Bronze,Debit Card,2019-01-23,2020-08-30,30,4.3,English,iOS,Friend Referral,No,0.19,Yes
5182063,Emma,White,user5182063@outlook.com,+1-312-710-8680,Miami,29,Active,Silver,Credit Card,2023-01-05,2023-06-06,3,3.1,English,Android,Ad Campaign,No,10.64,Yes
5930713,Aiden,Walker,user5930713@yahoo.com,+1-435-932-3145,New York,49,Active,Platinum,App Wallet,2020-10-01,2022-12-15,3,3.2,Spanish,iOS,Friend Referral,No,5.88,Yes
2755364,Diana,Robinson,user2755364@outlook.com,+1-551-635-7786,Los Angeles,29,Active,Bronze,Credit Card,2022-09-08,2023-08-22,1,4.8,English,Web,Corporate Deal,No,0.03,Yes
1005291,Grayson,Nguyen,user1005291@gmail.com,+1-746-635-2534,Atlanta,30,Active,Silver,App Wallet,2023-05-17,2024-08-05,100,2.6,English,Web,Corporate Deal,No,10.87,Yes
5378266,Jake,White,user5378266@gmail.com,+1-770-521-4049,Los Angeles,19,Active,Silver,App Wallet,2019-01-01,2024-03-07,10,4.2,English,Android,App Store,No,10.63,Yes
3182409,Emily,Green,user3182409@yahoo.com,+1-246-255-7553,Los Angeles,23,Active,Diamond,Corporate,2019-06-11,2022-03-11,3,2.5,English,Android,Ad Campaign,No,0.71,Yes
7955686,Zoe,Thomas,user7955686@gmail.com,+1-225-483-1193,Phoenix,38,Active,Silver,Credit Card,2020-08-12,2023-05-04,10,3.1,Spanish,Android,Ad Campaign,No,0.54,Yes
1869887,Isabella,Nelson,user1869887@proton.com,+1-925-497-8123,Portland,45,Inactive,Silver,Credit Card,2022-07-02,2022-09-17,4,5.0,English,Android,Friend Referral,No,30.03,Yes
9712536,Sofia,Carter,user9712536@yahoo.com,+1-523-952-8609,San Francisco,22,Active,Bronze,App Wallet,2019-11-22,2020-10-13,2,3.3,English,Web,Social Media,No,50.12,Yes
1844075,Ethan,Rodriguez,user1844075@proton.com,+1-494-752-1773,Chicago,30,Active,Gold,App Wallet,2023-01-07,2024-10-18,10,4.1,English,Android,Ad Campaign,No,5.13,No
4717184,Layla,Harris,user4717184@outlook.com,+1-962-667-6351,Los Angeles,57,Suspended,Platinum,Credit Card,2020-05-15,2022-07-06,30,4.2,English,Android,Organic,No,0.79,No
6975013,Priya,Hall,user6975013@gmail.com,+1-704-640-9659,Austin,46,Active,Bronze,Credit Card,2019-03-30,2023-07-21,6,3.1,Mandarin,Android,Organic,No,0.86,Yes
1694506,Isabella,Mitchell,user1694506@proton.com,+1-738-871-1145,Las Vegas,28,Active,Bronze,Crypto,2020-01-01,2021-11-06,30,3.7,English,Android,Corporate Deal,No,0.17,Yes
7437718,Chloe,Martinez,user7437718@yahoo.com,+1-597-756-6994,Orlando,28,Pending Verification,Bronze,Crypto,2019-08-03,2021-08-01,1,4.8,English,Android,Friend Referral,No,0.51,No
1863891,Kevin,Nelson,user1863891@proton.com,+1-730-686-6638,Dallas,39,Pending Verification,Diamond,Credit Card,2019-09-01,2023-06-09,4,5.0,English,iOS,Social Media,No,0.95,Yes
7150314,Priya,Wilson,user7150314@outlook.com,+1-491-131-3481,Nashville,75,Active,Diamond,Credit Card,2023-05-31,2024-05-06,0,,English,Android,Corporate Deal,Yes,0.06,Yes
4454348,Noah,Carter,user4454348@yahoo.com,+1-749-848-5319,Seattle,29,Active,Gold,Credit Card,2019-05-09,2023-09-09,5,3.2,English,Android,Friend Referral,No,0.43,Yes
4246701,Ethan,Adams,user4246701@proton.com,+1-645-642-8801,Denver,35,Active,Gold,Credit Card,2022-09-30,2022-09-30,10,2.6,French,iOS,Ad Campaign,No,5.94,Yes
7816423,Isabella,Walker,user7816423@gmail.com,+1-355-565-7925,Las Vegas,26,Active,Gold,Credit Card,2021-11-27,2022-10-07,30,3.4,Portuguese,Android,Friend Referral,No,0.56,Yes
9133241,Aisha,Young,user9133241@outlook.com,+1-485-399-2211,Miami,24,Active,Silver,Debit Card,2019-03-20,2023-07-08,4,4.3,English,iOS,Social Media,No,0.81,Yes
8413246,Chloe,Martinez,user8413246@gmail.com,+1-329-254-9769,Miami,58,Active,Bronze,Credit Card,2019-01-23,2024-05-16,30,3.4,Mandarin,Android,Social Media,No,10.83,Yes
7653672,Elijah,Lee,user7653672@outlook.com,+1-752-566-1998,Austin,63,Active,Bronze,Debit Card,2023-01-02,2024-11-12,4,3.7,Mandarin,Android,Social Media,No,0.03,Yes
9298493,Layla,Smith,user9298493@yahoo.com,+1-612-489-9350,Seattle,38,Active,Gold,App Wallet,2023-03-12,2023-07-25,4,3.0,Mandarin,iOS,Social Media,Yes,30.6,Yes
3375656,Layla,Wilson,user3375656@gmail.com,+1-344-739-8936,San Diego,34,Active,Platinum,App Wallet,2019-05-20,2024-06-06,4,4.2,Portuguese,iOS,Ad Campaign,No,0.42,Yes
5373434,Aiden,Allen,user5373434@yahoo.com,+1-602-788-9006,Houston,55,Active,Platinum,App Wallet,2019-08-13,2019-11-11,20,4.7,French,Web,App Store,No,5.95,Yes
4278748,Ryan,Martinez,user4278748@proton.com,+1-864-789-7544,Detroit,39,Active,Gold,Crypto,2019-12-22,2022-11-15,6,4.7,English,Android,Friend Referral,No,10.09,Yes
3676967,Andre,Garcia,user3676967@outlook.com,+1-674-278-6631,Chicago,33,Suspended,Gold,Credit Card,2021-03-16,2023-08-27,3,4.6,English,Android,Organic,No,5.18,Yes
8809875,Liam,Hill,user8809875@yahoo.com,+1-810-312-5157,Boston,50,Inactive,Bronze,App Wallet,2021-07-19,2024-12-25,4,5.0,Hindi,Android,Ad Campaign,No,0.21,Yes
8888791,Riley,Miller,user8888791@outlook.com,+1-944-362-1759,New York,31,Active,Gold,Debit Card,2020-02-13,2023-11-29,5,4.0,English,Android,Social Media,No,0.07,Yes
5157848,Lucas,Brown,user5157848@gmail.com,+1-622-384-7141,Los Angeles,65,Active,Bronze,Credit Card,2019-05-21,2023-02-07,1,2.9,English,iOS,Friend Referral,No,20.9,Yes
3452181,Kevin,Hill,user3452181@gmail.com,+1-590-776-7856,Chicago,30,Suspended,Silver,Debit Card,2019-04-21,2019-07-19,5,4.3,English,iOS,Social Media,No,30.59,No
5273341,Grayson,Jackson,user5273341@gmail.com,+1-754-907-1462,San Francisco,29,Active,Silver,App Wallet,2022-07-01,2022-11-18,0,,English,Android,Social Media,Yes,0.62,Yes
3542595,Priya,Taylor,user3542595@gmail.com,+1-622-147-1668,Dallas,35,Active,Gold,Credit Card,2022-01-20,2023-10-07,30,3.4,English,iOS,Corporate Deal,No,0.4,Yes
7000526,Emma,Jackson,user7000526@yahoo.com,+1-808-939-3891,Chicago,32,Active,Silver,Corporate,2022-12-29,2023-06-17,1,3.5,Spanish,Android,Ad Campaign,No,0.59,No
5275417,Wei,Garcia,user5275417@yahoo.com,+1-639-557-4153,Austin,36,Active,Bronze,App Wallet,2022-01-26,2024-06-08,8,3.2,English,Android,Corporate Deal,No,0.24,Yes
1643594,Lisa,Robinson,user1643594@proton.com,+1-988-898-5136,Chicago,31,Active,Silver,App Wallet,2020-12-14,2024-05-17,10,4.8,English,iOS,Friend Referral,No,10.12,Yes
4610741,Ava,White,user4610741@yahoo.com,+1-683-890-5147,Atlanta,43,Active,Bronze,App Wallet,2021-03-08,2022-04-26,30,2.7,English,iOS,Organic,Yes,0.31,No
7971258,Sarah,Martin,user7971258@proton.com,+1-912-828-8392,Portland,37,Active,Bronze,Credit Card,2022-05-07,2023-02-09,8,3.6,Spanish,Android,Ad Campaign,No,5.64,No
2929005,Aria,Nguyen,user2929005@yahoo.com,+1-291-138-6025,Las Vegas,33,Active,Gold,Debit Card,2021-12-02,2022-06-23,10,3.4,English,Android,Organic,No,0.08,Yes
8820210,Emily,Rodriguez,user8820210@proton.com,+1-892-869-1731,San Francisco,33,Pending Verification,Bronze,Crypto,2021-07-04,2021-10-13,20,4.9,Spanish,Web,App Store,Yes,0.66,Yes
6771855,Andre,Walker,user6771855@gmail.com,+1-470-514-8187,Orlando,25,Active,Silver,Debit Card,2021-12-15,2023-06-04,20,3.5,Spanish,iOS,Social Media,No,0.85,Yes
2204536,Aisha,Adams,user2204536@gmail.com,+1-292-286-7577,New York,37,Active,Silver,Promo Credit,2022-01-20,2022-06-16,3,4.4,English,iOS,Corporate Deal,No,15.69,Yes
3609000,Carlos,Torres,user3609000@outlook.com,+1-773-788-1538,Los Angeles,50,Active,Bronze,App Wallet,2021-06-27,2024-05-27,5,2.7,English,iOS,Corporate Deal,No,0.81,Yes
5379095,Liam,Torres,user5379095@gmail.com,+1-390-255-6282,Austin,50,Active,Bronze,Credit Card,2020-03-06,2023-11-06,15,4.1,Spanish,iOS,Friend Referral,No,0.51,Yes
2590895,Noah,Rodriguez,user2590895@yahoo.com,+1-351-695-2959,Miami,40,Active,Bronze,App Wallet,2021-01-02,2024-09-04,2,3.1,Spanish,Android,App Store,No,0.96,Yes
5970378,Mohammed,Martinez,user5970378@gmail.com,+1-857-818-7479,San Francisco,35,Active,Bronze,App Wallet,2020-06-12,2024-12-27,1,4.5,Spanish,iOS,Corporate Deal,No,0.22,Yes
7182330,Aiden,Moore,user7182330@yahoo.com,+1-763-406-7884,Austin,34,Active,Bronze,Debit Card,2022-12-05,2023-11-14,8,2.5,English,iOS,Ad Campaign,Yes,0.47,Yes
9561706,Nina,Robinson,user9561706@outlook.com,+1-678-318-8369,Orlando,39,Active,Gold,Credit Card,2023-03-09,2024-08-05,3,4.9,English,Android,Ad Campaign,No,15.08,Yes
3095147,Emily,Anderson,user3095147@proton.com,+1-368-613-5041,Boston,41,Active,Bronze,Credit Card,2021-06-28,2024-04-20,6,4.3,English,Android,Social Media,No,0.55,Yes
7863304,Diana,Walker,user7863304@gmail.com,+1-931-463-8412,Houston,33,Inactive,Diamond,Credit Card,2020-12-09,2024-10-12,10,4.0,English,Android,App Store,No,0.2,Yes
8562125,Layla,Rodriguez,user8562125@gmail.com,+1-430-208-4084,Miami,18,Suspended,Gold,Credit Card,2021-06-09,2022-07-24,1,2.8,English,iOS,Social Media,No,0.43,Yes
4935925,Mohammed,Robinson,user4935925@outlook.com,+1-915-749-3503,San Francisco,18,Active,Bronze,Promo Credit,2019-05-07,2024-10-28,6,2.6,English,iOS,Friend Referral,Yes,30.66,Yes
2592432,Carlos,Anderson,user2592432@outlook.com,+1-739-569-7068,San Francisco,68,Active,Gold,Credit Card,2023-02-24,2024-09-12,10,4.3,English,Android,Social Media,No,0.76,Yes
7133842,Lily,Flores,user7133842@yahoo.com,+1-446-900-8633,Los Angeles,57,Inactive,Silver,App Wallet,2019-10-28,2022-04-25,8,2.5,Spanish,iOS,Organic,No,0.9,Yes
9914379,Noah,Smith,user9914379@proton.com,+1-240-390-7066,Chicago,30,Active,Gold,Credit Card,2021-12-21,2023-09-25,5,4.8,Arabic,iOS,App Store,No,0.7,Yes
3641997,Nina,Flores,user3641997@proton.com,+1-717-345-7126,San Francisco,40,Active,Platinum,Debit Card,2022-04-16,2023-10-22,15,4.5,English,Android,App Store,No,5.29,Yes
9732069,Andre,Flores,user9732069@proton.com,+1-511-342-4069,Los Angeles,44,Active,Bronze,Credit Card,2020-10-10,2022-09-02,1,3.7,Mandarin,iOS,Organic,No,0.75,Yes
1111407,Lisa,Young,user1111407@gmail.com,+1-289-123-4565,San Diego,49,Active,Silver,Debit Card,2019-04-13,2021-05-18,8,4.1,Spanish,Android,App Store,No,0.59,Yes
8219757,Logan,Jackson,user8219757@yahoo.com,+1-577-988-3904,Atlanta,34,Active,Silver,Promo Credit,2020-09-08,2023-07-21,6,3.7,Spanish,Android,Organic,No,0.45,Yes
7229412,Sarah,Torres,user7229412@outlook.com,+1-509-342-3004,Las Vegas,30,Active,Silver,App Wallet,2022-12-06,2023-08-04,2,4.9,English,Android,Ad Campaign,No,0.96,Yes
8667172,Lisa,Young,user8667172@outlook.com,+1-984-559-6299,Boston,22,Active,Bronze,App Wallet,2020-05-23,2021-11-25,50,4.2,English,iOS,Corporate Deal,No,5.61,Yes
9282121,Mohammed,Moore,user9282121@proton.com,+1-712-336-7993,Chicago,44,Active,Bronze,Credit Card,2020-05-11,2021-12-27,15,3.3,English,iOS,Friend Referral,No,5.74,Yes
1082005,Oliver,Wilson,user1082005@gmail.com,+1-977-832-2031,Dallas,75,Inactive,Bronze,Credit Card,2020-03-27,2023-05-03,15,4.7,Arabic,Web,Ad Campaign,No,0.94,Yes
9321059,Carlos,Scott,user9321059@yahoo.com,+1-950-425-5051,Miami,37,Active,Bronze,Crypto,2022-05-23,2024-10-13,6,4.5,English,Android,App Store,No,5.31,Yes
9834270,Jackson,Williams,user9834270@proton.com,+1-703-747-9295,Houston,32,Active,Silver,Promo Credit,2022-08-05,2023-08-18,2,3.6,Arabic,Android,Ad Campaign,No,0.48,Yes
1103728,Mason,Carter,user1103728@proton.com,+1-421-804-3896,San Francisco,36,Active,Bronze,Credit Card,2021-01-06,2022-10-22,30,4.8,French,Web,Ad Campaign,No,0.52,Yes
8724163,Noah,Moore,user8724163@gmail.com,+1-682-201-6675,Las Vegas,45,Active,Silver,App Wallet,2023-04-29,2024-10-03,5,4.7,English,Android,Social Media,No,5.28,Yes
3919254,Ava,Brown,user3919254@yahoo.com,+1-416-975-5718,San Francisco,19,Inactive,Bronze,Credit Card,2022-10-18,2024-04-29,15,5.0,Mandarin,iOS,App Store,No,15.4,Yes
5530209,Lucas,Anderson,user5530209@outlook.com,+1-968-298-3644,New York,33,Pending Verification,Bronze,Promo Credit,2020-04-12,2021-04-25,75,3.3,Portuguese,Android,Corporate Deal,No,50.3,Yes
6171279,Liam,Baker,user6171279@outlook.com,+1-552-194-6031,New York,58,Active,Bronze,App Wallet,2019-04-25,2022-10-17,3,3.1,Mandarin,iOS,Corporate Deal,No,0.15,Yes
7162014,Noah,Hill,user7162014@yahoo.com,+1-732-813-4229,San Diego,75,Active,Bronze,App Wallet,2020-10-19,2024-10-12,8,3.2,English,iOS,Corporate Deal,No,0.79,Yes
3757392,Mason,Smith,user3757392@proton.com,+1-750-249-3747,Las Vegas,25,Active,Silver,Corporate,2022-10-12,2023-05-08,4,4.0,Spanish,Android,Social Media,No,0.39,Yes
3017518,Jackson,Wright,user3017518@yahoo.com,+1-703-793-3006,Miami,37,Active,Diamond,Promo Credit,2019-12-25,2021-02-27,5,4.6,English,iOS,Organic,Yes,0.88,Yes
6287793,Riley,Scott,user6287793@gmail.com,+1-343-170-7860,Phoenix,46,Inactive,Platinum,Credit Card,2019-04-08,2020-11-13,30,4.7,English,iOS,Corporate Deal,No,0.74,Yes
7985516,Riley,Adams,user7985516@outlook.com,+1-589-546-6527,San Francisco,30,Inactive,Diamond,Credit Card,2020-02-13,2020-10-08,6,4.1,English,iOS,Ad Campaign,Yes,0.95,Yes
1617025,Priya,Allen,user1617025@outlook.com,+1-304-328-5179,Houston,55,Pending Verification,Bronze,App Wallet,2019-07-03,2022-04-08,10,4.9,Mandarin,iOS,App Store,No,30.28,No
8583295,Maria,Hill,user8583295@proton.com,+1-354-365-2057,Los Angeles,27,Active,Bronze,App Wallet,2020-09-23,2021-08-09,30,4.2,English,iOS,Ad Campaign,Yes,5.03,No
4778968,Zoe,Martinez,user4778968@proton.com,+1-915-560-1871,Boston,30,Inactive,Silver,App Wallet,2023-03-28,2024-04-24,8,4.0,English,iOS,Social Media,Yes,0.95,Yes
1977744,Ava,Scott,user1977744@outlook.com,+1-411-604-6966,Houston,34,Active,Silver,Debit Card,2022-06-09,2023-01-04,4,4.0,Portuguese,iOS,Friend Referral,No,0.69,Yes
1709417,Mia,Taylor,user1709417@yahoo.com,+1-436-501-7531,Chicago,31,Active,Bronze,Credit Card,2020-03-11,2022-02-24,10,2.7,English,iOS,Corporate Deal,Yes,5.83,Yes
8734162,Jackson,Garcia,user8734162@gmail.com,+1-849-463-6074,San Francisco,58,Pending Verification,Silver,Credit Card,2021-05-14,2024-12-23,8,3.0,Spanish,iOS,Organic,Yes,0.91,No
9959321,David,Wilson,user9959321@proton.com,+1-675-782-8188,Atlanta,28,Active,Bronze,Promo Credit,2019-06-03,2021-02-09,30,2.8,English,Android,App Store,No,0.78,Yes
7836381,Chloe,Young,user7836381@gmail.com,+1-732-858-2429,San Diego,30,Active,Silver,App Wallet,2021-02-08,2024-02-13,3,3.4,English,iOS,Organic,No,0.48,Yes
1304938,Maria,Flores,user1304938@yahoo.com,+1-673-185-4435,Phoenix,63,Active,Bronze,App Wallet,2022-11-13,2024-09-25,20,2.8,French,Android,Friend Referral,No,0.61,Yes
4702706,Elijah,Carter,user4702706@yahoo.com,+1-724-922-2258,Detroit,31,Active,Bronze,Credit Card,2019-08-15,2021-03-26,10,2.8,English,Android,Organic,No,0.98,Yes
5771473,James,Nguyen,user5771473@proton.com,+1-617-404-4181,Las Vegas,39,Suspended,Gold,Debit Card,2019-11-15,2023-05-09,2,4.3,Hindi,Android,Friend Referral,No,10.5,Yes
3491582,David,Wright,user3491582@yahoo.com,+1-633-417-5317,Atlanta,33,Active,Bronze,Credit Card,2020-04-30,2022-08-06,2,4.6,Spanish,Android,Corporate Deal,No,0.54,No
9718413,Aria,Adams,user9718413@proton.com,+1-644-431-3255,Nashville,39,Active,Gold,Credit Card,2023-04-10,2023-12-18,6,2.9,Korean,iOS,Friend Referral,No,10.34,Yes
5063633,Ava,Lee,user5063633@yahoo.com,+1-887-139-8576,Houston,23,Active,Gold,App Wallet,2020-10-08,2023-01-20,6,4.5,Portuguese,iOS,Organic,No,0.91,Yes
7921020,Lisa,Carter,user7921020@outlook.com,+1-964-998-8083,Houston,29,Active,Bronze,Debit Card,2020-03-19,2021-12-30,5,3.1,Arabic,Android,Organic,No,0.22,Yes
1052280,Zoe,Wilson,user1052280@proton.com,+1-623-582-7055,Houston,27,Pending Verification,Gold,Debit Card,2022-02-10,2022-05-23,5,3.9,Spanish,Web,App Store,No,50.87,Yes
4635860,Chloe,Martin,user4635860@outlook.com,+1-205-554-5786,Orlando,76,Suspended,Silver,Credit Card,2022-03-15,2022-09-06,6,3.7,English,iOS,Organic,Yes,0.76,Yes
2652000,Tom,Brown,user2652000@outlook.com,+1-684-227-8064,Chicago,67,Active,Gold,Credit Card,2020-10-28,2021-07-23,10,2.6,Korean,Android,Social Media,No,5.92,No
2454950,David,Martinez,user2454950@outlook.com,+1-634-371-6035,New York,38,Active,Diamond,Debit Card,2019-08-14,2022-07-13,30,3.9,English,iOS,Corporate Deal,Yes,5.76,Yes
7038923,Tom,Scott,user7038923@outlook.com,+1-860-648-1496,San Francisco,37,Active,Bronze,Credit Card,2021-08-21,2023-07-22,4,2.5,French,iOS,App Store,Yes,5.18,Yes
4602078,Noah,Smith,user4602078@outlook.com,+1-700-106-9890,Houston,65,Active,Diamond,App Wallet,2021-08-20,2022-12-23,5,4.0,Hindi,Android,Social Media,No,20.95,No
8799390,Maria,Lee,user8799390@gmail.com,+1-772-829-3949,Orlando,35,Active,Silver,Corporate,2020-05-21,2022-12-07,150,3.2,English,iOS,Corporate Deal,No,0.21,Yes
2661939,Sofia,Miller,user2661939@yahoo.com,+1-979-492-1045,Atlanta,59,Active,Silver,Corporate,2022-06-27,2024-02-11,10,4.9,Spanish,Android,App Store,No,0.9,Yes
8151105,Wei,Smith,user8151105@gmail.com,+1-405-891-6924,San Diego,22,Active,Platinum,Credit Card,2020-12-05,2024-06-03,2,4.4,English,iOS,Ad Campaign,No,20.42,Yes
8178368,James,Thomas,user8178368@yahoo.com,+1-642-711-8869,Detroit,18,Active,Gold,App Wallet,2023-03-11,2024-02-05,50,4.0,Spanish,iOS,Organic,Yes,0.78,Yes
7033011,Grayson,Baker,user7033011@proton.com,+1-677-911-3966,Atlanta,49,Active,Silver,Debit Card,2020-02-21,2023-01-12,10,4.1,English,iOS,Friend Referral,No,10.64,Yes
7426084,David,Davis,user7426084@yahoo.com,+1-791-588-3387,Seattle,39,Active,Gold,App Wallet,2021-08-22,2023-01-06,100,2.9,Spanish,iOS,Social Media,No,5.93,Yes
2186770,Kevin,Brown,user2186770@outlook.com,+1-724-304-3129,Los Angeles,61,Pending Verification,Bronze,Debit Card,2020-12-08,2023-07-27,2,4.7,English,iOS,Corporate Deal,No,0.29,Yes
2065680,Yuki,Williams,user2065680@outlook.com,+1-230-620-7426,Dallas,29,Active,Gold,Credit Card,2022-04-01,2024-07-16,8,3.1,Mandarin,iOS,Organic,No,15.06,Yes
1509431,Aiden,Clark,user1509431@gmail.com,+1-393-880-3406,Minneapolis,74,Active,Platinum,Credit Card,2022-08-03,2023-11-16,4,2.6,English,Android,Friend Referral,No,0.92,Yes
6830095,David,Garcia,user6830095@outlook.com,+1-465-111-8077,Denver,28,Inactive,Platinum,Credit Card,2019-09-23,2024-05-14,10,4.5,Arabic,iOS,App Store,Yes,0.74,Yes
9989318,Elijah,Martin,user9989318@proton.com,+1-341-552-5138,Orlando,21,Inactive,Silver,App Wallet,2019-01-24,2024-09-19,8,3.1,English,Android,App Store,No,15.89,No
3151041,Jake,Thomas,user3151041@proton.com,+1-917-380-1150,Austin,34,Active,Silver,Debit Card,2021-01-23,2021-10-17,6,4.5,English,Android,Corporate Deal,No,0.05,Yes
9027783,Lisa,Lee,user9027783@yahoo.com,+1-960-699-9755,Dallas,55,Active,Platinum,Debit Card,2020-07-12,2021-06-01,30,4.5,Spanish,iOS,Organic,No,0.81,Yes
7550354,Jake,Green,user7550354@proton.com,+1-342-458-2985,San Francisco,36,Active,Silver,Credit Card,2020-09-17,2024-10-06,10,3.2,English,Web,App Store,No,0.01,Yes
9522389,David,Miller,user9522389@proton.com,+1-364-317-5156,Los Angeles,32,Active,Silver,Credit Card,2019-10-01,2021-12-12,3,4.1,Hindi,Android,Organic,No,0.46,Yes
7990479,Zoe,Flores,user7990479@yahoo.com,+1-498-404-4428,Los Angeles,26,Active,Gold,Credit Card,2020-06-24,2021-09-20,100,2.6,English,Android,Friend Referral,No,0.6,Yes
3677988,Carlos,Walker,user3677988@yahoo.com,+1-264-243-9084,Denver,69,Active,Silver,Credit Card,2021-02-23,2021-09-14,3,4.3,English,Android,App Store,No,0.55,Yes
5505672,Emma,Scott,user5505672@yahoo.com,+1-313-616-7936,Austin,26,Pending Verification,Silver,Promo Credit,2019-12-01,2024-02-12,6,5.0,Hindi,Android,Ad Campaign,No,5.91,No
5300887,Kevin,Baker,user5300887@outlook.com,+1-911-537-4520,Seattle,37,Inactive,Bronze,Promo Credit,2019-06-15,2021-07-27,4,3.8,English,Android,Organic,No,0.68,Yes
1114875,Emma,Miller,user1114875@outlook.com,+1-448-722-2013,San Francisco,32,Active,Bronze,Debit Card,2022-06-21,2024-04-15,10,4.1,English,Android,Corporate Deal,Yes,0.22,No
6771642,Lily,Miller,user6771642@yahoo.com,+1-577-962-1724,Phoenix,60,Active,Gold,Credit Card,2019-01-09,2021-09-28,2,3.8,Spanish,iOS,App Store,No,20.15,No
5454683,Aisha,Williams,user5454683@proton.com,+1-397-130-8621,San Francisco,39,Active,Gold,App Wallet,2020-04-24,2022-01-30,5,3.8,English,Android,Ad Campaign,No,0.36,Yes
9069468,Grayson,Scott,user9069468@outlook.com,+1-693-316-9040,Chicago,36,Active,Silver,Credit Card,2019-09-06,2020-11-07,5,4.9,Arabic,Android,App Store,No,0.77,Yes
4719772,David,Young,user4719772@gmail.com,+1-578-615-7572,Austin,76,Active,Gold,Credit Card,2021-01-22,2024-07-11,4,3.5,Hindi,Android,Organic,Yes,0.02,Yes
1639853,Liam,Young,user1639853@outlook.com,+1-379-381-1179,Los Angeles,33,Active,Silver,Debit Card,2020-05-03,2023-12-20,4,2.9,English,iOS,App Store,Yes,10.74,Yes
7930027,Mason,Mitchell,user7930027@proton.com,+1-871-433-3367,Portland,60,Active,Platinum,Credit Card,2020-12-07,2021-04-15,6,4.0,English,iOS,Friend Referral,No,0.69,No
9506925,Mei,Miller,user9506925@proton.com,+1-526-465-6200,Denver,55,Active,Bronze,Corporate,2021-09-30,2023-03-26,200,4.7,English,Android,Friend Referral,Yes,0.26,Yes
1404503,Riley,Hall,user1404503@gmail.com,+1-782-533-9551,New York,24,Active,Platinum,Credit Card,2021-10-14,2022-10-22,4,5.0,Mandarin,iOS,Organic,No,5.38,Yes
3519929,Emily,Anderson,user3519929@gmail.com,+1-253-795-6822,Orlando,48,Inactive,Diamond,App Wallet,2021-01-05,2022-02-10,30,3.9,French,iOS,Social Media,No,15.43,Yes
3867490,Layla,Nguyen,user3867490@gmail.com,+1-229-563-5343,Atlanta,27,Suspended,Silver,App Wallet,2023-02-19,2024-06-16,50,4.6,Portuguese,Android,Friend Referral,No,0.34,Yes
6261569,Kevin,Lee,user6261569@proton.com,+1-905-751-9345,Dallas,26,Active,Bronze,Credit Card,2021-03-15,2021-11-21,5,4.0,Mandarin,Android,App Store,No,10.89,Yes
4448490,Lily,Adams,user4448490@proton.com,+1-998-275-9933,Los Angeles,31,Suspended,Silver,Debit Card,2019-03-05,2019-10-14,50,3.6,English,Android,Friend Referral,No,0.32,Yes
9728231,Ethan,Brown,user9728231@yahoo.com,+1-348-216-6675,San Francisco,41,Pending Verification,Silver,Credit Card,2020-01-16,2021-11-27,10,3.0,Spanish,iOS,Friend Referral,Yes,5.2,Yes
2184324,Emma,White,user2184324@yahoo.com,+1-484-443-8232,Nashville,39,Active,Gold,Credit Card,2023-02-21,2023-07-26,8,4.2,English,Android,Social Media,No,0.54,Yes
1739839,Emily,Martin,user1739839@outlook.com,+1-471-503-9127,Nashville,40,Inactive,Bronze,Credit Card,2022-04-17,2022-12-12,3,2.7,English,iOS,Friend Referral,No,10.07,Yes
6837033,Liam,Walker,user6837033@yahoo.com,+1-625-440-8476,Orlando,30,Active,Bronze,Corporate,2021-06-11,2022-12-20,2,3.1,Mandarin,iOS,Social Media,No,0.45,Yes
1098123,Diana,Brown,user1098123@proton.com,+1-474-888-8612,Houston,66,Active,Diamond,App Wallet,2020-04-26,2022-02-06,30,4.0,Hindi,Web,Organic,Yes,0.37,Yes
2264669,Oliver,Davis,user2264669@gmail.com,+1-690-562-1188,Boston,40,Active,Bronze,Credit Card,2019-01-07,2024-10-31,3,4.1,English,iOS,Social Media,Yes,0.08,Yes
4641550,Carlos,Davis,user4641550@proton.com,+1-570-890-3176,Denver,45,Active,Silver,Debit Card,2022-09-17,2022-11-22,15,4.9,Mandarin,iOS,Social Media,No,0.46,Yes
5516741,Chloe,Martin,user5516741@proton.com,+1-403-129-6770,Phoenix,21,Active,Silver,Credit Card,2021-07-04,2021-11-02,6,3.0,Spanish,iOS,Corporate Deal,No,0.53,Yes
9259539,Mei,Hill,user9259539@yahoo.com,+1-523-501-4234,Chicago,58,Active,Silver,App Wallet,2019-06-07,2021-05-16,6,3.4,English,iOS,Ad Campaign,No,0.14,Yes
3804522,Mei,Nguyen,user3804522@proton.com,+1-521-443-5620,San Francisco,77,Active,Bronze,Promo Credit,2022-07-23,2022-09-19,10,3.1,English,Android,Social Media,No,0.91,No
8234953,Emily,Adams,user8234953@outlook.com,+1-810-300-3551,Phoenix,33,Active,Diamond,Credit Card,2020-06-13,2022-08-14,100,3.5,English,iOS,Corporate Deal,No,20.89,Yes
4815014,Nina,Mitchell,user4815014@yahoo.com,+1-551-838-1497,Atlanta,18,Active,Gold,App Wallet,2021-08-04,2024-05-18,6,4.4,French,iOS,App Store,No,0.06,Yes
9071840,Zoe,Smith,user9071840@proton.com,+1-991-516-9405,Denver,20,Active,Silver,Debit Card,2019-06-04,2023-08-08,0,,Portuguese,iOS,Social Media,No,15.15,No
6644502,Priya,Nguyen,user6644502@yahoo.com,+1-505-427-2549,Las Vegas,27,Active,Bronze,App Wallet,2022-06-15,2024-04-24,50,4.2,English,iOS,Ad Campaign,No,0.04,Yes
4477105,Carlos,Robinson,user4477105@proton.com,+1-397-653-5767,San Diego,57,Active,Silver,App Wallet,2021-12-11,2024-12-03,6,4.5,English,iOS,Organic,No,0.52,Yes
5171442,Diana,Anderson,user5171442@proton.com,+1-432-485-5819,Houston,50,Inactive,Gold,Credit Card,2021-09-02,2023-06-15,6,2.6,Arabic,Android,Social Media,Yes,0.23,No
6541607,Grayson,Rodriguez,user6541607@yahoo.com,+1-374-813-5375,Phoenix,35,Active,Gold,App Wallet,2023-03-17,2023-06-12,75,2.9,English,iOS,Corporate Deal,No,0.98,Yes
7506351,Elijah,Moore,user7506351@gmail.com,+1-774-669-1591,Detroit,54,Pending Verification,Gold,Corporate,2022-02-26,2022-11-21,5,3.4,Mandarin,iOS,Social Media,No,0.01,No
2333128,Liam,Miller,user2333128@proton.com,+1-746-892-1701,Phoenix,24,Active,Bronze,Credit Card,2020-03-17,2024-01-21,0,,English,iOS,Corporate Deal,No,0.93,Yes
3850158,Priya,Hall,user3850158@outlook.com,+1-446-516-8807,Austin,32,Active,Bronze,Credit Card,2022-10-05,2024-04-20,6,3.3,Portuguese,Android,App Store,No,20.31,Yes
4132530,Andre,Smith,user4132530@outlook.com,+1-589-635-9982,Chicago,40,Active,Bronze,App Wallet,2021-02-12,2022-08-27,6,4.8,English,Android,Friend Referral,Yes,0.79,Yes
2638511,Oscar,Jones,user2638511@yahoo.com,+1-844-748-7315,Houston,33,Active,Silver,App Wallet,2022-09-04,2023-12-06,8,4.5,Spanish,iOS,Ad Campaign,No,0.42,Yes
3564696,Lily,Scott,user3564696@outlook.com,+1-278-437-3951,San Francisco,54,Active,Silver,Credit Card,2022-03-13,2024-02-27,10,4.9,Spanish,iOS,Ad Campaign,Yes,20.17,Yes
4675024,Noah,King,user4675024@outlook.com,+1-768-463-3700,Phoenix,26,Active,Bronze,Credit Card,2020-04-13,2024-01-23,2,4.4,Spanish,Android,App Store,No,0.65,Yes
5333257,Mei,Williams,user5333257@proton.com,+1-743-839-8161,New York,43,Active,Platinum,Credit Card,2020-05-12,2023-04-24,50,3.3,Arabic,Android,Social Media,Yes,5.01,Yes
4860109,Fatima,Jones,user4860109@yahoo.com,+1-951-426-1859,Miami,19,Inactive,Silver,Corporate,2019-10-29,2021-11-16,8,4.1,English,iOS,Ad Campaign,No,50.22,Yes
7412623,Diana,Torres,user7412623@gmail.com,+1-467-477-1696,San Diego,30,Active,Silver,App Wallet,2022-11-09,2023-03-22,4,2.7,English,iOS,Organic,No,0.44,Yes
1425356,Mia,Hall,user1425356@yahoo.com,+1-997-351-2491,Atlanta,38,Active,Bronze,Debit Card,2022-09-22,2023-09-28,4,4.0,English,iOS,Friend Referral,No,20.34,Yes
6581450,Aisha,Thomas,user6581450@proton.com,+1-941-230-7668,San Francisco,32,Active,Gold,Credit Card,2020-01-11,2020-07-11,30,4.9,English,iOS,Corporate Deal,No,0.4,Yes
7124995,Aiden,Green,user7124995@yahoo.com,+1-518-463-6007,Houston,54,Active,Bronze,Debit Card,2019-03-04,2023-01-15,6,3.8,Portuguese,Android,Ad Campaign,No,0.26,No
9038184,Chloe,Garcia,user9038184@proton.com,+1-595-791-6200,New York,28,Active,Silver,App Wallet,2022-03-14,2022-12-17,6,4.4,English,iOS,Ad Campaign,No,0.11,No
1126700,Wei,Martinez,user1126700@yahoo.com,+1-332-359-3854,Los Angeles,21,Active,Bronze,Debit Card,2020-08-08,2021-06-26,150,3.4,English,Android,App Store,No,15.34,Yes
2684783,Diana,Scott,user2684783@proton.com,+1-689-656-2232,Dallas,54,Active,Silver,App Wallet,2023-03-19,2024-05-27,8,2.9,English,Android,Corporate Deal,Yes,5.49,Yes
4984385,Sarah,Carter,user4984385@yahoo.com,+1-623-847-2996,Portland,64,Active,Diamond,App Wallet,2023-03-17,2024-04-19,5,3.7,English,Android,Social Media,Yes,0.52,No
8039207,Maria,Flores,user8039207@proton.com,+1-462-586-5354,Austin,31,Active,Diamond,Debit Card,2022-05-08,2024-05-11,5,4.7,Korean,Android,App Store,Yes,5.79,Yes
3855277,Sofia,Nelson,user3855277@yahoo.com,+1-730-480-7785,Chicago,47,Active,Bronze,Credit Card,2020-01-01,2024-10-18,2,4.9,English,Web,Ad Campaign,No,0.39,Yes
2223901,Aiden,Miller,user2223901@yahoo.com,+1-852-666-5004,Atlanta,39,Active,Diamond,App Wallet,2022-08-08,2024-02-06,30,3.8,English,iOS,App Store,Yes,0.15,Yes
5765472,David,Allen,user5765472@yahoo.com,+1-296-360-6323,Detroit,31,Active,Bronze,Credit Card,2019-11-24,2024-12-29,15,2.9,Arabic,iOS,Friend Referral,No,0.07,Yes
4315376,Mason,Allen,user4315376@gmail.com,+1-281-232-6152,Los Angeles,56,Active,Platinum,Credit Card,2022-09-04,2023-02-18,6,5.0,French,Android,App Store,No,5.67,Yes
3676209,Fatima,Thomas,user3676209@proton.com,+1-257-147-5199,Chicago,25,Active,Silver,Credit Card,2020-10-05,2022-03-02,2,4.1,English,Android,Social Media,No,5.57,Yes
3780942,Grayson,Jackson,user3780942@gmail.com,+1-368-230-5048,Las Vegas,20,Active,Silver,Debit Card,2021-06-13,2023-11-29,5,4.8,French,iOS,Corporate Deal,No,0.78,Yes
5180555,Fatima,Scott,user5180555@outlook.com,+1-799-628-6603,New York,21,Active,Gold,Credit Card,2020-11-17,2022-01-22,3,3.3,English,Android,App Store,No,0.14,Yes
3236699,Logan,Williams,user3236699@yahoo.com,+1-995-111-8393,San Francisco,40,Active,Gold,Corporate,2020-01-17,2024-01-27,75,3.2,Portuguese,iOS,App Store,No,5.61,Yes
1876942,David,Garcia,user1876942@outlook.com,+1-635-286-7214,San Francisco,30,Active,Gold,Credit Card,2020-02-29,2022-12-30,5,3.4,English,iOS,Corporate Deal,No,0.46,Yes
1756312,Andre,Lee,user1756312@proton.com,+1-997-674-4045,Minneapolis,47,Active,Bronze,App Wallet,2019-05-11,2023-08-04,8,2.6,English,Android,Corporate Deal,No,0.03,Yes
5051198,Oscar,Lee,user5051198@outlook.com,+1-422-750-2498,Houston,40,Pending Verification,Silver,Promo Credit,2021-01-08,2023-12-05,2,3.8,English,Web,Organic,No,0.88,Yes
7761723,Mia,Thomas,user7761723@gmail.com,+1-662-933-8453,Atlanta,69,Active,Bronze,App Wallet,2023-03-22,2024-08-24,2,2.6,English,Android,Ad Campaign,No,0.04,Yes
1949054,David,Williams,user1949054@yahoo.com,+1-668-883-5352,Miami,58,Active,Platinum,Promo Credit,2020-06-25,2020-10-21,4,4.0,Spanish,iOS,Social Media,No,0.2,Yes
3169133,Carlos,Robinson,user3169133@proton.com,+1-722-649-8317,Phoenix,41,Active,Bronze,App Wallet,2022-03-26,2024-05-07,6,4.0,English,iOS,Friend Referral,No,0.2,Yes
4104559,Jackson,Baker,user4104559@gmail.com,+1-434-527-1147,Orlando,31,Active,Bronze,Credit Card,2020-08-16,2022-11-08,6,4.9,English,iOS,Friend Referral,No,5.29,Yes
1961533,Emma,Wright,user1961533@outlook.com,+1-622-810-3711,Minneapolis,27,Active,Gold,Credit Card,2019-09-25,2021-08-18,15,2.8,English,Android,App Store,No,0.8,Yes
4414517,Fatima,Jackson,user4414517@outlook.com,+1-522-364-2449,San Diego,69,Active,Silver,App Wallet,2019-04-23,2021-06-09,8,4.2,English,iOS,App Store,Yes,0.74,No
4131085,Jake,Harris,user4131085@gmail.com,+1-671-971-6435,Miami,28,Active,Bronze,Credit Card,2020-05-21,2024-06-13,5,3.2,English,Android,App Store,No,0.26,No
5256489,Sofia,Wright,user5256489@proton.com,+1-584-800-5193,Los Angeles,29,Active,Silver,Corporate,2020-04-30,2020-07-07,8,4.9,Mandarin,iOS,Ad Campaign,No,15.77,Yes
6238833,Noah,Hill,user6238833@yahoo.com,+1-359-424-4034,Detroit,37,Active,Gold,Debit Card,2021-05-04,2021-09-10,30,2.6,Arabic,iOS,Corporate Deal,No,5.74,Yes
3888883,Lisa,Carter,user3888883@gmail.com,+1-558-547-4075,Nashville,30,Pending Verification,Silver,Crypto,2021-11-23,2023-06-05,1,3.6,English,Android,App Store,Yes,0.24,Yes
8951905,Diana,Wright,user8951905@yahoo.com,+1-460-122-6195,Dallas,69,Active,Silver,Crypto,2021-08-20,2022-12-21,8,4.3,English,iOS,App Store,No,30.12,Yes
6450608,Elijah,Mitchell,user6450608@outlook.com,+1-864-410-1519,New York,60,Active,Gold,Credit Card,2022-02-02,2023-10-11,30,3.0,Mandarin,Android,Ad Campaign,No,30.31,Yes
3612819,Nina,Robinson,user3612819@outlook.com,+1-789-814-4574,Austin,24,Pending Verification,Gold,Corporate,2019-10-02,2024-09-07,6,3.0,Portuguese,Android,Organic,No,15.32,Yes
1279477,Ava,Carter,user1279477@gmail.com,+1-481-607-6191,Chicago,73,Active,Silver,App Wallet,2021-06-12,2024-03-19,15,3.5,Hindi,Android,Friend Referral,No,15.02,Yes
3972273,Elijah,White,user3972273@yahoo.com,+1-570-263-8403,Portland,31,Active,Gold,Debit Card,2020-01-27,2020-10-10,3,2.9,English,Android,Friend Referral,No,0.09,Yes
5192059,Tom,Green,user5192059@outlook.com,+1-237-512-1000,Portland,18,Active,Bronze,Debit Card,2020-10-15,2020-11-03,10,3.7,English,Android,Friend Referral,No,0.09,Yes
8710422,Zoe,Jackson,user8710422@proton.com,+1-968-152-2976,Chicago,32,Active,Bronze,Corporate,2020-08-26,2024-10-12,1,2.7,English,Android,Organic,No,0.64,Yes
3240404,David,Walker,user3240404@gmail.com,+1-842-895-6707,Chicago,30,Active,Bronze,Debit Card,2020-02-23,2023-01-24,4,3.3,English,Android,Friend Referral,No,10.9,No
3487830,Oscar,Moore,user3487830@gmail.com,+1-960-117-5727,New York,51,Active,Silver,Credit Card,2020-08-09,2024-11-26,3,4.5,English,Android,Corporate Deal,No,0.77,Yes
5338256,Aiden,Miller,user5338256@outlook.com,+1-707-558-4376,Boston,64,Inactive,Silver,Debit Card,2022-08-05,2023-08-10,6,4.9,English,Android,App Store,No,0.1,Yes
6596086,Lily,Thomas,user6596086@outlook.com,+1-494-709-2838,Detroit,30,Active,Silver,Credit Card,2022-06-03,2024-06-24,1,3.2,Arabic,iOS,Friend Referral,No,5.65,Yes
7009705,James,Wright,user7009705@proton.com,+1-227-974-6200,New York,27,Active,Silver,Credit Card,2023-05-15,2023-11-18,4,2.6,French,Android,Organic,No,0.32,Yes
5885056,Elijah,Martinez,user5885056@outlook.com,+1-335-754-8945,Los Angeles,18,Active,Gold,App Wallet,2019-11-19,2024-10-03,3,4.9,English,iOS,Friend Referral,Yes,15.8,No
3369869,Yuki,Carter,user3369869@yahoo.com,+1-940-231-7636,Austin,47,Active,Bronze,Debit Card,2020-03-03,2024-08-29,6,2.7,Hindi,iOS,Corporate Deal,No,30.83,Yes
6188639,Ryan,Thomas,user6188639@outlook.com,+1-861-230-1784,Houston,45,Active,Platinum,Credit Card,2019-09-04,2021-10-03,4,4.2,Spanish,iOS,App Store,No,20.87,No
6614340,Liam,White,user6614340@proton.com,+1-251-162-3766,Los Angeles,35,Inactive,Silver,Debit Card,2021-12-04,2022-05-09,50,2.7,French,Web,Corporate Deal,No,0.33,Yes
1381557,David,Baker,user1381557@yahoo.com,+1-470-571-4832,Denver,36,Active,Silver,Promo Credit,2021-04-19,2021-11-13,3,3.7,English,iOS,Corporate Deal,Yes,0.04,Yes
8065087,Logan,Smith,user8065087@yahoo.com,+1-418-991-5179,San Diego,29,Active,Bronze,App Wallet,2020-07-07,2021-02-04,5,3.4,English,iOS,Corporate Deal,No,0.92,Yes
9820300,Priya,White,user9820300@yahoo.com,+1-391-660-2718,New York,32,Suspended,Bronze,Corporate,2020-04-14,2023-11-12,4,4.3,Spanish,Android,Corporate Deal,No,15.11,Yes
4195093,Riley,Adams,user4195093@proton.com,+1-814-466-6582,San Francisco,60,Active,Gold,Debit Card,2021-12-27,2024-08-02,4,3.3,English,Android,Friend Referral,No,0.94,Yes
2922699,Wei,Moore,user2922699@yahoo.com,+1-503-165-5969,New York,23,Inactive,Gold,Debit Card,2021-04-09,2022-01-13,15,3.6,English,iOS,Organic,No,0.81,Yes
3706046,Oliver,Hill,user3706046@outlook.com,+1-564-265-1719,Miami,63,Active,Bronze,Debit Card,2019-11-24,2021-01-19,75,3.9,English,iOS,Organic,No,0.15,Yes
6079291,Elijah,Davis,user6079291@proton.com,+1-583-537-5118,Seattle,55,Active,Bronze,Credit Card,2023-02-26,2024-12-06,2,3.7,French,iOS,Friend Referral,No,0.77,Yes
8157989,Chloe,Anderson,user8157989@gmail.com,+1-621-473-4693,Austin,30,Active,Bronze,Credit Card,2020-10-27,2024-10-13,15,2.6,English,iOS,Ad Campaign,No,0.8,Yes
4612720,Layla,Green,user4612720@yahoo.com,+1-991-268-6179,Phoenix,52,Active,Bronze,Promo Credit,2020-02-23,2023-01-03,6,3.1,English,iOS,Friend Referral,No,0.07,Yes
1097862,Mei,King,user1097862@proton.com,+1-837-748-4414,Houston,43,Active,Bronze,App Wallet,2022-07-07,2023-11-25,75,2.7,Spanish,Android,Organic,No,0.78,Yes
4444337,Lily,Wright,user4444337@yahoo.com,+1-688-914-7740,Portland,63,Active,Silver,Debit Card,2022-03-18,2022-04-05,5,4.4,English,Android,App Store,No,0.13,Yes
4407509,Sofia,Allen,user4407509@outlook.com,+1-413-350-6618,New York,73,Active,Bronze,Debit Card,2022-02-10,2024-12-22,6,3.5,English,Android,Corporate Deal,No,0.21,Yes
6147755,David,Clark,user6147755@gmail.com,+1-444-577-3109,Miami,29,Active,Gold,Debit Card,2020-08-21,2023-11-08,8,4.8,Hindi,iOS,Corporate Deal,No,0.43,Yes
9058098,Nina,Johnson,user9058098@proton.com,+1-602-411-4278,Los Angeles,44,Active,Gold,App Wallet,2022-08-06,2023-06-20,1,3.3,English,iOS,Ad Campaign,No,0.95,No
8205572,Ethan,Carter,user8205572@gmail.com,+1-463-591-5201,Chicago,55,Active,Bronze,App Wallet,2019-09-14,2024-12-23,50,3.2,French,Android,Ad Campaign,No,10.89,Yes
6151177,Aiden,White,user6151177@yahoo.com,+1-336-624-7999,New York,21,Active,Bronze,App Wallet,2021-05-01,2022-07-11,20,2.9,English,iOS,Ad Campaign,Yes,10.65,No
9553597,Wei,Green,user9553597@outlook.com,+1-787-532-1340,New York,68,Active,Bronze,Credit Card,2020-04-12,2021-02-11,150,4.3,Portuguese,iOS,Friend Referral,No,20.38,Yes
2439442,Jake,Baker,user2439442@outlook.com,+1-969-725-2224,San Francisco,19,Active,Silver,Credit Card,2023-01-25,2024-06-21,3,4.6,Hindi,iOS,Organic,No,20.5,Yes
6123135,Lisa,Adams,user6123135@proton.com,+1-615-729-9990,San Francisco,24,Active,Silver,Debit Card,2021-07-04,2022-06-26,200,2.7,English,iOS,App Store,No,0.85,Yes
7775213,Oliver,Torres,user7775213@yahoo.com,+1-352-421-8556,Los Angeles,46,Active,Bronze,Credit Card,2022-12-06,2023-04-26,10,2.6,French,iOS,Organic,No,0.35,Yes
7424851,Wei,Lewis,user7424851@gmail.com,+1-630-823-6894,Houston,70,Active,Gold,App Wallet,2022-02-21,2022-06-25,3,3.7,Spanish,iOS,Friend Referral,No,0.63,No
8394299,Lisa,Smith,user8394299@yahoo.com,+1-663-377-1258,Houston,20,Active,Silver,App Wallet,2020-09-14,2024-10-01,5,2.9,English,iOS,Corporate Deal,Yes,0.61,No
7879369,Andre,Flores,user7879369@gmail.com,+1-741-693-3092,Portland,34,Active,Diamond,Credit Card,2020-04-18,2022-09-07,10,4.0,French,Web,Social Media,No,0.44,Yes
3196318,Oliver,Green,user3196318@yahoo.com,+1-672-258-8502,Denver,25,Active,Diamond,App Wallet,2020-06-09,2022-12-21,6,3.7,Korean,Android,Social Media,No,0.86,Yes
8513730,James,Flores,user8513730@proton.com,+1-977-848-9704,Chicago,26,Active,Bronze,Crypto,2019-12-14,2021-05-15,8,4.2,Portuguese,iOS,Social Media,No,0.23,Yes
6784649,Isabella,Young,user6784649@gmail.com,+1-969-250-9891,Miami,35,Active,Bronze,App Wallet,2019-06-06,2022-01-04,3,3.7,Portuguese,Android,Organic,No,15.23,Yes
7827317,Jake,Thomas,user7827317@gmail.com,+1-503-893-5386,Phoenix,35,Active,Silver,Credit Card,2023-03-07,2024-11-03,2,4.5,English,iOS,Ad Campaign,No,30.41,Yes
2118047,David,Taylor,user2118047@yahoo.com,+1-679-700-6664,Detroit,73,Active,Bronze,Debit Card,2020-12-25,2021-10-01,5,3.5,Spanish,Android,Organic,Yes,5.28,No
4751400,Aiden,Hall,user4751400@outlook.com,+1-879-443-2740,San Diego,62,Suspended,Bronze,Corporate,2023-01-26,2024-04-20,20,2.7,English,Android,Friend Referral,Yes,0.59,Yes
8077794,Elijah,Clark,user8077794@proton.com,+1-577-646-7720,Boston,41,Inactive,Bronze,Debit Card,2019-10-29,2022-07-13,10,4.3,English,Android,Corporate Deal,No,10.32,Yes
8917479,Liam,Scott,user8917479@outlook.com,+1-770-768-5879,San Diego,21,Inactive,Diamond,App Wallet,2022-07-23,2022-12-22,30,4.9,Mandarin,iOS,Friend Referral,Yes,0.97,Yes
2913678,Mia,Thomas,user2913678@outlook.com,+1-384-711-6078,Chicago,29,Suspended,Bronze,Credit Card,2022-03-16,2022-07-30,75,3.3,English,Web,Friend Referral,No,0.39,Yes
9212225,Elijah,Adams,user9212225@gmail.com,+1-267-631-6333,Austin,40,Active,Silver,Promo Credit,2019-12-17,2020-02-24,15,2.9,Spanish,iOS,Friend Referral,Yes,30.74,Yes
6551334,Aisha,Williams,user6551334@gmail.com,+1-631-885-5745,San Francisco,32,Active,Bronze,Credit Card,2021-08-11,2022-05-06,3,4.4,English,Android,Corporate Deal,Yes,0.71,No
6754145,Mei,Hall,user6754145@gmail.com,+1-786-330-4217,Detroit,39,Inactive,Bronze,Debit Card,2021-01-11,2022-09-21,10,4.4,English,Android,Organic,No,0.25,Yes
4853482,Lily,Moore,user4853482@gmail.com,+1-939-546-8952,Chicago,25,Active,Silver,Promo Credit,2021-06-22,2023-12-30,10,2.8,English,Android,Ad Campaign,Yes,0.75,Yes
1693801,Logan,Jackson,user1693801@yahoo.com,+1-838-151-8065,Nashville,28,Active,Bronze,Debit Card,2023-03-30,2024-11-29,2,3.5,French,Web,Organic,No,0.57,Yes
9564266,Tom,Allen,user9564266@yahoo.com,+1-422-743-2736,Miami,74,Active,Platinum,App Wallet,2019-02-01,2022-11-29,20,3.7,English,Android,Friend Referral,No,0.73,Yes
8589557,Riley,Martin,user8589557@proton.com,+1-532-490-7909,San Francisco,63,Active,Silver,Credit Card,2019-11-12,2022-01-21,5,2.5,Mandarin,iOS,Friend Referral,No,10.76,Yes
6720545,Mei,Thomas,user6720545@proton.com,+1-296-942-3263,San Francisco,30,Active,Platinum,Credit Card,2020-01-10,2022-02-01,5,2.8,English,iOS,Friend Referral,No,5.64,Yes
1661389,Chloe,Anderson,user1661389@yahoo.com,+1-416-280-3638,Boston,33,Active,Bronze,Credit Card,2023-02-13,2024-10-15,4,4.4,English,iOS,Social Media,No,10.95,Yes
8875447,Aria,Green,user8875447@proton.com,+1-672-132-7000,Las Vegas,30,Active,Bronze,Debit Card,2019-09-01,2021-09-09,3,2.5,Spanish,iOS,Social Media,No,5.54,Yes
1317343,Elijah,Wright,user1317343@gmail.com,+1-800-585-5069,New York,38,Inactive,Silver,Credit Card,2021-07-14,2021-09-18,5,3.3,Arabic,Android,Ad Campaign,Yes,0.9,No
5709672,Mei,Garcia,user5709672@gmail.com,+1-814-880-1259,Miami,18,Active,Silver,App Wallet,2020-05-30,2022-01-30,100,3.6,Mandarin,Android,Social Media,No,20.94,No
5842961,Emma,Smith,user5842961@proton.com,+1-445-785-6934,Denver,30,Active,Diamond,App Wallet,2020-08-04,2021-01-31,15,4.7,English,iOS,Corporate Deal,No,0.69,Yes
6858679,Zoe,Williams,user6858679@yahoo.com,+1-325-228-8663,Los Angeles,53,Active,Gold,Credit Card,2019-12-22,2021-10-01,6,2.9,English,Web,Friend Referral,No,0.89,Yes
7903388,Tom,Wright,user7903388@outlook.com,+1-771-872-3275,Miami,28,Active,Silver,Crypto,2020-04-17,2024-02-15,4,3.2,Mandarin,Android,Friend Referral,Yes,0.0,Yes
8263957,Diana,Martinez,user8263957@yahoo.com,+1-407-666-9049,Las Vegas,33,Active,Silver,App Wallet,2020-01-01,2022-03-18,10,4.5,Mandarin,Web,App Store,Yes,0.69,Yes
7795026,Fatima,Nguyen,user7795026@gmail.com,+1-570-315-1280,Miami,33,Active,Bronze,App Wallet,2022-02-26,2023-10-14,10,3.9,Spanish,iOS,Social Media,No,0.45,Yes
1838596,Ava,Lewis,user1838596@proton.com,+1-676-404-9505,Orlando,39,Active,Platinum,Promo Credit,2019-04-29,2024-03-20,6,4.9,English,Android,Organic,Yes,5.2,No
3485030,Priya,Robinson,user3485030@proton.com,+1-483-555-2511,Nashville,62,Inactive,Bronze,Credit Card,2022-07-08,2024-09-30,50,4.6,English,iOS,Ad Campaign,No,0.28,Yes
6551559,Tom,Torres,user6551559@yahoo.com,+1-397-965-1736,Las Vegas,23,Active,Gold,App Wallet,2022-11-26,2023-08-30,4,3.4,Spanish,iOS,Social Media,No,0.36,Yes
7025733,Mia,Clark,user7025733@proton.com,+1-541-809-7347,Orlando,20,Active,Platinum,Debit Card,2021-11-24,2023-04-12,10,4.4,English,Android,Friend Referral,No,30.18,Yes
4935934,Sarah,Moore,user4935934@gmail.com,+1-321-853-9669,Dallas,27,Pending Verification,Bronze,App Wallet,2022-01-26,2023-03-01,5,3.7,Arabic,iOS,Organic,Yes,0.88,Yes
5057767,Liam,Rodriguez,user5057767@yahoo.com,+1-495-787-4523,Orlando,40,Suspended,Bronze,Promo Credit,2023-02-27,2024-02-02,4,3.8,Mandarin,Android,Friend Referral,No,0.24,Yes
9334987,Maria,Johnson,user9334987@proton.com,+1-227-804-3495,Chicago,59,Active,Silver,Credit Card,2020-12-06,2021-07-17,10,3.5,Mandarin,Android,App Store,No,50.82,Yes
3632452,Oscar,Jackson,user3632452@proton.com,+1-834-800-8284,Chicago,57,Active,Bronze,Credit Card,2021-11-04,2022-08-18,8,4.1,Spanish,Web,App Store,No,15.6,Yes
1553728,Diana,Hill,user1553728@yahoo.com,+1-313-645-1780,Boston,46,Suspended,Diamond,Debit Card,2022-06-01,2024-03-14,6,4.6,Mandarin,Android,Organic,No,0.79,Yes
7739048,Mohammed,Adams,user7739048@yahoo.com,+1-680-223-9882,Houston,30,Active,Silver,Debit Card,2020-03-25,2023-02-26,6,3.3,Mandarin,Web,Organic,No,0.07,Yes
4308165,Priya,Wright,user4308165@proton.com,+1-376-196-1382,Houston,22,Active,Silver,Debit Card,2022-02-04,2024-11-08,8,3.7,Hindi,iOS,Corporate Deal,No,0.9,Yes
8253284,Oscar,Miller,user8253284@yahoo.com,+1-430-987-7740,Houston,49,Active,Platinum,App Wallet,2020-06-09,2024-04-11,6,4.9,English,Android,Friend Referral,No,0.7,Yes
8039045,Lucas,Scott,user8039045@yahoo.com,+1-909-640-7861,Portland,28,Active,Bronze,Corporate,2021-12-22,2022-11-18,5,3.2,Portuguese,iOS,Corporate Deal,No,0.48,Yes
7411592,Liam,Wright,user7411592@proton.com,+1-835-442-2172,Las Vegas,67,Suspended,Bronze,Credit Card,2022-11-11,2024-11-22,5,4.6,Hindi,Android,App Store,No,0.88,Yes
9477455,Aiden,Rodriguez,user9477455@outlook.com,+1-660-155-7552,Denver,33,Inactive,Gold,Credit Card,2021-04-25,2023-12-05,2,4.1,Arabic,iOS,Ad Campaign,No,0.34,Yes
9278977,Aria,King,user9278977@proton.com,+1-995-138-4214,Denver,29,Active,Bronze,Credit Card,2021-04-28,2024-04-14,1,4.6,Portuguese,iOS,Ad Campaign,No,0.49,Yes
6754895,Ryan,Young,user6754895@yahoo.com,+1-586-940-1395,Denver,28,Active,Silver,Corporate,2019-04-28,2020-02-27,4,4.7,Spanish,Android,Ad Campaign,Yes,0.14,Yes
2553471,Carlos,Allen,user2553471@yahoo.com,+1-367-177-9202,Las Vegas,33,Active,Bronze,App Wallet,2019-10-17,2020-01-22,5,4.9,English,iOS,Organic,No,0.44,Yes
1682268,Aria,Adams,user1682268@proton.com,+1-781-480-1284,Las Vegas,35,Active,Bronze,Credit Card,2021-04-25,2021-11-07,3,4.7,Mandarin,iOS,Organic,No,15.5,Yes
1604001,Wei,Wilson,user1604001@yahoo.com,+1-800-533-9119,Miami,70,Active,Silver,Debit Card,2022-12-19,2024-02-21,4,3.9,English,Web,App Store,No,15.31,Yes
3774280,Diana,Flores,user3774280@outlook.com,+1-991-376-3518,Houston,26,Active,Gold,Debit Card,2020-03-09,2023-07-03,200,3.0,French,Android,Organic,No,0.46,Yes
7265477,Aiden,Anderson,user7265477@outlook.com,+1-698-617-8186,Dallas,30,Active,Bronze,Corporate,2023-04-30,2023-08-15,4,3.4,Spanish,iOS,Organic,Yes,0.29,No
6718988,Aiden,Harris,user6718988@gmail.com,+1-843-943-6988,Houston,26,Inactive,Bronze,Credit Card,2020-10-21,2024-08-10,8,4.4,English,Android,Ad Campaign,No,0.72,Yes
1257131,Isabella,Williams,user1257131@outlook.com,+1-321-346-7116,Denver,23,Pending Verification,Silver,Credit Card,2019-04-22,2020-04-13,5,3.3,Spanish,iOS,Corporate Deal,No,0.15,No
6826350,Isabella,Scott,user6826350@proton.com,+1-808-293-7295,Miami,64,Inactive,Bronze,App Wallet,2022-07-23,2023-05-27,150,2.7,English,Android,Organic,No,0.01,No
8785973,Zoe,Flores,user8785973@gmail.com,+1-841-260-9810,Detroit,19,Active,Platinum,Credit Card,2022-02-20,2022-02-28,4,4.5,French,iOS,Corporate Deal,No,0.03,Yes
5928815,Lily,Thomas,user5928815@outlook.com,+1-563-116-5882,San Francisco,30,Active,Bronze,App Wallet,2019-07-06,2020-12-24,10,4.1,Arabic,Android,Ad Campaign,No,0.63,Yes
6091209,Grayson,Williams,user6091209@proton.com,+1-321-716-3373,Denver,41,Active,Silver,Credit Card,2020-07-11,2024-01-12,15,3.0,Spanish,Android,App Store,No,0.34,Yes
2567078,Oliver,Green,user2567078@proton.com,+1-583-110-5955,Phoenix,21,Active,Gold,Credit Card,2022-07-04,2024-08-30,6,4.9,English,Android,Friend Referral,No,0.26,Yes
8364174,Riley,Lewis,user8364174@proton.com,+1-826-612-2704,Austin,61,Active,Gold,Credit Card,2021-05-28,2022-01-26,5,3.5,English,iOS,App Store,Yes,0.51,Yes
7124247,Lucas,Torres,user7124247@gmail.com,+1-838-973-4842,Phoenix,49,Active,Gold,App Wallet,2019-09-29,2021-04-10,8,3.1,English,Android,Ad Campaign,No,0.25,Yes
7209216,Zoe,Nelson,user7209216@yahoo.com,+1-825-257-1772,Atlanta,29,Active,Bronze,App Wallet,2019-07-12,2023-02-11,75,3.5,English,iOS,Friend Referral,No,5.71,No
6663333,Chloe,Moore,user6663333@yahoo.com,+1-251-727-7274,Denver,26,Active,Silver,App Wallet,2021-09-16,2024-09-18,6,3.6,English,Android,Friend Referral,No,0.07,Yes
2598864,Andre,Brown,user2598864@outlook.com,+1-664-465-2092,Dallas,64,Active,Bronze,Debit Card,2020-05-05,2023-07-14,4,2.8,Arabic,Android,Social Media,No,15.41,Yes
2973129,David,Mitchell,user2973129@proton.com,+1-852-101-5234,Chicago,38,Active,Diamond,Credit Card,2020-09-02,2022-04-07,20,3.6,Arabic,iOS,Organic,Yes,0.61,Yes
1165691,Aiden,Green,user1165691@outlook.com,+1-787-518-7524,Seattle,19,Suspended,Silver,App Wallet,2019-11-23,2022-12-18,8,3.2,Arabic,Android,Organic,No,20.09,Yes
2993275,Mia,Johnson,user2993275@outlook.com,+1-969-762-6719,San Francisco,27,Inactive,Silver,Corporate,2022-05-04,2024-02-18,75,4.1,Portuguese,Android,Corporate Deal,No,10.63,No
9213729,Jake,Moore,user9213729@proton.com,+1-200-674-2269,Boston,23,Active,Platinum,Promo Credit,2021-05-13,2022-07-16,6,2.7,Hindi,Android,Social Media,No,0.95,Yes
5889178,Ethan,Wilson,user5889178@proton.com,+1-968-115-8953,Los Angeles,34,Active,Silver,Promo Credit,2019-11-08,2024-12-17,8,2.6,English,iOS,Social Media,No,0.04,Yes
9920282,Fatima,Wright,user9920282@gmail.com,+1-537-810-3201,Portland,35,Active,Bronze,Debit Card,2021-02-12,2021-12-18,6,3.4,English,Android,App Store,No,0.63,Yes
7471884,Fatima,Wright,user7471884@gmail.com,+1-872-404-1597,Chicago,66,Active,Bronze,Credit Card,2021-11-19,2022-11-06,5,3.9,Korean,iOS,Friend Referral,No,15.65,Yes
1490261,Maria,Mitchell,user1490261@yahoo.com,+1-439-170-6744,San Francisco,34,Active,Bronze,Debit Card,2021-02-02,2024-09-13,10,4.4,English,Android,Organic,No,0.69,Yes
8901961,Emily,Jackson,user8901961@proton.com,+1-458-773-1535,New York,43,Active,Bronze,Debit Card,2020-02-29,2020-12-27,30,3.4,English,iOS,Corporate Deal,No,0.27,Yes
5695798,Sarah,Adams,user5695798@gmail.com,+1-408-859-2041,Detroit,52,Active,Bronze,Credit Card,2019-03-19,2021-12-03,10,2.8,Spanish,iOS,Friend Referral,No,0.81,Yes
6260209,Kevin,Carter,user6260209@outlook.com,+1-259-709-8404,Phoenix,77,Active,Bronze,Corporate,2021-09-28,2024-05-06,3,3.1,English,iOS,App Store,Yes,0.98,Yes
7469061,Nina,Jones,user7469061@proton.com,+1-688-984-9064,Nashville,49,Active,Silver,Debit Card,2022-12-28,2024-07-28,4,3.0,English,Android,Friend Referral,No,0.69,No
2801335,Tom,Jackson,user2801335@gmail.com,+1-242-757-5249,Detroit,43,Active,Silver,Credit Card,2019-06-21,2022-10-02,30,3.9,English,iOS,Corporate Deal,No,0.59,Yes
9623483,Isabella,Jones,user9623483@proton.com,+1-503-962-6835,San Francisco,32,Active,Bronze,Debit Card,2022-12-16,2024-05-03,2,4.5,English,Android,Ad Campaign,No,0.88,Yes
8960545,Lisa,Robinson,user8960545@yahoo.com,+1-289-501-1204,Austin,37,Active,Gold,Debit Card,2019-12-31,2021-02-03,5,4.7,English,iOS,App Store,No,0.54,Yes
2064153,Lisa,Carter,user2064153@yahoo.com,+1-968-881-6476,Austin,65,Active,Bronze,Debit Card,2020-09-26,2024-08-07,1,3.4,English,iOS,Friend Referral,No,0.12,Yes
2860774,Emma,Anderson,user2860774@outlook.com,+1-343-314-6772,San Francisco,21,Active,Bronze,Corporate,2019-11-25,2021-10-11,6,4.6,English,iOS,Ad Campaign,No,0.11,Yes
1084233,Elijah,Robinson,user1084233@yahoo.com,+1-598-516-2022,Phoenix,47,Active,Bronze,Promo Credit,2019-10-14,2021-07-24,4,3.9,English,Android,App Store,No,15.11,Yes
5005401,Layla,Williams,user5005401@outlook.com,+1-837-154-1757,Phoenix,33,Active,Gold,Debit Card,2020-02-23,2021-01-10,5,4.5,Spanish,Android,Organic,No,0.8,No
6306404,Mason,Wright,user6306404@yahoo.com,+1-806-667-3355,New York,22,Active,Bronze,Credit Card,2021-01-09,2022-10-21,8,3.8,English,iOS,Friend Referral,No,10.82,Yes
6402895,Oliver,Hill,user6402895@outlook.com,+1-720-241-7705,New York,25,Inactive,Silver,Debit Card,2020-10-01,2021-04-23,3,2.6,Hindi,iOS,Corporate Deal,Yes,0.46,Yes
3154362,Lisa,Anderson,user3154362@proton.com,+1-269-686-8919,Dallas,44,Active,Bronze,Credit Card,2023-04-05,2023-08-21,20,4.6,French,Android,Organic,No,0.91,Yes
3224014,Sarah,Martinez,user3224014@proton.com,+1-451-612-5614,Chicago,28,Active,Platinum,Promo Credit,2020-02-13,2021-07-11,8,2.8,Spanish,Android,Social Media,No,0.3,Yes
4779027,Jake,Robinson,user4779027@proton.com,+1-579-852-8043,Los Angeles,26,Active,Bronze,Credit Card,2020-04-05,2023-07-17,20,3.4,English,Android,Corporate Deal,No,0.85,Yes
8044209,Kevin,Martinez,user8044209@yahoo.com,+1-900-896-4207,Miami,28,Active,Bronze,Promo Credit,2021-06-03,2024-10-22,3,3.7,English,Android,App Store,Yes,5.5,Yes
9827052,Isabella,Jones,user9827052@gmail.com,+1-385-848-2189,Detroit,45,Active,Bronze,App Wallet,2022-12-03,2023-09-11,10,4.0,English,Android,Ad Campaign,No,5.73,Yes
5072373,Zoe,Wright,user5072373@yahoo.com,+1-268-609-6043,San Francisco,22,Inactive,Bronze,Debit Card,2019-06-12,2020-10-20,4,4.3,Spanish,Android,Organic,No,10.6,Yes
7108997,Ryan,Harris,user7108997@proton.com,+1-559-384-1846,Dallas,38,Active,Bronze,App Wallet,2021-06-26,2021-11-29,0,,French,Android,Ad Campaign,No,10.59,Yes
1894819,Nina,Lee,user1894819@proton.com,+1-910-707-4155,Austin,43,Active,Bronze,Promo Credit,2020-12-21,2023-03-07,8,3.6,Spanish,Android,Organic,No,30.37,Yes
7474980,Emily,Torres,user7474980@outlook.com,+1-326-431-1183,Minneapolis,27,Active,Diamond,Promo Credit,2020-06-10,2024-04-19,4,4.4,English,Web,Social Media,No,0.05,Yes
4445151,Mason,Baker,user4445151@proton.com,+1-767-355-9275,Seattle,50,Active,Bronze,Debit Card,2021-09-06,2024-01-03,20,3.8,English,Web,Ad Campaign,No,0.58,Yes
3395933,Ava,Harris,user3395933@proton.com,+1-646-909-2276,Orlando,18,Active,Bronze,App Wallet,2019-07-02,2022-01-18,8,5.0,English,Android,Social Media,No,0.47,Yes
2018465,Mason,Johnson,user2018465@proton.com,+1-362-138-4640,Chicago,42,Active,Silver,Credit Card,2022-03-28,2023-01-19,100,4.8,English,Android,Friend Referral,No,10.97,Yes
4919035,Jake,Anderson,user4919035@gmail.com,+1-693-452-7528,Los Angeles,26,Inactive,Silver,App Wallet,2022-09-05,2023-12-12,6,3.0,English,Android,Organic,Yes,0.62,Yes
7018475,Emily,Hill,user7018475@yahoo.com,+1-587-974-1599,Portland,52,Active,Gold,Debit Card,2022-06-23,2024-12-10,3,4.0,English,Android,Corporate Deal,No,0.56,Yes
1045626,Carlos,Thomas,user1045626@gmail.com,+1-273-727-3701,San Diego,29,Active,Bronze,App Wallet,2022-04-28,2022-07-06,6,4.7,Portuguese,iOS,Corporate Deal,No,0.46,Yes
8777067,Mohammed,Mitchell,user8777067@outlook.com,+1-333-417-5706,San Diego,76,Active,Bronze,Promo Credit,2022-05-28,2024-07-23,5,2.9,Arabic,Android,Corporate Deal,No,0.3,Yes
2730644,Riley,Allen,user2730644@yahoo.com,+1-670-375-4395,San Francisco,46,Active,Gold,Credit Card,2019-06-21,2020-07-14,4,3.7,Portuguese,Android,Organic,No,0.07,Yes
6007878,Mia,Garcia,user6007878@outlook.com,+1-311-917-9489,Chicago,20,Active,Silver,Credit Card,2023-01-17,2024-11-09,10,4.7,Arabic,iOS,Corporate Deal,No,0.87,Yes
6772661,Tom,Miller,user6772661@outlook.com,+1-643-474-9288,New York,20,Inactive,Bronze,App Wallet,2021-04-10,2023-06-08,10,3.7,English,iOS,Organic,No,0.41,Yes
5273751,Aria,Carter,user5273751@yahoo.com,+1-549-940-7385,Los Angeles,46,Active,Bronze,App Wallet,2022-07-03,2023-12-30,6,4.0,Spanish,iOS,App Store,Yes,5.05,Yes
9326888,Noah,Garcia,user9326888@yahoo.com,+1-387-689-7644,Dallas,67,Active,Bronze,Credit Card,2020-09-09,2024-11-15,2,3.5,Spanish,Android,Social Media,No,0.67,Yes
2708004,Liam,Young,user2708004@outlook.com,+1-733-332-2237,Miami,28,Active,Bronze,Credit Card,2021-10-21,2022-10-30,20,4.7,English,iOS,Corporate Deal,No,0.13,Yes
5967071,Elijah,Hill,user5967071@proton.com,+1-242-848-7865,Miami,38,Active,Silver,Credit Card,2022-01-16,2023-10-13,15,4.8,Korean,Web,Corporate Deal,No,0.97,Yes
9554749,Jake,Hall,user9554749@outlook.com,+1-665-231-4397,Miami,40,Active,Platinum,Debit Card,2023-04-04,2023-12-06,4,4.2,English,iOS,Ad Campaign,No,10.29,Yes
2093437,Mia,Scott,user2093437@proton.com,+1-357-938-5053,Detroit,39,Active,Bronze,Debit Card,2023-02-02,2023-11-19,2,4.6,English,Android,Social Media,No,0.81,No
5353405,Elijah,Wilson,user5353405@yahoo.com,+1-690-568-1347,San Francisco,33,Active,Bronze,App Wallet,2022-09-07,2024-06-16,8,4.1,Spanish,Web,Social Media,No,0.04,Yes
2895197,Lisa,Nguyen,user2895197@gmail.com,+1-554-103-5309,Dallas,39,Active,Platinum,Credit Card,2022-01-21,2022-04-17,6,3.0,French,Android,Ad Campaign,No,0.1,Yes
5269164,Lucas,King,user5269164@gmail.com,+1-950-385-1602,New York,33,Active,Platinum,Credit Card,2022-08-17,2024-03-08,3,2.6,Mandarin,Android,Friend Referral,No,0.84,No
2726001,James,Jones,user2726001@outlook.com,+1-827-114-5513,Phoenix,29,Active,Bronze,App Wallet,2022-12-28,2023-03-08,3,2.8,English,iOS,Friend Referral,No,0.38,Yes
7281828,Riley,Rodriguez,user7281828@outlook.com,+1-593-558-6936,Dallas,66,Inactive,Diamond,Promo Credit,2022-04-27,2024-01-12,30,3.4,Portuguese,Android,Corporate Deal,No,10.2,Yes
9822227,Wei,Lee,user9822227@gmail.com,+1-634-966-5405,Miami,52,Active,Gold,Credit Card,2020-01-18,2023-01-24,5,4.1,Portuguese,iOS,Social Media,No,10.66,Yes
5992104,Isabella,Wilson,user5992104@gmail.com,+1-543-340-9209,New York,18,Active,Platinum,App Wallet,2022-12-05,2024-04-22,50,3.9,English,Android,App Store,No,0.94,No
8924147,Zoe,Hill,user8924147@yahoo.com,+1-646-478-8356,Denver,30,Active,Diamond,Debit Card,2019-11-26,2021-10-15,4,3.3,English,Android,Organic,No,10.14,Yes
7351129,Chloe,Martinez,user7351129@gmail.com,+1-449-678-8348,San Diego,25,Active,Bronze,Credit Card,2020-07-21,2023-02-01,6,4.1,Hindi,Web,App Store,No,0.07,Yes
1185446,Tom,Jones,user1185446@outlook.com,+1-550-718-1044,Portland,59,Inactive,Silver,App Wallet,2020-05-14,2023-08-21,3,3.7,Portuguese,Web,Corporate Deal,No,0.3,Yes
2897342,Mei,Nguyen,user2897342@yahoo.com,+1-407-999-1744,Nashville,30,Inactive,Bronze,App Wallet,2023-05-15,2024-02-21,20,3.2,English,iOS,Corporate Deal,No,0.23,Yes
3806856,Tom,Jackson,user3806856@yahoo.com,+1-458-451-7133,Chicago,38,Active,Gold,Debit Card,2022-11-20,2024-05-01,1,3.4,Spanish,iOS,Social Media,No,30.01,Yes
4918467,Noah,Rodriguez,user4918467@proton.com,+1-506-722-7225,Los Angeles,44,Suspended,Silver,Credit Card,2019-05-30,2019-06-29,75,3.2,English,Android,Social Media,No,5.76,Yes
4413665,Priya,Lee,user4413665@gmail.com,+1-675-587-3543,Detroit,75,Active,Silver,Credit Card,2022-06-15,2023-08-01,8,3.7,English,Android,Corporate Deal,Yes,15.0,Yes
8817326,Liam,Walker,user8817326@outlook.com,+1-363-942-6600,Los Angeles,70,Active,Silver,Crypto,2021-10-30,2023-06-21,4,3.7,English,iOS,Organic,No,0.64,Yes
2114853,Nina,Scott,user2114853@yahoo.com,+1-798-309-4868,Houston,45,Active,Bronze,App Wallet,2020-12-30,2022-05-05,3,3.9,English,iOS,Corporate Deal,No,0.03,Yes
3245585,Lisa,Smith,user3245585@yahoo.com,+1-799-495-4659,Los Angeles,20,Inactive,Platinum,Credit Card,2023-05-21,2024-06-17,6,2.7,Portuguese,iOS,Ad Campaign,No,0.54,No
3908067,Zoe,Martin,user3908067@yahoo.com,+1-300-963-9530,Los Angeles,68,Active,Gold,App Wallet,2021-12-06,2022-07-24,5,4.0,English,iOS,App Store,No,0.9,Yes
3434749,Kevin,Hall,user3434749@proton.com,+1-315-888-2089,Dallas,37,Active,Platinum,Credit Card,2019-05-30,2022-04-26,8,5.0,English,iOS,Corporate Deal,No,10.07,Yes
9296165,Emma,King,user9296165@proton.com,+1-718-135-1637,Atlanta,39,Active,Silver,Credit Card,2021-09-09,2024-07-06,2,4.5,English,Web,Organic,No,0.23,No
9491781,Grayson,Torres,user9491781@proton.com,+1-532-226-4350,Miami,31,Active,Bronze,App Wallet,2019-04-30,2019-05-10,5,2.6,English,iOS,App Store,Yes,10.6,Yes
5566704,Ethan,Green,user5566704@yahoo.com,+1-690-860-7646,Austin,38,Active,Gold,Credit Card,2021-09-29,2023-04-30,20,4.8,English,iOS,Ad Campaign,No,50.17,Yes
9938970,Jackson,Miller,user9938970@yahoo.com,+1-796-543-9459,San Francisco,24,Active,Gold,Promo Credit,2022-06-20,2022-07-06,6,3.0,French,Android,Ad Campaign,Yes,0.75,Yes
9128820,Diana,Allen,user9128820@outlook.com,+1-500-215-4877,Houston,34,Inactive,Diamond,Promo Credit,2022-08-22,2023-06-02,4,4.2,English,iOS,App Store,No,0.37,Yes
9133338,David,White,user9133338@gmail.com,+1-437-782-2312,Dallas,31,Active,Bronze,Credit Card,2022-05-28,2023-12-08,8,4.6,English,iOS,Organic,No,0.77,Yes
9837936,Yuki,Jones,user9837936@proton.com,+1-468-481-9713,Las Vegas,65,Active,Gold,Debit Card,2019-05-04,2023-11-29,15,4.2,Portuguese,iOS,Ad Campaign,No,50.08,Yes
4696739,Aria,Nelson,user4696739@outlook.com,+1-564-224-9797,Detroit,24,Active,Bronze,Credit Card,2019-09-23,2022-04-03,30,2.6,English,iOS,Social Media,No,0.74,Yes
4191394,Grayson,Scott,user4191394@outlook.com,+1-302-286-6524,San Francisco,37,Inactive,Gold,Credit Card,2019-04-11,2024-11-07,8,3.1,English,Android,Organic,No,0.49,Yes
5637705,Aiden,Clark,user5637705@yahoo.com,+1-283-321-5650,Detroit,26,Inactive,Silver,App Wallet,2020-05-16,2023-01-29,75,3.6,Korean,Android,Organic,Yes,0.42,Yes
9104596,Oscar,Taylor,user9104596@gmail.com,+1-988-374-2378,Miami,44,Inactive,Bronze,Debit Card,2020-09-15,2022-12-06,6,2.6,French,Android,Friend Referral,No,0.02,No
8011453,Fatima,Taylor,user8011453@yahoo.com,+1-675-405-8138,New York,51,Suspended,Silver,Credit Card,2020-01-11,2024-06-28,50,3.6,English,iOS,App Store,No,0.02,Yes
7668838,James,Nelson,user7668838@yahoo.com,+1-258-916-7786,San Francisco,33,Active,Platinum,Credit Card,2020-10-26,2023-08-05,20,4.8,English,Android,Corporate Deal,Yes,15.78,No
7107039,Sofia,Hill,user7107039@proton.com,+1-316-638-8982,Orlando,35,Active,Bronze,Debit Card,2022-04-16,2022-08-30,4,4.7,English,iOS,Social Media,No,10.54,No
8748358,James,Lewis,user8748358@yahoo.com,+1-451-724-4282,New York,59,Active,Gold,Promo Credit,2020-01-01,2020-12-16,4,3.3,English,Android,Friend Referral,No,50.8,Yes
9825329,Priya,Moore,user9825329@proton.com,+1-576-658-9844,New York,33,Active,Bronze,Credit Card,2020-07-30,2022-04-23,10,3.0,Arabic,Android,Ad Campaign,No,0.14,Yes
4100874,Elijah,Garcia,user4100874@proton.com,+1-966-508-1540,Orlando,34,Active,Bronze,Debit Card,2023-01-11,2024-08-04,6,4.2,English,Android,App Store,No,0.94,Yes
6780896,Aria,King,user6780896@yahoo.com,+1-445-559-7109,Chicago,47,Suspended,Silver,Credit Card,2023-02-09,2024-06-04,15,3.5,Mandarin,iOS,Friend Referral,No,0.38,Yes
6833333,Aisha,Torres,user6833333@proton.com,+1-648-113-2394,San Francisco,30,Active,Diamond,Credit Card,2022-08-27,2024-11-06,8,4.6,Portuguese,Android,Ad Campaign,Yes,0.48,Yes
4131933,Oscar,King,user4131933@yahoo.com,+1-629-187-9675,Phoenix,35,Active,Bronze,Promo Credit,2022-09-15,2024-12-25,75,3.6,Spanish,iOS,Friend Referral,No,0.67,Yes
9236828,Mohammed,Flores,user9236828@proton.com,+1-363-537-9381,New York,41,Inactive,Gold,Corporate,2021-02-17,2024-11-29,8,4.0,English,iOS,Ad Campaign,No,0.57,Yes
3316943,Zoe,Williams,user3316943@outlook.com,+1-858-806-7665,New York,22,Active,Bronze,Debit Card,2021-09-06,2024-05-23,4,5.0,Spanish,iOS,Friend Referral,No,0.87,Yes
4696787,Zoe,Scott,user4696787@proton.com,+1-355-722-9843,New York,46,Active,Diamond,Credit Card,2020-01-21,2021-10-25,4,3.4,Portuguese,iOS,App Store,No,0.75,Yes
8774407,Sofia,Wright,user8774407@gmail.com,+1-601-303-3889,Los Angeles,59,Active,Bronze,Debit Card,2019-03-29,2021-09-21,30,3.6,English,iOS,Organic,No,0.23,Yes
4223996,Oscar,Harris,user4223996@yahoo.com,+1-376-514-2008,Phoenix,39,Pending Verification,Bronze,App Wallet,2022-09-13,2024-11-28,10,3.2,English,Android,Social Media,Yes,50.93,Yes
5965106,Fatima,Thomas,user5965106@yahoo.com,+1-309-538-7428,Houston,36,Active,Bronze,App Wallet,2023-04-10,2023-10-27,6,4.3,English,iOS,Ad Campaign,No,0.98,Yes
4907810,Zoe,Martinez,user4907810@yahoo.com,+1-220-740-5869,Phoenix,57,Suspended,Platinum,Credit Card,2021-01-14,2023-04-21,1,3.0,English,iOS,Friend Referral,No,0.46,Yes
2556898,Isabella,Nelson,user2556898@yahoo.com,+1-249-742-6676,Detroit,69,Active,Silver,Credit Card,2021-06-01,2024-10-09,15,3.2,Portuguese,iOS,Ad Campaign,No,0.16,Yes
6577512,Carlos,Jackson,user6577512@outlook.com,+1-997-821-6396,Orlando,27,Suspended,Bronze,Debit Card,2020-11-27,2024-08-26,30,2.8,French,iOS,Ad Campaign,Yes,0.85,Yes
2752306,Kevin,Garcia,user2752306@proton.com,+1-338-258-4311,Orlando,61,Inactive,Gold,Credit Card,2019-07-16,2021-12-14,8,2.8,English,iOS,Social Media,No,5.64,Yes
1496733,Elijah,Martinez,user1496733@outlook.com,+1-913-514-5205,Dallas,63,Active,Gold,Credit Card,2019-11-24,2022-04-05,30,4.1,Spanish,iOS,Organic,No,0.91,Yes
7621880,Maria,Scott,user7621880@outlook.com,+1-396-639-9463,San Diego,38,Inactive,Gold,Corporate,2020-05-14,2022-02-11,4,2.6,English,Web,Ad Campaign,No,15.28,Yes
1805881,Ryan,Lee,user1805881@outlook.com,+1-910-317-5274,Austin,49,Active,Platinum,Credit Card,2020-03-13,2020-09-25,8,3.1,Spanish,iOS,Organic,Yes,0.13,Yes
1146384,James,Rodriguez,user1146384@outlook.com,+1-305-648-2928,Las Vegas,33,Inactive,Bronze,Promo Credit,2020-06-30,2024-11-16,75,3.4,English,Android,Social Media,No,30.43,Yes
2756240,Lily,Nelson,user2756240@proton.com,+1-529-304-8366,Houston,35,Active,Platinum,Debit Card,2020-02-15,2023-03-20,50,3.2,English,Android,Ad Campaign,No,0.74,No
1068030,Maria,Anderson,user1068030@gmail.com,+1-566-646-6627,Dallas,22,Active,Gold,App Wallet,2021-06-12,2021-12-11,15,4.1,English,Android,App Store,No,0.08,Yes
5971518,Diana,Wright,user5971518@outlook.com,+1-237-687-8742,New York,49,Inactive,Platinum,Credit Card,2020-12-18,2021-04-02,15,2.9,Spanish,Android,Social Media,No,0.43,Yes
6538304,Grayson,Harris,user6538304@proton.com,+1-291-339-9667,San Francisco,41,Active,Bronze,Credit Card,2023-04-25,2024-04-10,6,2.7,English,iOS,Social Media,No,0.43,Yes
1049396,Jackson,Scott,user1049396@yahoo.com,+1-496-179-4797,New York,27,Active,Silver,Credit Card,2021-01-07,2021-01-23,2,3.3,Spanish,iOS,App Store,No,10.6,Yes
3893521,Mia,Jones,user3893521@yahoo.com,+1-328-300-4474,Denver,38,Active,Gold,Credit Card,2022-05-14,2024-01-14,8,2.6,Spanish,iOS,Corporate Deal,No,0.71,Yes
1923552,Sarah,Flores,user1923552@proton.com,+1-240-889-9930,Nashville,30,Active,Bronze,Debit Card,2023-02-12,2024-02-19,8,3.8,English,Web,Friend Referral,Yes,0.15,Yes
4190823,Lily,Johnson,user4190823@yahoo.com,+1-613-945-8992,Dallas,26,Active,Bronze,Credit Card,2019-05-28,2024-01-05,6,3.2,Korean,iOS,App Store,Yes,0.83,Yes
7475358,Mohammed,Torres,user7475358@yahoo.com,+1-443-840-6601,San Francisco,34,Active,Bronze,Credit Card,2020-07-15,2023-01-03,3,3.5,English,Android,Corporate Deal,No,0.4,Yes
7482021,Ryan,Robinson,user7482021@proton.com,+1-475-745-2071,Phoenix,65,Active,Gold,Debit Card,2022-07-07,2024-06-10,10,4.1,Spanish,Android,Friend Referral,No,5.41,Yes
4421485,Carlos,Adams,user4421485@outlook.com,+1-960-229-4347,Detroit,21,Active,Bronze,App Wallet,2020-08-18,2022-11-08,6,4.0,Spanish,Android,Organic,No,0.15,Yes
6475600,Oscar,Flores,user6475600@yahoo.com,+1-865-470-2121,Las Vegas,37,Active,Bronze,Credit Card,2019-10-08,2022-09-04,30,3.2,English,iOS,Organic,No,30.72,Yes
8255185,Fatima,Hill,user8255185@proton.com,+1-506-584-1087,San Francisco,32,Active,Gold,Debit Card,2022-03-02,2023-06-27,15,4.0,French,iOS,Corporate Deal,No,5.84,Yes
7559837,Yuki,White,user7559837@outlook.com,+1-455-957-1613,Austin,36,Active,Gold,Credit Card,2019-05-05,2019-10-15,3,4.3,English,iOS,Social Media,No,0.79,Yes
3206091,Jackson,Anderson,user3206091@proton.com,+1-743-983-5235,San Diego,34,Active,Bronze,Promo Credit,2020-07-06,2021-04-16,8,4.8,Spanish,iOS,Ad Campaign,No,10.89,Yes
4166471,Oliver,Wilson,user4166471@gmail.com,+1-227-729-2675,Los Angeles,32,Active,Silver,App Wallet,2022-10-28,2024-03-23,6,2.6,English,Android,Ad Campaign,No,0.12,Yes
9609528,James,Thomas,user9609528@gmail.com,+1-728-896-4162,Orlando,18,Active,Silver,Debit Card,2021-07-05,2023-05-26,30,3.2,Portuguese,Android,Corporate Deal,No,10.13,Yes
2329054,James,Nelson,user2329054@yahoo.com,+1-850-811-5712,Phoenix,38,Active,Diamond,App Wallet,2023-05-30,2023-06-01,1,2.8,Korean,iOS,Corporate Deal,No,0.61,Yes
7919798,Zoe,Green,user7919798@gmail.com,+1-390-245-4068,New York,33,Active,Bronze,Credit Card,2021-03-17,2024-04-12,4,4.8,English,iOS,Social Media,Yes,50.17,Yes
2841269,Maria,Adams,user2841269@gmail.com,+1-830-654-6596,Minneapolis,73,Inactive,Bronze,Credit Card,2021-02-12,2023-12-09,6,3.4,English,Android,App Store,No,0.09,Yes
4091027,Mohammed,Jones,user4091027@outlook.com,+1-953-258-1832,Miami,45,Active,Silver,Crypto,2019-05-10,2019-08-07,15,4.4,English,Android,Friend Referral,No,0.1,Yes
1041744,Layla,Allen,user1041744@yahoo.com,+1-814-188-5580,Dallas,69,Active,Gold,Credit Card,2022-04-02,2023-11-25,8,3.5,English,iOS,Ad Campaign,No,0.35,Yes
1890486,Jackson,Allen,user1890486@outlook.com,+1-247-423-3950,New York,50,Inactive,Silver,Credit Card,2019-06-10,2021-01-27,30,3.5,Portuguese,iOS,App Store,No,5.34,Yes
2341588,James,Williams,user2341588@gmail.com,+1-363-818-1529,San Diego,28,Active,Silver,Credit Card,2021-10-10,2021-11-28,8,4.7,Portuguese,iOS,Ad Campaign,No,10.81,Yes
3698562,James,Nelson,user3698562@yahoo.com,+1-685-418-4453,Los Angeles,47,Suspended,Bronze,Promo Credit,2020-08-24,2022-11-18,100,3.0,English,iOS,Ad Campaign,No,0.26,Yes
9300503,Logan,White,user9300503@proton.com,+1-356-692-1405,Detroit,46,Active,Platinum,Promo Credit,2020-05-04,2021-04-08,10,3.9,English,iOS,Organic,No,0.91,Yes
2974906,Lucas,Wilson,user2974906@gmail.com,+1-642-947-5873,Portland,41,Active,Bronze,App Wallet,2020-08-14,2023-09-11,15,4.5,English,iOS,Ad Campaign,Yes,0.08,Yes
6240413,Layla,Martin,user6240413@outlook.com,+1-280-420-5598,New York,76,Active,Platinum,Debit Card,2020-01-21,2022-12-01,3,3.2,Spanish,Android,Corporate Deal,No,0.84,Yes
9938995,Liam,Flores,user9938995@proton.com,+1-313-554-7200,New York,33,Active,Gold,Debit Card,2023-05-19,2023-07-15,100,3.4,English,Android,Organic,No,0.79,Yes
1251372,Wei,Torres,user1251372@outlook.com,+1-968-400-5215,Chicago,53,Active,Silver,Debit Card,2019-11-14,2021-10-21,4,3.4,Spanish,iOS,Friend Referral,No,0.83,Yes
9787473,Mohammed,Scott,user9787473@gmail.com,+1-920-251-6321,Orlando,29,Suspended,Bronze,Debit Card,2021-06-27,2021-10-08,10,2.6,English,iOS,Organic,No,0.38,Yes
9446192,Mei,Young,user9446192@proton.com,+1-741-539-8687,New York,59,Pending Verification,Platinum,Credit Card,2019-04-08,2020-06-01,8,4.1,English,iOS,Corporate Deal,No,0.75,Yes
4042412,Andre,Flores,user4042412@gmail.com,+1-773-421-4210,Nashville,42,Active,Platinum,App Wallet,2023-03-16,2024-03-09,75,2.7,English,Android,Corporate Deal,No,10.47,Yes
6093024,Maria,Smith,user6093024@gmail.com,+1-537-160-2736,Atlanta,77,Active,Gold,Debit Card,2022-12-26,2024-01-23,8,4.0,Hindi,Android,Corporate Deal,No,0.4,Yes
5441429,Lily,Clark,user5441429@proton.com,+1-412-417-8941,Minneapolis,46,Active,Platinum,Debit Card,2021-05-27,2021-09-05,8,4.8,English,iOS,Organic,No,0.19,Yes
2330626,Mason,Robinson,user2330626@yahoo.com,+1-220-690-4345,San Francisco,35,Pending Verification,Bronze,Debit Card,2020-01-22,2022-12-30,3,4.0,English,Android,Friend Referral,No,0.41,Yes
1302107,Mason,Smith,user1302107@proton.com,+1-729-261-3471,New York,26,Active,Silver,Credit Card,2023-02-19,2024-11-01,20,3.8,English,Web,App Store,No,20.57,Yes
3660042,Chloe,Moore,user3660042@yahoo.com,+1-706-165-7644,Denver,33,Inactive,Bronze,App Wallet,2019-05-16,2022-09-10,8,2.9,English,iOS,Organic,No,0.13,Yes
2312990,Tom,Wilson,user2312990@gmail.com,+1-621-310-4891,Austin,35,Active,Silver,Credit Card,2021-02-22,2023-04-25,50,4.4,English,iOS,App Store,Yes,5.88,Yes
9293838,Lily,Nelson,user9293838@yahoo.com,+1-329-346-1553,Los Angeles,30,Active,Bronze,Crypto,2021-08-02,2021-10-21,20,4.4,Spanish,Android,Friend Referral,No,50.3,Yes
9598116,Chloe,Thomas,user9598116@outlook.com,+1-278-755-5096,Boston,21,Pending Verification,Bronze,App Wallet,2023-05-08,2023-12-27,3,4.1,English,Android,Corporate Deal,No,0.55,Yes
5303581,Priya,Davis,user5303581@proton.com,+1-590-424-5897,Miami,74,Active,Silver,App Wallet,2021-06-19,2022-07-23,4,3.2,English,Android,Ad Campaign,No,0.23,Yes
6015845,Noah,Carter,user6015845@outlook.com,+1-492-842-2503,Phoenix,51,Active,Gold,App Wallet,2021-05-15,2024-02-18,10,3.5,Spanish,iOS,Corporate Deal,No,30.03,Yes
7794562,Mason,Martin,user7794562@gmail.com,+1-991-930-9167,Portland,34,Active,Diamond,Debit Card,2022-08-06,2024-06-30,2,4.0,Spanish,iOS,Friend Referral,No,0.25,Yes
7693188,Grayson,Allen,user7693188@gmail.com,+1-765-584-1823,Detroit,33,Inactive,Bronze,Promo Credit,2020-10-18,2022-11-08,5,3.4,Korean,iOS,Corporate Deal,No,0.57,Yes
1024650,Tom,Anderson,user1024650@proton.com,+1-411-382-2509,Atlanta,36,Suspended,Bronze,Credit Card,2020-05-14,2024-02-28,3,4.0,Mandarin,Web,Social Media,No,5.37,Yes
6194372,Noah,King,user6194372@proton.com,+1-409-281-8090,Dallas,37,Active,Bronze,Credit Card,2021-05-03,2022-02-13,6,4.1,English,iOS,Social Media,No,0.64,Yes
1909414,Noah,Brown,user1909414@proton.com,+1-276-439-9238,Chicago,37,Active,Gold,Credit Card,2023-04-10,2024-06-19,2,3.7,Spanish,Android,App Store,No,50.08,Yes
8324564,Zoe,Johnson,user8324564@proton.com,+1-339-815-7132,Los Angeles,61,Active,Bronze,Credit Card,2022-02-28,2022-09-02,15,4.5,Spanish,Android,App Store,No,0.14,Yes
1541331,Mohammed,Lewis,user1541331@outlook.com,+1-501-253-6397,Houston,33,Active,Silver,Credit Card,2022-06-07,2023-01-28,0,,Arabic,Android,Ad Campaign,No,0.59,Yes
6074794,Fatima,Martin,user6074794@yahoo.com,+1-492-918-8937,San Diego,34,Active,Bronze,Credit Card,2020-06-05,2021-07-29,10,4.6,English,iOS,Social Media,No,0.98,Yes
3052680,Yuki,Davis,user3052680@proton.com,+1-512-980-2150,San Francisco,30,Active,Platinum,App Wallet,2021-04-06,2022-05-14,2,3.2,English,Android,Friend Referral,No,30.92,Yes
6988183,Sarah,Taylor,user6988183@gmail.com,+1-506-405-8963,Austin,41,Active,Silver,Credit Card,2020-01-09,2021-07-14,6,3.9,Mandarin,Android,Ad Campaign,No,0.09,Yes
1749511,Wei,Jones,user1749511@outlook.com,+1-436-826-1143,Chicago,38,Pending Verification,Platinum,Credit Card,2019-01-03,2021-05-30,3,4.2,Mandarin,Android,App Store,Yes,0.45,Yes
3507547,James,Scott,user3507547@outlook.com,+1-376-701-7971,San Francisco,26,Active,Gold,Debit Card,2021-03-01,2023-05-01,3,2.9,Spanish,iOS,Ad Campaign,No,30.32,Yes
9708117,Layla,Torres,user9708117@gmail.com,+1-880-736-3478,Portland,41,Active,Bronze,Credit Card,2023-04-15,2024-07-22,0,,English,Android,Corporate Deal,No,0.68,Yes
9986878,Oscar,Hall,user9986878@outlook.com,+1-528-408-9683,Atlanta,38,Pending Verification,Bronze,Debit Card,2022-12-20,2024-04-18,5,2.5,English,Android,Friend Referral,No,50.33,Yes
2387570,James,Lee,user2387570@gmail.com,+1-746-802-2425,San Francisco,29,Active,Silver,Corporate,2020-09-15,2023-08-07,3,4.8,Mandarin,iOS,App Store,No,0.47,Yes
8421707,Mason,Taylor,user8421707@proton.com,+1-638-192-2643,Los Angeles,40,Active,Platinum,Corporate,2019-04-06,2020-12-25,10,2.9,English,Android,Ad Campaign,No,5.83,Yes
4655294,Riley,Rodriguez,user4655294@gmail.com,+1-651-255-4961,New York,46,Active,Gold,Corporate,2019-05-14,2023-01-29,3,3.4,Spanish,Android,Friend Referral,No,0.54,Yes
6753531,Wei,Green,user6753531@proton.com,+1-204-397-9103,Miami,60,Inactive,Bronze,Credit Card,2021-05-21,2022-06-30,100,3.9,English,Android,App Store,No,0.29,Yes
4768549,Andre,Williams,user4768549@gmail.com,+1-732-379-9166,New York,29,Inactive,Gold,App Wallet,2019-05-01,2024-04-03,5,3.1,English,iOS,Friend Referral,Yes,5.27,Yes
1623963,Noah,Adams,user1623963@proton.com,+1-471-248-1773,Miami,39,Active,Silver,Credit Card,2023-01-27,2024-09-30,15,4.2,Spanish,iOS,App Store,No,0.44,No
1852921,Nina,Rodriguez,user1852921@proton.com,+1-217-654-1477,Chicago,37,Active,Bronze,Credit Card,2019-08-05,2021-11-15,3,4.0,Spanish,iOS,Organic,Yes,0.49,Yes
9058452,Mohammed,Williams,user9058452@yahoo.com,+1-974-635-4018,Seattle,22,Inactive,Bronze,App Wallet,2021-08-28,2024-07-03,5,3.9,Mandarin,Android,Corporate Deal,No,0.68,No
8181602,Jake,Jones,user8181602@yahoo.com,+1-694-846-9666,Los Angeles,21,Inactive,Platinum,Credit Card,2022-08-29,2023-11-11,8,4.5,Mandarin,iOS,Ad Campaign,No,0.21,Yes
6989795,Mei,Jackson,user6989795@outlook.com,+1-419-348-2121,Los Angeles,31,Active,Bronze,Debit Card,2022-05-16,2023-01-02,4,3.4,Spanish,Android,Corporate Deal,Yes,0.54,Yes
3829597,Mason,Smith,user3829597@proton.com,+1-306-587-7760,Orlando,51,Active,Diamond,App Wallet,2019-10-30,2024-04-03,10,4.5,Arabic,iOS,App Store,No,0.43,Yes
7532896,Yuki,Davis,user7532896@gmail.com,+1-234-609-6105,San Francisco,66,Active,Gold,Corporate,2022-02-23,2023-08-30,10,4.2,English,iOS,Social Media,No,10.52,No
8096240,Isabella,King,user8096240@outlook.com,+1-418-920-8377,Minneapolis,42,Active,Silver,App Wallet,2022-08-05,2023-09-09,1,2.5,Mandarin,Web,Friend Referral,Yes,30.39,Yes
2661554,Lily,Garcia,user2661554@yahoo.com,+1-354-473-2956,San Francisco,20,Active,Platinum,App Wallet,2022-06-25,2024-10-04,75,3.0,English,Android,Organic,No,0.62,Yes
4860421,Ava,Nguyen,user4860421@outlook.com,+1-251-349-6202,Houston,30,Suspended,Bronze,Crypto,2019-05-07,2019-05-10,4,4.7,English,Android,Social Media,No,0.08,Yes
4204741,Carlos,Flores,user4204741@yahoo.com,+1-448-675-1236,Seattle,25,Inactive,Gold,Credit Card,2023-04-14,2024-07-05,1,4.5,English,Android,Organic,No,30.7,Yes
2446859,Lily,Garcia,user2446859@outlook.com,+1-830-655-2188,Houston,30,Active,Diamond,App Wallet,2019-07-07,2023-12-20,20,2.5,English,Android,Corporate Deal,No,0.77,Yes
4853456,Aiden,White,user4853456@proton.com,+1-388-680-1620,San Francisco,29,Active,Silver,Credit Card,2022-06-30,2023-04-10,50,3.6,English,iOS,Social Media,Yes,0.32,Yes
8476854,Logan,Torres,user8476854@yahoo.com,+1-761-710-3546,Detroit,41,Pending Verification,Bronze,App Wallet,2019-11-21,2023-03-09,2,2.8,English,Android,Social Media,No,0.39,Yes
5321622,Elijah,Brown,user5321622@outlook.com,+1-609-711-1105,Orlando,51,Active,Bronze,Credit Card,2021-08-26,2024-08-19,8,5.0,English,iOS,Ad Campaign,No,10.51,Yes
5955939,Andre,Wright,user5955939@proton.com,+1-753-657-9987,San Diego,36,Active,Bronze,Credit Card,2023-03-18,2024-01-13,30,3.3,English,iOS,Friend Referral,No,5.71,Yes
1818979,Yuki,Davis,user1818979@gmail.com,+1-883-422-1408,Phoenix,47,Active,Silver,App Wallet,2019-12-21,2022-03-19,4,4.3,English,Android,Organic,No,0.04,Yes
2452885,Oscar,Williams,user2452885@outlook.com,+1-331-109-1152,Chicago,38,Active,Gold,Credit Card,2022-10-01,2022-11-08,4,4.6,English,Android,Friend Referral,No,5.48,No
3487906,Nina,Nelson,user3487906@yahoo.com,+1-856-247-4719,Houston,26,Active,Platinum,Credit Card,2020-02-20,2024-07-27,6,3.9,Mandarin,Android,Social Media,No,15.58,Yes
5528144,Sofia,Lee,user5528144@yahoo.com,+1-386-622-6982,Denver,41,Active,Bronze,Credit Card,2019-05-03,2022-10-23,6,2.8,Mandarin,iOS,App Store,No,10.55,Yes
7800385,Riley,Baker,user7800385@outlook.com,+1-920-811-2778,Dallas,36,Active,Diamond,App Wallet,2019-06-18,2023-06-24,8,4.1,Arabic,Android,Organic,No,20.91,Yes
3776354,Aisha,Johnson,user3776354@outlook.com,+1-439-546-4736,Austin,43,Active,Platinum,Promo Credit,2020-01-03,2023-09-13,1,2.6,English,Android,Ad Campaign,No,0.81,Yes
5682371,Wei,Martinez,user5682371@gmail.com,+1-338-604-2558,Los Angeles,24,Active,Silver,App Wallet,2020-10-02,2021-03-27,2,4.1,Mandarin,Android,Social Media,No,5.84,No
7467075,Jackson,Miller,user7467075@gmail.com,+1-564-135-3782,Orlando,24,Active,Bronze,Debit Card,2020-05-16,2021-01-10,8,4.5,Hindi,Android,App Store,No,5.24,Yes
1072112,Maria,Carter,user1072112@proton.com,+1-913-938-8379,Atlanta,23,Active,Bronze,Credit Card,2020-09-01,2022-07-18,6,3.2,English,iOS,Corporate Deal,No,10.64,Yes
1803258,Priya,Robinson,user1803258@proton.com,+1-472-618-1653,Los Angeles,28,Active,Silver,Debit Card,2021-04-18,2022-07-19,1,3.0,Portuguese,iOS,Social Media,No,0.46,Yes
8446781,Lucas,Harris,user8446781@gmail.com,+1-863-554-9531,San Francisco,56,Inactive,Bronze,Promo Credit,2019-05-19,2019-09-16,15,3.8,Mandarin,iOS,Friend Referral,No,0.25,Yes
5412313,Aria,Carter,user5412313@gmail.com,+1-669-862-9467,Portland,27,Active,Bronze,Debit Card,2019-02-22,2020-01-02,6,3.8,Hindi,Android,Friend Referral,No,15.21,Yes
2546671,Yuki,Martinez,user2546671@outlook.com,+1-796-718-4219,Seattle,31,Active,Bronze,Credit Card,2020-07-16,2022-12-13,6,3.9,English,Android,App Store,No,15.1,Yes
6262151,Andre,Mitchell,user6262151@yahoo.com,+1-501-195-5550,Austin,29,Active,Bronze,Credit Card,2020-03-20,2021-02-24,3,3.0,English,iOS,Friend Referral,No,0.11,Yes
6030416,Aria,Anderson,user6030416@gmail.com,+1-496-545-7652,Orlando,31,Inactive,Bronze,Credit Card,2022-11-28,2024-05-02,100,2.7,Arabic,iOS,Corporate Deal,No,0.67,Yes
5022893,Oliver,Baker,user5022893@yahoo.com,+1-857-470-7631,Boston,32,Active,Silver,Debit Card,2022-08-09,2022-09-13,75,4.1,Arabic,iOS,Corporate Deal,No,20.02,Yes
4786259,Aisha,Martin,user4786259@yahoo.com,+1-454-633-8049,Minneapolis,46,Active,Platinum,Credit Card,2022-03-06,2024-08-25,15,3.3,English,iOS,Ad Campaign,No,30.59,Yes
9087326,Mei,Robinson,user9087326@proton.com,+1-482-409-1584,New York,53,Inactive,Bronze,App Wallet,2020-07-02,2023-05-17,1,3.8,English,iOS,Ad Campaign,Yes,0.47,Yes
6044881,Nina,Clark,user6044881@yahoo.com,+1-683-846-5470,Chicago,23,Active,Gold,Credit Card,2020-09-14,2021-12-18,1,4.1,English,iOS,Friend Referral,No,30.63,Yes
9612923,Layla,Harris,user9612923@yahoo.com,+1-564-812-1545,Los Angeles,39,Pending Verification,Silver,App Wallet,2022-05-24,2023-02-11,5,3.4,Arabic,Android,App Store,Yes,5.6,Yes
2224818,Ethan,Harris,user2224818@outlook.com,+1-418-243-1189,Austin,29,Active,Bronze,App Wallet,2021-09-09,2021-10-27,2,3.8,Hindi,iOS,Ad Campaign,No,0.77,Yes
6424540,Zoe,Taylor,user6424540@yahoo.com,+1-801-489-5248,Atlanta,38,Active,Bronze,Credit Card,2022-03-25,2023-07-27,4,2.7,English,Android,Corporate Deal,No,0.36,Yes
8764565,Riley,Robinson,user8764565@proton.com,+1-602-970-9473,Houston,36,Active,Bronze,Debit Card,2019-08-05,2020-02-22,75,2.8,English,Android,Corporate Deal,No,30.1,Yes
2069790,Kevin,Jackson,user2069790@outlook.com,+1-907-406-9905,Detroit,42,Active,Platinum,Debit Card,2021-03-31,2021-12-18,4,4.3,English,Web,Friend Referral,Yes,0.69,Yes
9942022,Mohammed,Smith,user9942022@outlook.com,+1-256-508-1535,Seattle,26,Active,Silver,Credit Card,2023-02-18,2023-03-16,15,2.9,English,Android,Organic,No,0.69,Yes
5091123,Aisha,Carter,user5091123@outlook.com,+1-557-705-6816,San Francisco,30,Active,Bronze,Credit Card,2020-12-19,2023-12-07,5,4.5,English,Android,Corporate Deal,No,5.95,No
8937280,Nina,Johnson,user8937280@outlook.com,+1-846-767-2643,Chicago,29,Active,Bronze,Debit Card,2023-04-28,2024-06-26,5,3.9,Hindi,iOS,Social Media,No,20.84,Yes
3978002,Wei,Baker,user3978002@gmail.com,+1-990-872-1029,New York,37,Active,Bronze,Debit Card,2022-10-04,2023-02-09,15,4.9,English,iOS,Friend Referral,No,0.47,Yes
6229971,Noah,Nelson,user6229971@proton.com,+1-245-684-4747,Orlando,25,Active,Bronze,Credit Card,2022-11-29,2023-05-17,15,2.6,English,iOS,Organic,Yes,0.49,Yes
9314403,Fatima,Torres,user9314403@gmail.com,+1-917-783-6428,Portland,34,Active,Bronze,Credit Card,2022-06-07,2024-05-23,4,4.0,English,Android,Corporate Deal,No,30.19,Yes
1319263,Maria,Wright,user1319263@yahoo.com,+1-467-526-5771,Atlanta,61,Active,Diamond,App Wallet,2022-05-04,2023-07-15,20,2.9,Mandarin,Android,Friend Referral,No,0.1,Yes
8128125,Oliver,King,user8128125@yahoo.com,+1-218-654-4870,New York,22,Active,Bronze,Credit Card,2019-12-18,2020-06-29,30,3.8,Portuguese,Android,Corporate Deal,No,5.63,Yes
8207358,Mason,Williams,user8207358@yahoo.com,+1-375-491-8922,Dallas,30,Active,Silver,App Wallet,2019-01-06,2020-08-12,100,4.7,English,iOS,Ad Campaign,No,15.14,No
3004394,Andre,Garcia,user3004394@outlook.com,+1-365-882-1175,San Francisco,68,Active,Silver,App Wallet,2021-01-01,2023-09-18,1,4.6,English,iOS,Social Media,No,20.21,Yes
3421939,Andre,Adams,user3421939@proton.com,+1-593-767-5829,Seattle,24,Inactive,Bronze,Credit Card,2022-02-20,2023-12-22,3,4.1,English,iOS,App Store,No,10.42,Yes
4429318,Fatima,Mitchell,user4429318@proton.com,+1-546-216-9112,Houston,33,Active,Gold,Corporate,2023-04-12,2024-02-09,100,4.4,Korean,iOS,Organic,No,0.12,No
5019962,Oliver,Flores,user5019962@proton.com,+1-333-215-4773,Phoenix,28,Active,Bronze,Crypto,2020-07-20,2023-06-25,20,4.7,Mandarin,iOS,Ad Campaign,No,0.61,Yes
8850791,Carlos,Rodriguez,user8850791@proton.com,+1-987-392-4302,Portland,43,Active,Gold,Debit Card,2019-01-22,2019-06-18,15,3.9,English,Android,Corporate Deal,No,0.62,Yes
4555656,James,King,user4555656@gmail.com,+1-974-455-1036,Orlando,47,Active,Bronze,App Wallet,2021-02-02,2023-09-02,30,4.0,English,iOS,Organic,No,0.58,Yes
2320114,Aisha,Lee,user2320114@proton.com,+1-332-858-9198,Los Angeles,32,Suspended,Silver,App Wallet,2019-01-12,2021-10-17,15,3.2,English,iOS,Organic,Yes,0.55,Yes
5944396,Nina,Carter,user5944396@yahoo.com,+1-791-980-2548,New York,29,Pending Verification,Bronze,Promo Credit,2022-04-09,2024-04-21,75,2.7,English,Web,App Store,No,0.09,Yes
4317483,Mia,Jones,user4317483@proton.com,+1-668-557-4009,San Francisco,23,Active,Bronze,App Wallet,2022-12-23,2023-05-26,2,3.5,English,Android,Organic,No,0.83,Yes
8130489,Carlos,Martinez,user8130489@proton.com,+1-813-268-1437,Austin,20,Active,Silver,App Wallet,2019-08-22,2024-08-28,30,3.8,English,iOS,Social Media,No,5.13,Yes
5554302,Liam,Scott,user5554302@gmail.com,+1-921-174-8114,Houston,26,Active,Bronze,Credit Card,2022-08-26,2024-05-01,3,3.5,English,Android,Ad Campaign,No,0.41,Yes
5987882,Nina,Adams,user5987882@outlook.com,+1-576-513-9506,Los Angeles,39,Active,Silver,App Wallet,2021-06-20,2022-07-31,10,3.0,Spanish,Android,Organic,No,15.62,Yes
4848096,Chloe,Baker,user4848096@outlook.com,+1-583-990-8767,New York,51,Active,Platinum,Corporate,2022-03-19,2023-09-30,2,2.6,Spanish,Android,App Store,Yes,0.51,Yes
8918613,Yuki,Anderson,user8918613@outlook.com,+1-737-736-7015,Phoenix,72,Pending Verification,Bronze,Debit Card,2022-08-31,2024-09-25,5,3.5,English,iOS,Ad Campaign,No,0.5,Yes
2815120,Mason,Hall,user2815120@yahoo.com,+1-590-685-5942,San Francisco,30,Active,Silver,Credit Card,2019-01-27,2020-10-02,3,3.9,English,iOS,Corporate Deal,No,0.88,Yes
1414612,Kevin,Hall,user1414612@outlook.com,+1-399-473-3851,Austin,30,Active,Gold,Credit Card,2021-11-08,2024-01-12,3,2.6,English,iOS,Corporate Deal,No,0.58,No
7394327,Jake,Miller,user7394327@proton.com,+1-972-189-5608,Los Angeles,44,Suspended,Diamond,Debit Card,2021-02-23,2023-10-21,10,4.2,English,iOS,Organic,No,0.6,Yes
4108332,Sarah,Martin,user4108332@gmail.com,+1-606-821-9966,Nashville,39,Active,Diamond,Credit Card,2023-05-27,2024-07-23,20,3.4,Korean,iOS,App Store,No,0.87,No
1848975,Sarah,Mitchell,user1848975@gmail.com,+1-223-662-5724,Boston,20,Active,Bronze,App Wallet,2021-07-11,2024-05-02,50,3.8,English,Android,Ad Campaign,No,0.15,Yes
3071343,Mohammed,Miller,user3071343@proton.com,+1-495-500-8968,Denver,53,Suspended,Gold,Debit Card,2021-04-15,2024-05-29,15,4.9,Portuguese,Android,Corporate Deal,No,10.45,No
7138397,Zoe,Miller,user7138397@yahoo.com,+1-948-368-2654,Orlando,31,Active,Silver,Credit Card,2021-04-30,2024-10-07,5,4.7,Spanish,Android,Corporate Deal,Yes,5.59,Yes
3507798,James,Clark,user3507798@yahoo.com,+1-594-745-6161,San Diego,36,Active,Bronze,Debit Card,2021-03-23,2021-12-21,30,4.2,Mandarin,Android,Organic,No,5.82,Yes
7541257,Andre,Smith,user7541257@proton.com,+1-928-105-5823,San Francisco,56,Active,Silver,Debit Card,2020-07-02,2021-12-24,1,3.0,English,Android,Corporate Deal,No,0.05,Yes
1791863,Emma,Hall,user1791863@yahoo.com,+1-416-256-9531,Seattle,33,Active,Gold,Credit Card,2021-10-23,2022-02-12,8,3.1,Spanish,iOS,Social Media,No,0.68,Yes
6980745,Priya,Taylor,user6980745@outlook.com,+1-841-931-6941,San Francisco,31,Active,Platinum,App Wallet,2022-07-02,2023-12-11,2,4.5,English,Android,Social Media,Yes,0.09,Yes
9434228,Oliver,Nelson,user9434228@outlook.com,+1-638-920-6441,Nashville,61,Active,Diamond,Credit Card,2020-11-02,2021-01-19,2,4.4,English,Android,Organic,No,50.27,Yes
1921981,Aisha,Moore,user1921981@gmail.com,+1-982-152-3566,Los Angeles,42,Active,Gold,Credit Card,2020-11-14,2024-10-13,5,4.8,English,iOS,Friend Referral,No,0.05,Yes
3583384,Isabella,Walker,user3583384@gmail.com,+1-292-772-6282,Minneapolis,25,Active,Bronze,Promo Credit,2020-11-05,2020-12-01,5,4.4,Mandarin,iOS,App Store,No,10.3,Yes
2563317,Ava,Rodriguez,user2563317@gmail.com,+1-774-747-9289,Phoenix,33,Suspended,Bronze,App Wallet,2022-04-07,2022-06-24,4,3.8,English,Android,Organic,Yes,0.26,Yes
5599458,David,Davis,user5599458@yahoo.com,+1-939-500-3232,Boston,36,Active,Silver,Credit Card,2023-01-04,2023-11-11,30,4.6,English,iOS,Organic,No,0.37,Yes
7689696,Diana,Green,user7689696@gmail.com,+1-206-901-2816,Los Angeles,18,Active,Bronze,Promo Credit,2021-06-11,2024-05-08,150,4.6,Portuguese,iOS,App Store,Yes,0.59,Yes
1604902,James,Robinson,user1604902@yahoo.com,+1-293-925-8697,Boston,40,Active,Gold,App Wallet,2023-03-04,2024-01-12,5,4.3,English,Android,Ad Campaign,No,5.17,Yes
9005502,Mei,Taylor,user9005502@proton.com,+1-814-427-3184,New York,65,Active,Platinum,App Wallet,2022-04-20,2024-08-03,5,3.6,Spanish,iOS,Organic,No,10.61,Yes
3441581,Mohammed,Young,user3441581@yahoo.com,+1-540-911-3123,Dallas,42,Active,Bronze,Credit Card,2021-03-30,2024-09-23,15,3.1,English,Android,Friend Referral,No,15.37,Yes
6334003,Emily,Williams,user6334003@proton.com,+1-861-486-3790,Miami,40,Active,Bronze,Credit Card,2019-08-28,2020-04-16,6,4.7,English,iOS,Organic,Yes,0.03,No
8824155,Ava,Carter,user8824155@gmail.com,+1-629-476-4450,Houston,18,Pending Verification,Silver,Debit Card,2019-09-08,2022-01-24,5,4.6,English,iOS,Ad Campaign,No,5.85,Yes
2723882,Priya,Walker,user2723882@proton.com,+1-245-790-1779,San Diego,21,Active,Bronze,Credit Card,2019-12-08,2024-03-12,5,3.6,English,iOS,App Store,No,0.01,Yes
6676234,Jackson,Lee,user6676234@proton.com,+1-214-114-7596,Austin,41,Suspended,Silver,Credit Card,2022-04-12,2022-04-21,150,3.2,English,iOS,Organic,No,0.12,Yes
7229699,Lily,Rodriguez,user7229699@yahoo.com,+1-977-395-5083,Atlanta,20,Active,Gold,Credit Card,2020-02-25,2020-05-30,3,3.2,English,iOS,Ad Campaign,No,0.84,Yes
5507189,Lucas,Moore,user5507189@proton.com,+1-728-631-5903,San Diego,45,Active,Gold,Credit Card,2019-07-13,2020-08-25,6,2.9,Arabic,iOS,Friend Referral,Yes,0.21,Yes
6982677,Aisha,Miller,user6982677@yahoo.com,+1-711-300-1533,Denver,31,Active,Bronze,Credit Card,2019-05-16,2023-09-18,5,4.9,English,iOS,Friend Referral,No,0.63,Yes
1569122,Lucas,Williams,user1569122@gmail.com,+1-731-143-7997,San Francisco,45,Pending Verification,Silver,Credit Card,2019-09-01,2023-04-05,3,4.5,Arabic,iOS,Corporate Deal,No,0.26,Yes
7765615,Ava,Clark,user7765615@outlook.com,+1-420-629-8078,Houston,24,Active,Bronze,App Wallet,2019-07-24,2024-05-23,8,3.7,English,iOS,Social Media,No,0.06,Yes
1321608,Wei,Miller,user1321608@gmail.com,+1-503-845-6754,Detroit,28,Active,Bronze,Credit Card,2023-04-03,2024-06-19,4,4.0,Mandarin,iOS,Social Media,No,5.76,Yes
2531646,Jackson,Moore,user2531646@proton.com,+1-929-690-6431,New York,33,Active,Platinum,App Wallet,2020-06-08,2022-02-07,8,3.8,English,iOS,Friend Referral,No,5.91,No
3942057,Mei,King,user3942057@proton.com,+1-386-401-9026,Houston,25,Active,Silver,App Wallet,2020-02-08,2024-07-31,20,3.3,Mandarin,Android,Friend Referral,No,0.86,Yes
9991806,Kevin,Davis,user9991806@outlook.com,+1-887-460-6875,San Francisco,20,Active,Gold,App Wallet,2019-08-18,2023-12-07,100,2.5,Arabic,iOS,Ad Campaign,No,5.42,No
